205479826,东南大学主要是游览四牌楼的校区，校区内建筑主要以欧洲文艺复兴式建筑风格，也是众多影视剧的取景地，大礼堂和涌泉池是电影《致青春》的取景地，大礼堂标志性的穹顶轻易辨识出来的。,/Date(1651804050000+0800)/,0
3305214,东南大学是国家教育部直属并与江苏省共建的全国重点大学，是国家“985工程”和“211工程”重点建设大学之一。2017年，东南大学入选世界一流大学建设A类高校名单。&#x0A;&#x0A;东南大学始建于1902年的三江师范学堂，在近120年的办学历程中，东南大学始终心怀天下、心系祖国，为科学进步、民族复兴而自强不息、追求卓越，逐步形成了“严谨、求实、团结、奋进”的优良校风和“以科学名世、以人才报国”的办学理念，铸就了“止于至善”的校训精神。,/Date(1644149139000+0800)/,0
152156982,东南大学是中国顶级学府之一……是985大学。它的工科研究和应用技术水平在中国各大学里面也是名列前茅,/Date(1642550226000+0800)/,0
21119218,东南大学最漂亮的校区，有时间建议大家去四牌楼校区去游览,/Date(1648363644000+0800)/,0
74600788,南京久负盛名的高校之一，之前和南大都是国立中央大学的一部分。这个学校地理位置优越，位于市区。人民的名义就在这个学校取过景！,/Date(1647333775000+0800)/,0
15259498,秋天的景色很美，人也很漂亮，停车方便交通便利,/Date(1638329710000+0800)/,1
216045074,国内知名一流大学，位于北极阁下，校园很美。,/Date(1638336835000+0800)/,0
179602851,不错不错不错不错不错不错不错不错不错,/Date(1642689969000+0800)/,0
303537830,东南大学是国内知名学府，校园里很美。,/Date(1641040554000+0800)/,0
101330385,国内著名大学，校园里很美，蛮好的。,/Date(1645199930000+0800)/,0
349291,景色迷人，历史悠久，性价比超高。,/Date(1644098227000+0800)/,0
4476879,东南大学，驰名中外，享誉全球。,/Date(1644903810000+0800)/,0
26529767,不错的地方，原来是国立中央大学,/Date(1640048034000+0800)/,0
50678438,9:00到达南京，坐地铁去了鸡鸣寺，人不少，门票十元加三根檀香。2月份，景色不是很美，噱头就是点燃檀香，祈福等等，挺有趣。步行去了东南大学，很安静，学生不多，都是外人，建筑很有特色，步行去了南大，比较钟意于东南大学。下午去了新街口。很繁华，学生党看看就好了，之后去品尝了芳婆糕团，味道还可以，很划算。,/Date(1488180786000+0800)/,39
7276075,很漂亮的大学，桂花很美！&#x0D;&#x0A;&#x0D;&#x0A;&#x20;&#x20;&#x20;&#x20;第一次闻到桂花香，是在2001年，第一次到杭州，当时给我的感觉就是，空气中的香甜味儿，太腻了。所以，那时的杭州，并没有给我留下太多的好印象，或者说，我会有一点点的不喜欢杭州。&#x0D;&#x0A;&#x20;&#x20;&#x20;&#x20;&#x20;一晃十几年，新鲜的桂花香味儿再次装进我鼻子是我来南京工作之后。&#x20;　　&#x20;&#x0D;&#x0A;&#x20;&#x20;&#x20;&#x20;奇怪的是，我居然有点喜欢这个味道了。站在桂花树下，阵阵沁人心脾的香味儿，让人有一种被甜到晕的感觉。&#x20;　　&#x20;&#x0D;&#x0A;,/Date(1379387473000+0800)/,16
4112680,四牌楼校区值得一看，被誉为影视基地,/Date(1642748692000+0800)/,0
72530672,挺好的，211。985，哈哈哈,/Date(1644199659000+0800)/,0
222726080,四牌楼作为老城区，承载了不少南京人的记忆。提到四牌楼第一时间想到的定是东南大学。它是“四牌楼影视基地”，《致青春》和《七月与安生》都在这里取过景。,/Date(1605782747000+0800)/,0
37004222,不是景点胜似景点，有六朝古松，梅庵，大礼堂，图书馆等，我个人最喜欢体育馆，门口的梧桐大道什么时节都是一番风景～整个校园充满历史韵味。,/Date(1480924427000+0800)/,22
66178155,古老的校园，人文气息与建筑，园林融在一起，如果赶上社团活动，更不虚此行！看看那些青春年少的学子，静坐着，却有无限的回味与感慨。附近的美食与购物也方便！,/Date(1619545489000+0800)/,0
4556936,因为《人民的名义》这部剧，特地来东南大学踩点，很多游客都是剧粉，在校门口就开始狂拍，入校园的中央大道真的超级美，不愧是百年树人，找到了礼堂觉得很棒啦！,/Date(1493639437000+0800)/,14
39203959,东南大学，南京最有名的大学之一，以建筑等专用最为突出，地处南京市中心不远的珠江路成贤街上，看着莘莘学子们，很是羡慕呢！,/Date(1630593715000+0800)/,0
1530368,国内知名学府，位于南京市玄武区进香河畔，校园很美。,/Date(1634867125000+0800)/,1
296628348,可以的……我要好好休息一下了&#x0A;【景色】&#x0A;【趣味】&#x0A;【性价比】,/Date(1624440482000+0800)/,0
4476879,东南大学是江苏著名大学，前身是国立中央大学,/Date(1629349965000+0800)/,0
101330385,国内著名大学，位于进香河畔，校园很美。,/Date(1637080189000+0800)/,0
303537830,位于南京市玄武区四牌楼，国内知名学府。,/Date(1629905883000+0800)/,0
26529767,学校以前是国立中央大学分出来的理科学校,/Date(1622789271000+0800)/,0
349291,景色秀丽，历史悠久，是学习的好地方。,/Date(1632604570000+0800)/,0
39203959,南京非常知名的学府，是建筑大师的摇篮，坐落于成贤街附近，距离南京1912街区不远。这所大学多年来培养了很多的建筑精英，是众多莘莘学子心中向往的著名高等学府。,/Date(1609591985000+0800)/,0
179602851,好好好好好好好好好好好好好好好好好,/Date(1630806770000+0800)/,0
216045074,国内知名学府，里面有不少民国建筑。,/Date(1629464048000+0800)/,0
14334964,东南大学双一流学校非常的好，年代感,/Date(1626908276000+0800)/,0
58688796,因为疫情管控，东大不能随便进了，走到太平北路上，有一条河，河边有木头人行栈道，河边也全是樱花、海棠，还打了色彩灯，即使晚间也绚丽夺目，这一带环境真太好了。,/Date(1615908572000+0800)/,0
101330385,国内知名高等学府，校园环境很美。,/Date(1628998884000+0800)/,0
26529767,疫情期间人不多想很好的感觉挺好,/Date(1631149498000+0800)/,0
3125725,校园很整洁&#x20;&#x20;进门那个叫啥池来着,/Date(1633431957000+0800)/,0
4779546,百年老校&#x20;环境不错&#x20;绿树成荫,/Date(1634010120000+0800)/,0
1520087,东南大学四牌楼校区位于南京市玄武区四牌楼二号，地铁三号线和四号线均乘坐至【鸡鸣寺站】即可，公交2路、31路等乘至鸡鸣寺站或四牌楼站即可。&#x0A;参观后可以和鸡鸣寺——台城——玄武湖公园连片游览。&#x0A;学校的中西合璧的建筑风格颇具特色，六朝松、喷水池和大礼堂、参天法桐以及绿油油的大草坪等完美融合，给人以美感！&#x0A;而近进香河路的边门旁的水杉路也超美丽。&#x0A;&#x0A;总之，东大老校区绝对值得推荐哦～,/Date(1561907636000+0800)/,2
58688796,这几天这一带的水杉已经全冒出了新鲜的绿芽，春天的新绿配着蒙蒙的春雨，如雾如幻，是江南柔软的春天,/Date(1617149657000+0800)/,1
465962,985大学，最美校园，近在咫尺，多步电影、电视剧的外景地，六朝松、大礼堂、梅庵…一点一点相伴！,/Date(1596842194000+0800)/,0
72530672,江苏排名第二的大学，211985，能考上还是不错的,/Date(1627622790000+0800)/,0
58688796,东南大学西边这个门，进香河路段，这一段时间水杉长出了新绿的叶子，特别新鲜青翠的颜色，特别美,/Date(1618583355000+0800)/,0
58688796,前些日子大门及周边在修路，现在已经都修好了，校园周围马路开阔，梧桐透绿，水杉挺拔,/Date(1617635600000+0800)/,0
1530368,东南大学四牌楼校区这边有个体育场，就在那个民国体育馆的旁边。这里外圈是田径跑道，里面还有网球场、排球场、篮球场等。这个体育场是对外开放的，附近的居民来此锻炼的颇多。这里的篮球场最受欢迎。经常看到学生，还有附近的居民来此打篮球，经常能看到较为激烈的半场对抗。周围锻炼的人以跑步和快走居多，也有玩单杠、双杠的。,/Date(1569657358000+0800)/,0
1530368,东南大学（四牌楼校区）的老体育馆是颇有来历的。是1923年建成的，当时这里也叫作东南大学，校长是郭秉文。1924年，印度文豪泰戈尔来东南大学演讲。当时由徐志摩当翻译，据说轰动一时。杜威、罗素也曾在此讲演。现在历经多年，这座体育馆仍然在使用中。在二楼是篮球场和羽毛球场，还有乒乓球桌。我曾在此打过篮球。这里体育馆受西方建筑影响较大。,/Date(1569042772000+0800)/,0
58688796,电影里不少取景在东南大学，特别有学府的味道。最近门口街道在施工，大门景观受影响,/Date(1596845185000+0800)/,0
101330385,国内知名高等学府，这里原来是中央大学，后来改成南京工学院，后来改成东南大学。,/Date(1612617168000+0800)/,0
72530672,江苏排名第二的大学，211兼985,/Date(1635664701000+0800)/,0
19177328,南京名校之一，培养了很多杰出的人才,/Date(1628055386000+0800)/,0
198430125,秋天是非常适合去的，因为秋天的时候风景非常的美。很适合一些旅行的人拍照。,/Date(1598079423000+0800)/,0
58688796,夏天来了，东南大学的参天梧桐已经掩映成荫，走在树下，特别有夏天纳凉的感觉,/Date(1593443127000+0800)/,0
6508139,东南大学，有着较悠久的发展历史，来这里了解一下当地的校园文化吧。,/Date(1621389137000+0800)/,0
58688796,现在必须有门禁卡才能进去了，只可以远远地看看，不过当然是防疫重要,/Date(1609765969000+0800)/,0
216045074,东南大学四牌楼校区是东南大学老校区，这里原来是中央大学。,/Date(1620300718000+0800)/,0
72530672,原来的中央国立大学分割而来，江苏唯二的985，有空还是可以去看一看的，虽然我觉得校园景色本身不是太有什么特色，不过重在文化氛围吗，哈哈哈,/Date(1619486013000+0800)/,0
204191553,985&#x2F;211大学，和南京大学一样，也是南京有名的大学！,/Date(1610670630000+0800)/,0
63196186,百年校府，网红影视剧拍摄地，浓浓的民国气息，值得去走走。,/Date(1597587247000+0800)/,0
303537830,位于南京市鼓楼区，所在位置原来是民国时期的中央大学。,/Date(1617291402000+0800)/,0
101330385,曾经的中央大学旧址，校园很美，这里拍过许多影视剧。,/Date(1620398519000+0800)/,0
190600184,以前的国立中央大学一部分，我记得傅抱石老先生就在这教美术史。徐悲鸿推荐的，当时他还没拿到东京帝国美术大学的文凭,/Date(1612581570000+0800)/,1
5412324,nice&#x20;place&#x20;great&#x20;University,/Date(1605328445000+0800)/,0
3296947,985高校，历史悠久，曾经名为南京工学院。,/Date(1615431709000+0800)/,0
202510,全国重点工程院校之一，校园风景很美。,/Date(1620268074000+0800)/,0
216045074,国内名校，风景优美，多部影视剧拍摄地,/Date(1612483105000+0800)/,0
50640175,南京最著名的985大学之一，校园很美,/Date(1609505300000+0800)/,0
72752429,不错的学校，土木建筑类专业特不错。,/Date(1617624073000+0800)/,0
4476879,南京重点学府，校内有许多民国建筑,/Date(1620434222000+0800)/,0
3296947,全国著名的高等学府之一，985！,/Date(1618237983000+0800)/,0
266938019,东南大学风景好，还拍了好多照片,/Date(1591438056000+0800)/,0
33475241,东南大学是原来中央大学的旧址，但学校感觉并不是很好，这是南京高校的通病。不知道是不是因为当地zf不舍得给钱的缘故，几所学校的老建筑都维护得极差，南大鼓楼校区就够破的，去了南师随园，感觉很多老建筑都快成危房了。&#x0A;东南大学的校园里也就是原来中央大学几所老建筑那一块还可以，其他地方都破烂不行。&#x0A;东南的地域其实也可以，毕竟在长三角。它面临的问题是，在长三角的竞争对手实在太多太强，很难像华工那样形成一骑绝尘的局面。&#x0A;东南有一个优点：强势专业和好专业高度融合。交通、建筑、土木这些，在吧里被锤爆，其实就业并不差，尤其是如果本硕都是好学校，进一些强势设计院还是容易的。收入不错，工作既稳定也体面。而且这些建筑设计院在一些二线强城市分布很多，以后在置业、工作和生活中，容易取得一个均衡点。不像IT行业，高度集中在一线城市，家里不支撑的话，置业很难，工作和生活很难平衡。&#x0A;当然东南毕业生进IT圈的也很多，这个学校的电子、通信、计算机，都还不错的。,/Date(1564066975000+0800)/,5
34514611,东南大学打卡&#x0A;【景色】这个学校的前身是国立中央大学&#x0A;1902年，校园里很多建筑都是百年历史&#x0A;【性价比】这边交通没那么方便其他都还不错。,/Date(1578978044000+0800)/,0
19090877,全国重点高校，双一流大学，来吧,/Date(1623624349000+0800)/,0
205479826,东南大学主要是游览四牌楼校区，校区内建筑主要以欧洲文艺复兴式建筑风格，也是众多影视剧的取景地，大礼堂和涌泉池是电影《致青春》的取景地，大礼堂标志性的穹顶轻易辨识出来的。,/Date(1588032644000+0800)/,1
65693782,离南京大学&#x20;河海大学&#x20;南京师范大学都很近&#x20;去的时候骑自行车去的&#x20;很好&#x20;超级推荐南京东南大学（Southeast&#x20;University），是中央直管、教育部直属的副部级全国重点大学，著名的建筑老八校及原四大工学院之一，国家“211工程”、“985工程”民的名义&#x20;致青春&#x20;七月与安生&#x20;建国大业等热播电影电视局的取景地&#x20;&#x20;人民的名义（汉东省人民检察院取景地为东南大老图书馆&#x20;&#x20;反贪局局长办公室取景地为东南大礼堂&#x20;祁同伟求婚草坪......）其中东南大学里有棵千年古树六朝松价值连城&#x20;见证了中国古代南京的变迁以及近代的历史和南京大屠杀的屈辱史。,/Date(1504673468000+0800)/,7
,因为是老公的母校，特地带宝宝去逛了一圈。交通比较便利，有公交直达，离大行宫不远，沿碑亭巷一直走，向北，到成贤街，步行约20分钟。可以看到中学生组团参观校园。有名校风范。,/Date(1491790939000+0800)/,8
6458793,一所全国著名的985高校，校园干净整洁。。。,/Date(1616377426000+0800)/,0
114378968,南京的名牌大学，可以带小孩感受下大学的氛围,/Date(1610888210000+0800)/,0
36218441,是国家的985和211工程，学校已经很很悠久的历史了，建筑也是非常有历史感的，是历史的沉淀，师资力量雄厚，人文气息很浓，校园种满了梧桐树，树干强壮，两个人才能抱住，校园设施完善，还有很多美食值得一试，而且校外人员进出也方便，有兴趣可以去看看漂亮的校园。,/Date(1574689699000+0800)/,0
86267106,听说《致青春》在这里取景过，3月25去，还赶上一个剧组拍戏，里面建筑很复古？反正就是那个时代的老牌大学啦，建筑都差不多，有名牌大学的厚重感。我觉得挺好的，弥补了去北京没进得了清华的遗憾。&#x0A;&#x0A;ps离鸡鸣寺非常近，可一起游玩哦,/Date(1490638760000+0800)/,10
12269473,东南大学是致青春的拍摄地！门口的梧桐道非常浪漫&#x20;就是影片里她们开学推着自行车走进校园的那里&#x20;很适合骑行&#x20;情侣在这里骑行拍照片简直浪漫极了。走到头就是一个喷泉&#x20;每天定时喷&#x20;也美的没话说，枫叶盛开的秋天&#x20;这里绝对是摆拍圣地！,/Date(1479105714000+0800)/,12
94783187,进去逛了一圈，感受知名学府的大气与底蕴,/Date(1618899398000+0800)/,0
4112680,著名的影视基地，值得去看看，免费,/Date(1617086135000+0800)/,0
59688606,东南大学是电视剧人民的名义汉东检察院的取景地&#x20;大门一步日校门便可以看到绿树成荫的校道&#x20;通往大礼堂&#x20;在大礼堂的旁边便是图书馆&#x20;东南大学的图书馆也是众多民国时期电视剧的取景地&#x20;趁没有人的时候偷偷溜了进图书馆&#x20;蓝蓝的天&#x20;映衬出东南大学浓厚的学术氛围&#x20;如果是对大学很有兴趣的话可以慢慢逛&#x20;像我这种凡夫俗子拍了两张照就走了,/Date(1503546781000+0800)/,4
257462842,东南大学是南京有名的学府，很多电影还在这里拍摄呢，算是进去打了个卡，里面面积不是很大，教学楼还挺有年代感的，喷水池是必拍照的地方，其他的也就那个样。,/Date(1580617767000+0800)/,0
2539798,比起别的地方的梧桐，四牌楼校区梧桐大树枝分叉的地方比较低，分叉开来的树枝长得又长又笔直，最高的树枝树叶茂盛到阳光都无法穿过。梧桐下面又是大片的草坪，偶尔也会有建筑系学生的木质构筑物的小作品摆在草坪上，再配着周边民国时期的建筑，这让人觉得历史的悠久感。,/Date(1556922511000+0800)/,3
85412684,东南大学是一所全国著名综合的大学。也是211和985大学。在校教师工有2700多人。可培养本科，研究生，博士生。学校环境优美，景色宜人。科研及全国最高水平。,/Date(1568251348000+0800)/,1
33880752,东南大学，简称“东大”，在南京市。前身是两江师范学堂、国立东南大学、国立中央大学。&#x0A;学校四牌楼校区为东南大学的最老的校区。校园环境优美，地标性建筑包括民国时期学校大礼堂是、六朝松、健雄纪念馆，有深厚的底蕴。,/Date(1559606501000+0800)/,2
86086250,当我走到东南大学大门前的时候就有一种很肃穆的感觉，当走在校园的时候被道路两旁的法国梧桐所吸引，不得不说梧桐很有历史感。尤其令我印象深刻的是东大的学子，每个人都是那么意气风发，大有指点江山的气势。个人感觉不喜勿喷。,/Date(1507771679000+0800)/,6
44505512,东南大学是国家211、985重点大学，也是南京最美的大学之一，东南大学有一种历史的沉淀，无论是建筑还是格局，都有很浓厚的学术气息，校园的秋天很美。,/Date(1574206196000+0800)/,0
25063734,东南大学的老校区环境如同南京大学鼓楼校区一样（事实上他们也很近）很有历史的感觉。中间的喷水池是很多人拍照的地方，这里周围环绕的老建筑很有感觉，这个季节的树木叶子颜色也变了，主轴道路也成为很多情侣牵手一起走的好去处。,/Date(1513090088000+0800)/,2
484740,国庆临时决定去南京，不想与游客挤在一起，所以同事推荐了东南大学，南门进去路两边是遮天蔽日的大梧桐树，正对着铜喷泉，刚好下着菲菲小雨，幽静有情调，还碰到一对新人在拍婚纱。古老的教学楼刻着岁月的痕迹，坐进教室重新感受一下年轻的气息。,/Date(1507381855000+0800)/,4
28854945,走进东大校门，就进入中央大道，大道旁边种了一些法国梧桐，大道的终端是南京市的地标建筑大礼堂、及大礼堂的喷泉，名为泉涌，告诫东大学子滴水之恩当涌泉相报。很多电影在东大取景，最有名的致青春、少年班…东大最有名的应该就是六朝松了，据传是梁晋时期的老树有着1500+的历史，总共有三颗，外边围起了铁栅栏，外观看起来像拄拐的老人，说是江苏省内最为古老的文物。东大专业建筑与电气是王牌，东大的建筑风格都有些特色，比如说图书馆（来看的可以仔细观察）还有前工院里面的螺旋式楼梯，每逢复试期间，建筑学院还有一些作品展览，看不懂但极具艺术感…学校不大可以免费参观，来南京游玩的朋友可以去玩。而且东大的位置比较大，后面即是鸡鸣寺和玄武湖、走路过去不过10分钟，离总统府和1912都非常近，南大和先锋书店也在附近，离火车站三站地铁，来游玩的童鞋可以在珠江路住宿，位置很便利，美食购物公交都很方便。,/Date(1456499361000+0800)/,21
20343788,一座学校，就是一道风景。既是知识的殿堂，又是充满自然和人文气息的打卡之地。,/Date(1590388148000+0800)/,0
24620103,《人民的名义》里面好几个取景点，作为中央大学原校址之一，很多民国风建筑，中央大道旁的梧桐树讲述着历史的沧桑。梅庵，体育馆，著名的六朝松，值得走走看看。临近玄武湖，鸡鸣寺。,/Date(1496548954000+0800)/,5
34392480,和儿子来看一看东南大学老校区，的确很有古老大学的底蕴与厚重感。古旧的大学校门，沧桑感的梧桐树，欧洲风格的喷泉，绿绿的草坪，这里的学子应该很幸福吧！,/Date(1504510511000+0800)/,4
156114680,【景色】树比较多&#x0A;【趣味】旁边小吃不少，&#x0A;【性价比】高啊，交通方便啊,/Date(1590401526000+0800)/,0
28342483,晚上去的，在旁边吃了饭，两份菜只要15元，环境很好，校园里很安静，学习氛围浓厚,/Date(1452392111000+0800)/,1
1530368,《人民的名义》的热播让东南大学也火了把，尤其是几栋民国建筑更是令人印象深刻。大礼堂及其南面的水池经常出现于影视作品中。另外老图书馆、中大院等也是被多次取景。,/Date(1495613622000+0800)/,3
39879365,"东南大学四牌楼校区位于南京市四牌楼2号，近成贤街，距地铁3&#x2F;4号线鸡鸣寺站1号口步行600米，出行方便。市区公交，自驾、骑车均可到达。全国高校综合排名23名，是国家211,985重点院校，有研究生院。有南门和西门，学院里法国梧桐树高大，有涌泉池、吴健雄实验室、图书馆、体育馆等建筑设施，室外800米跑道，上千年的园柏诉说着历史。",/Date(1526604092000+0800)/,0
20129187,特别喜欢东南大学的古罗马式建筑！,/Date(1586495231000+0800)/,0
33693165,东大拍了致青春，少年班，是一所古朴有韵味的校园，每个角落都自然成景，雨中漫步，别有一番情调。第一张是东门南门的成贤街，某个饭馆的窗外，觉得心情都亮了,/Date(1433060449000+0800)/,2
7330214,去南京出差，慕名而来，校门位置有点偏，在南京四牌楼路上，虽毗邻北京东路但是没有校门，环境非常不错，树木很茂盛，学校的周围设施都能体现出东南大学是个很有底蕴的学校,/Date(1526798649000+0800)/,1
108475633,值得一去。古朴沧桑。校园不大，但历史感很强的。六朝古松，民国建筑，加上梧桐林荫道，似时光倒流，又回到了那个时代，想起了近代的中国，一时心潮澎湃。人间正道是沧桑，吾辈当珍惜，当自强！,/Date(1504484294000+0800)/,2
27837829,江苏省首屈一指の高等学府，爷有很多同窗好友就此求学，好神羡慕，不过，爷有缘出国留学，雅思IELTS考试在此设为考场，所以去了几次颇有好感，有历史沉淀の好大学university！,/Date(1452856635000+0800)/,6
39857021,骑着单车过去的，《人民的名义》在里面取得景，环境优美安静,/Date(1492818511000+0800)/,6
95059511,东南大学原南京工学院，是全国985院校，以工科闻名，特别是建筑系非常出色。,/Date(1574511232000+0800)/,1
219764043,曾多次去东南大学本部，在草坪上发呆，高等学府的气质，确实不错，不过没吃过那里的食堂餐，不好评价,/Date(1561805683000+0800)/,0
11635940,百年老校很好，环境优美，一进校门路两边是绿树成荫的法国梧桐，正对着校门口的就是学校礼堂，这也是电视剧人民的名义里面检察院的拍摄地点！,/Date(1528585726000+0800)/,0
42873070,东南大学真的好美，西洋风格个人很喜欢，没有南京大学那么古板，建议去哦,/Date(1446166185000+0800)/,5
12682136,个人觉得是中国最美丽的大学之一，一进门就被两旁高大的梧桐树给深深震撼了，整个校园以古建筑为主，充满了浓浓的西洋民国情调,/Date(1433841042000+0800)/,6
542331,不要花钱，有民国特色，还有图书馆等等，感觉还是挺不错的。,/Date(1561765439000+0800)/,1
166788038,东南大学还是蛮漂亮的，周围的进香河路也有很多水杉，东大的建筑专业很厉害,/Date(1561808830000+0800)/,0
108057,东南大学，简称“东大”，建于1902年，是全国重点大学。我去参观的是四牌楼校区，由于时间关系，只是参观了一小部份。校园环境优美，绿树成荫。,/Date(1476887590000+0800)/,6
39256490,凤栖梧桐，这是其他大学所无法替代的,/Date(1465061467000+0800)/,9
216045074,东南大学这里是原来中央大学的原址，这里还保留了许多民国建筑，还有许多影视剧曾在这里拍摄过。学校大门在正南，进来就是壮观的中央大道。,/Date(1555979149000+0800)/,2
13705259,东南大学四牌楼校区，很有历史感的高校，几幢民国建筑散发着浓浓的历史，特別《人民的名义》播出后，很多人慕名而来看看陆毅工作的地方……,/Date(1530359258000+0800)/,0
35965642,位于江苏省省会南京市，是中央直管、教育部直属的副部级全国重点大学，著名的建筑老八校及原四大工学院之一，国家“211工程”、“985工程”首批重点建设的大学名第一的学科数并列全国高校第七位。校园非常的漂亮，住宿条件也不错。,/Date(1504170561000+0800)/,2
3482417,作为百年名校，还是民国风。因为以前跟南京大学是一家，所以整体风格也差不多。夫子庙在抗战时期被日本人炸光了，90年代是东南大学设计规划重建的，东大的建筑学院也因此名扬天下。去看看吧，总能有不同的感觉。,/Date(1410580818000+0800)/,4
94783187,传说中的名校啊，是我心中的殿堂,/Date(1578397812000+0800)/,0
47573715,古色古香中西合璧，电视剧人民的名义、致青春的取景地。,/Date(1552736454000+0800)/,0
63794790,东南大学作为百年学府，建筑的年代感还是很强的，有很多地方可以拍清新照片，人流稀少，文艺范十足，是个适合拍照的好地方，只不过学校偏小，无需多长时间就可逛完,/Date(1493181870000+0800)/,3
50415533,特意到东南大学看看这个礼堂。《人民的名义》汉东省人民检察院办公楼”——东南大学四牌楼校区的大礼堂。实地比电视里更漂亮，值得一看,/Date(1539485338000+0800)/,0
214640,地处市区，原先中央大学旧址，建筑非常漂亮，值得走走看看，校园不算太大，环境很好，全国重点文物保护单位，很喜欢这里的环境。,/Date(1552857581000+0800)/,0
1989478,还记得【致青春】里郑微唱红日的那个礼堂吗？&#x0A;把这些青春留下的记忆，留在校园吧，等我下次再来时，希望你依旧安好...,/Date(1459960306000+0800)/,2
48278398,值得，这么多年，执念的学校，不能忘记，就算今年来不了读书，我也不会放弃,/Date(1451190484000+0800)/,4
11830799,貌似每次去东大四牌楼校区都是为了去考试，曾经在雅思考试的间隙把那转了一圈，典型的老校区样子，但比南大鼓楼校区多一些阳刚。,/Date(1469231920000+0800)/,5
46917871,校园不大，但是景色很好。道两旁树木参天很有味道。很漂亮的校园,/Date(1462182278000+0800)/,2
22015103,去东南找朋友，顺便在校区逛了一会儿。古朴的校园，别致的建筑，被选作致青春的取景地也是意料之中的事情。最爱学校门口的凉皮还有酱汁荷包蛋，吃完一碗，满满的幸福感。,/Date(1409722203000+0800)/,3
44325891,郁郁葱葱的树木隐隐约约的挡住了母校的校徽，我总想到以前校长说的，十年树木，百年树人，此时颇为感怀。无论我离开多久都不会忘记我是一个东南人,/Date(1474091652000+0800)/,2
1530368,原中央大学旧址，校内的梅庵、六朝松、大礼堂都是知名景点。体育馆也是民国建筑，有众多名流在此讲演。学校里浓荫蔽日的大道是校园里最美的风景。,/Date(1412085889000+0800)/,4
9022704,来一个城市就喜欢去大学逛逛，何况它还是致青春的拍摄地，距离鸡鸣寺很近，风景很美，很有韵味的大学,/Date(1466219312000+0800)/,2
25011466,南京知名的理工科大学。里面的操场每晚都是健身的人群。,/Date(1575422149000+0800)/,0
34231450,东南大学原来是民国时期的中央大学，也是致青春及多部电视剧的拍摄点，骑着小黄车过去，虽然找了挺久的，但是一切都是值得的，强烈推荐过去！,/Date(1491149393000+0800)/,0
43876670,去的是四牌楼校区，特别喜欢两旁的树，秋季去零零散散的叶子随风飘动，很有感觉，进门之后看到的大喷泉也很漂亮，整个学校也很有文学气息！！,/Date(1452351457000+0800)/,0
27234949,强烈推荐！！！老建筑控一定要去，意想不到的惊喜。,/Date(1425359509000+0800)/,4
47763762,致青春的拍摄地，美仑美央的中央大道！大礼堂、中山院，古朴的民国风，真的很喜欢！,/Date(1450231957000+0800)/,4
35446243,去东南找朋友，顺便在校区逛了一会儿。古朴的校园，别致的建筑，被选作致青春的取景地也是意料之中的事情。最爱学校门口的凉皮还有酱汁荷包蛋，吃完一碗，满满的幸福感。,/Date(1436683975000+0800)/,2
39203959,东南大学可是中国建筑学的摇篮，培养了很多这方面的人才。四牌楼这边是老校区，面积不算太大，但是很有特色。从南门进去就是两排梧桐树，尽头就是喷泉广场了，很漂亮呢。,/Date(1554548044000+0800)/,1
25363118,东南大学欧洲文艺复兴式建筑风格的大礼堂和绿色的喷泉——涌泉池是电影《致青春》的取景地，影片中新生开学的剧情就是在这里拍的。大礼堂标志性的穹顶几乎是每个南京人都能轻易辨识出来的。,/Date(1417607644000+0800)/,4
71690741,■东南大学，打卡。真名士自风流！,/Date(1558182309000+0800)/,1
111902947,南京东南大学，简称“东大”，是教育部直属的副部级全国重点大学，著名的建筑老八校及原四大工学院之一，国家首批“211工程”、“985工程”入选高校，世界一流大学建设高校。,/Date(1512792425000+0800)/,0
18253874,这是一个有文化积淀的地方，有美丽的校园，有值得看的建筑，有美丽的梧桐树。很知道来此一游。,/Date(1449833351000+0800)/,0
116529,大学控，和小伙伴来到此处，因为历史悠久，百年历史的学校啊，整一个民国风，怀旧的感觉，好多好多的梧桐树，非常的小清新啊，感觉穿越在民国哈，美丽的校园。,/Date(1431254199000+0800)/,5
4771532,东南大学最有名的喷泉，每年的毕业照必拍的地方！,/Date(1449536514000+0800)/,2
4207619,靠着鸡鸣寺，一个985高校，最著名的景点是赵薇电影致青春里面的喷水池，古建筑比较多。,/Date(1476607314000+0800)/,4
97865762,这里是东南大学老校区。南大、东大是南京最好的两所大学。周边的人文环境那自然是不用说的了，而且田比邻玄武湖，自然风光也是却当好啦！快来吧！南京欢迎你！东大欢迎你！,/Date(1502576060000+0800)/,0
93148365,到本部校区看了，很不错，很有民国风,/Date(1526546247000+0800)/,0
36072831,东南大学有名的景点喷水池。蓝天倒映在绿色的水面，阳光倾泻而下，洒在水面上，洒在四周环抱喷水池的梧桐叶上，洒在远地而来的我们身上。太温暖让人心驰神往。,/Date(1437308615000+0800)/,0
82467875,东南大学校园环境优美，历史文化底蕴深厚。建成于1930年的大礼堂，已成为学校的标志性建筑，是进行国际学术交流、举办各种会议和大型活动的理想场所。,/Date(1517275557000+0800)/,0
103872478,民国中央大学旧址，建筑值得一观，喷泉出现在电影致青春开场，六朝古松也很很珍贵。可步行前往鸡鸣寺，玄武湖。,/Date(1500554868000+0800)/,2
67493898,东南大学很棒的，人文景观，四牌楼气派，感受一下，多部电影电视拍摄地，这里距离鸡鸣寺很近，顺道可以去！,/Date(1494920070000+0800)/,0
39203959,南京知名的大学之一，就在四牌楼附近。校园景色优美，建筑特点鲜明，值得一去。尤其是南门进去的梧桐大道，喷泉广场，演出馆等，真是不错呢。,/Date(1526999194000+0800)/,0
1052953,南京著名學府。地處鬧市區，交通很便利，周邊各種食宿方便。走在校園里的林蔭大道上令人心情舒暢。,/Date(1407138331000+0800)/,2
8066143,最早还是上大学时候知道这所大学的，室友考取这儿的研究生，来南京一定要来看看的，很美丽的校园,/Date(1453100185000+0800)/,2
4041780,很有校园的氛围，给人一种清新自然的感觉，走在校园里，仿佛又回到自己的学生时代，感触很多，很喜欢这里，时常来走走，会让自己心境开阔。,/Date(1406826484000+0800)/,0
42283261,实名反对，致青春，少年班是在我大河海拍的！！！,/Date(1443855979000+0800)/,0
28188140,东南大学有名的景点喷水池。蓝天倒映在绿色的水面，阳光倾泻而下，洒在水面上，洒在四周环抱喷水池的梧桐叶上，洒在远地而来的我们身上,/Date(1425280828000+0800)/,0
19090877,211大学，建筑系最强，古老的校园，值得一看,/Date(1561693818000+0800)/,0
35965642,今天东南大学期末考试的最后一天，趁出差的时间去看看儿子，东南大学给人的感觉就是地方大，校风好，条件好，学习氛围浓厚，不错哦！,/Date(1516762127000+0800)/,0
105315337,校园虽然不大，但是建筑很有特点。人民名义就在里面有取景。不愧是建筑出名的学校。可以带孩子参观，增加点人文情怀。长大了考东大！,/Date(1510030694000+0800)/,0
36296729,东大老校区，有很多民国建筑，还有六朝时期的松树，被某电影作为取景地，主楼每天被n多人作为照片背景。有个小喷水池，成为周边儿童的游乐区。重要是完全免费，还可以穿过校园从一条街到另一条,/Date(1483281983000+0800)/,1
26025924,东南大学的校园里民国历史感比较强的，里面的民国建筑比较多，校园总体也比较大的，校园里总体逛下来里面的景致还不错的。,/Date(1525389899000+0800)/,0
,东南大学是六朝宫苑、太学的遗址，也曾是明朝国子监所在地，是实力派和偶像派代表，无须多言，你看与不看，它都在哪里。,/Date(1459941003000+0800)/,2
82467875,不是景点胜似景点，有六朝古松，梅庵，大礼堂，图书馆等，我个人最喜欢体育馆，门口的梧桐大道什么时节都是一番风景～,/Date(1519520841000+0800)/,0
74881490,原中央大学旧址，校园内还保留着多处民国时期的建筑，图书馆，中大院。高大的梧桐树，盛开的白玉兰，香气袭人。,/Date(1522291415000+0800)/,0
30013982,南京东南大学是一所著名学府，也是水利部的直属大学，学科众多，知识丰富，是众多学子求学的地方。,/Date(1511837006000+0800)/,0
1288630,校园很有历史，特别是圆顶大礼堂，必去看的经典建筑。,/Date(1453651022000+0800)/,2
33312087,整体上来说是很安静的呢，很多人过来参观，完全上保持了原汁原味。走在校园里，能感觉到百年沧桑,/Date(1435117405000+0800)/,0
22295840,闹中取静之处。待在大礼堂前喷泉那里一坐一下午,/Date(1410404957000+0800)/,0
465962,值得去，礼堂.图书馆.健雄纪念馆.六朝松…，都是值得去看看的！,/Date(1507361654000+0800)/,1
86307075,东南大学在南京来说真的还不错，重要的是校内环境清新，还有电视剧在这里拍摄取景呢。,/Date(1499471089000+0800)/,0
21336973,东南大学和南京大学比邻而居，都位于市中心，风景也是各有千秋，大家可以都去看一下。,/Date(1442856751000+0800)/,0
23571426,看到大学，就进去看看，大学一般都很大，这个学校也不例外，井井有序的样子不错。,/Date(1517708866000+0800)/,0
39203959,南京知名的大学之一，就在四牌楼附近。校园景色优美，建筑特点鲜明，值得一去。,/Date(1524608169000+0800)/,0
3776388,从前民国时期&#x20;的中央党校&#x20;许多建筑物上有历史的痕迹&#x20;可以看看,/Date(1495445717000+0800)/,1
30152713,东南大学是因为拍了《致青春》而火的吧，但也是有名的建筑老八校。学校其实不大，主要景点就是大礼堂，校徽也可以拍一下。离南大不远，走路15分钟，建议一同玩耍,/Date(1475671832000+0800)/,0
16885096,985院校，特别是四牌楼校区，历史悠久。学习气氛浓郁，大家一起来玩把！,/Date(1406607882000+0800)/,0
1488616,东南大学位于六朝古都，鸡鸣寺旁，成贤街边，内有六朝松大礼堂等景点。,/Date(1510269593000+0800)/,0
2169465,早年是中央大学校址，校内建筑是典型的民国风格，到处是高大的梧桐树。,/Date(1449304894000+0800)/,2
66533161,东南大学以建筑业擅长，很多南京的学生都很难考进这所高等学府。,/Date(1498185042000+0800)/,0
35678266,最爱学校门口的凉皮还有酱汁荷包蛋，吃完一碗，满满的幸福感。,/Date(1436077616000+0800)/,0
41518121,很不错的大学，理科很厉害，尤其是建筑，土木，交通，通信。,/Date(1534574781000+0800)/,0
43999096,学校是开放的，校内树木阴翳，古建筑众多。历史沧桑，人文气厚。遗憾的是暑期到处都在施工，可能是中国学校的通病。如果有讲解及纪念品销售更好。,/Date(1502090955000+0800)/,0
64095706,人民的名义取景地！！！！！！！！！,/Date(1493369393000+0800)/,1
557432,这所学校可是相当不错的，据说很多上市公司的老总都毕业,/Date(1516102289000+0800)/,0
53141495,终于看到梦寐以求的东南大学，说实话，真的好美好壮阔,/Date(1524153090000+0800)/,0
4456365,有过百年的历史学校，非常完美。,/Date(1509705900000+0800)/,1
416356,也是比较有历史韵味的校区，虽然没南大和南师那么好。,/Date(1452135840000+0800)/,0
444683,这是一所非常好的大学。学风好，有理科学校的大多优点,/Date(1406547596000+0800)/,0
12842631,"到达东南！当天大家在拍毕业照&#x20;很有毕业的感觉&#x20;又快乐&#x20;又哀伤,在照大合影吗？smile！不好意思&#x20;被我拍得都不美了所以这是致青春里那排树吧",/Date(1374461356000+0800)/,0
79089062,母校，必须五星，老校区有很多民国建筑，可以看一看,/Date(1511578629000+0800)/,0
40341628,郑州市，中国历史名城之一，米字形高铁，前途无量。,/Date(1509527175000+0800)/,0
65261566,东南大学在我们国内还是比较出名的，年轻人的向往。,/Date(1509341062000+0800)/,0
419816,学校很美，校园的建筑风格雅致，很有民国的气息。,/Date(1436792168000+0800)/,0
4487265,也算啊南京的名校了，里面的建筑风格可以一看。,/Date(1488098998000+0800)/,0
50528932,美丽的东南大学，又能学习又能旅游，新年快乐,/Date(1454868146000+0800)/,0
25440730,百年老校，在南京比较有名气，很值得瞧一瞧,/Date(1556154869000+0800)/,0
149307632,中国四大工学院之一，好多电视剧在这里拍过,/Date(1510762497000+0800)/,0
4111613,复古的景色，淳朴的校风，还有很多气质美女,/Date(1406873256000+0800)/,0
41202089,学术排名比较高的高等学府，工科是其强项,/Date(1515451219000+0800)/,0
1497591,古老的学校和建筑，值得去看看，走一走。,/Date(1514931489000+0800)/,0
55878085,南京的高等学府，在国内也有他的一席之地,/Date(1512889076000+0800)/,0
8322189,四牌楼……很大&#x20;很美&#x20;有个大水池&#x20;夏天玩水枪,/Date(1508718257000+0800)/,0
38336162,《人民的民义》拍摄地点，校园很美的。,/Date(1509943747000+0800)/,0
107547954,玩的不说，在这里上学真是太有意思了,/Date(1536908812000+0800)/,0
38336162,南京著名的高等学府之一，环境优美。,/Date(1528953978000+0800)/,0
24626602,南京知名的大学，我一直很向往的地方,/Date(1508367526000+0800)/,0
24626602,很有历史感的一座学府，有学习气氛,/Date(1526166177000+0800)/,0
628721,学校环境很好，很有氛围……，不错,/Date(1519970080000+0800)/,0
64095706,115年历史的名牌大学，值得一去,/Date(1491293335000+0800)/,0
38336162,老牌名校，建筑系最是全国知名。,/Date(1520998875000+0800)/,0
36973980,老牌院校了，可以过来瞧瞧看的。,/Date(1505918238000+0800)/,0
11830799,友校，同宗，校园倒真是当年中央大学的校园，但也工科气息十足了，大礼堂图书馆都很辉煌的样子，六朝雪松保养的不错。,/Date(1496796423000+0800)/,0
14638355,211工程的大学，老公一直想考的大学，可惜差了几分只考上了南京理工，里面环境不错，《致青春》电影有在里面选景,/Date(1406865011000+0800)/,0
3936353,很好，环境不错&#x20;&#x20;&#x20;&#x20;&#x20;&#x20;&#x20;&#x20;&#x20;&#x20;&#x20;&#x20;&#x20;&#x20;&#x20;，还会再来,/Date(1413159992000+0800)/,0
40331078,东南大学算是著名高校了，而且在南京历史比较悠久。老校区在四牌楼附近，里面的建筑都很有历史，可以去看看。,/Date(1510548287000+0800)/,0
89222518,很有文化底蕴的一座城市，14年前和今年再去感觉和以前差别很大，因为现在新校园建的更具东南大学的校风校训,/Date(1506906453000+0800)/,0
31194582,曾经的明朝国子监，民国中央大学，今日东南大学。建筑典雅，树木茂密，书卷气扑面而来，氛围比南京大学好。,/Date(1540713777000+0800)/,0
3877103,很漂亮的校区，离1912很近，离鸡鸣寺很近，以我的判断，这里应该是热剧《人民的名义》的取景点,/Date(1502638190000+0800)/,0
95821827,历史悠久，底蕴深厚，充满人文与学术氛围～,/Date(1496206208000+0800)/,2
9362995,有很多民国时期留下的建筑如大礼堂和老图书馆老建筑控一定要去，意想不到的惊喜。,/Date(1434011846000+0800)/,0
24406846,学校里面的环境还是挺好的，整体上来说是很安静的呢，很多人过来参观，不错。,/Date(1415429395000+0800)/,0
114378968,人文景色浓厚，和朝气蓬勃的学生。,/Date(1503287664000+0800)/,1
1488616,位于市区鼓楼与鸡鸣寺之间，有民国老建筑，值得去看看。,/Date(1502219705000+0800)/,0
4205897,江苏第二，理工科实力不凡，很多江苏学子向往的学校,/Date(1483234689000+0800)/,0
79548953,从名气，还有他的一个综合实力来说还是挺好的。,/Date(1530528738000+0800)/,0
29807754,东南大学是南京排名第二的大学，校园也很漂亮,/Date(1515043241000+0800)/,0
66533161,在南京只有它可以和南大抗衡，百年老校。,/Date(1511836335000+0800)/,0
94681375,历史悠久的高等学府，主要以建筑规划为名,/Date(1505105982000+0800)/,0
38050629,校区有一定的历史了，学习氛围很浓。,/Date(1471868240000+0800)/,0
65732544,东南大学放到全国范围来看名气真不大，但有历史，有特色，且紧邻景区，值得去一下。,/Date(1493904939000+0800)/,0
17632255,工程人才的培养教育地方！绝对好学校！,/Date(1521701249000+0800)/,0
94681375,百年老校了，建筑学科闻名国内。,/Date(1517980067000+0800)/,0
