205479826,汤山古猿人洞位于汤山北坡，因其形似葫芦而称为葫芦洞，可分为大厅和支洞两部分，均有第四纪堆积，并且在堆积物中富含哺乳动物化石，而闻名于世的南京直立人化石则发现于支洞堆积物中。,/Date(1652226043000+0800)/,2
299614170,没想到南京还有这么个地方。很惊叹。不过腿脚不好的，不建议去。要爬很多的台阶。,/Date(1640758614000+0800)/,0
17076240,南京游园年卡可以用，路边有画停车位，不收费。没看到什么猿人的化石之类的，主要就是个溶洞，要爬挺高的台阶，最后一段台阶特陡，腿脚不方便的人会非常吃力,/Date(1643865189000+0800)/,0
92850386,没想到不起眼的洞口里，还有另一个天地，比较适合小朋友去涨知识的地方。防疫管控工作做得严格，看苏康码行程码，扫码登记信息。,/Date(1641129293000+0800)/,0
166282552,今天一家去了猿人洞带着小孩来玩玩确实不错。环境挺好,/Date(1638079450000+0800)/,0
4346771,就在汤山主干道上，风景秀丽，适合带小朋友过来郊游。,/Date(1639884843000+0800)/,0
24591949,价格便宜，景色不错。但是我是冬天去的，人比较少。,/Date(1641878871000+0800)/,0
59109968,刚刚改造出现过，比以前好多了。,/Date(1642723018000+0800)/,0
21592908,汤山古猿人洞，发现远古时期两个不同年代的古人类化石。在考古史上绝无仅有。古猿人头盖骨化石的发现，把南京地区的古猿人史推进了20万年。,/Date(1601092175000+0800)/,0
149733530,上一次去古猿人洞大概有小十年了吧，觉得这十年景区一点变化都没有，反倒越来越破败了，当年门票还是十块一张，现在已经调到25。以前里面还有陈列的人头骨，现在据说是全部调到汤山地质博物馆去了。爬一圈半小时就出来了,/Date(1603094043000+0800)/,0
21592908,汤山古猿人洞值得一游，全是千奇百怪的钟乳石,/Date(1616384456000+0800)/,1
62580612,"汤山镇西的雷公山中，有一个总面积达数万平方米的巨大溶洞群，洞内出土的较为完整的古人类头骨化石经科学鉴定，是大约出生于30万年前的南京猿人，证实了长江流域是中华民族的发祥地之一。考古学家在此先后发现了十几种动物化石,据科学鉴定，这大约出生于60万年前的南京猿人，南京地区人类史也因此向前推进了20多万年，同时也证实长江流域是中华民族的发祥地之一。在葫芦洞内发现的化石还有肿骨鹿、斑鹿等十余种，这些动物多生长在距今1.5亿年前的中更新世。",/Date(1589102241000+0800)/,0
53776349,汤山猿人洞在南京城东边汤山风景区，洞不大，三十块钱门票，里面主要是看地质结构。楼梯有点抖，老年人行走有点困难。建议别带老年人去。内部大小只有贵州织金洞的百分之一。没有看过溶洞的可以一去。,/Date(1567662536000+0800)/,2
21592908,南京汤山古猿人洞遗址公园，发现不同时期的两例古猿人化石，绝无仅有！,/Date(1595212543000+0800)/,1
94267903,爬了一小段上山。很小的一个售票处亭子。兑换门票很方便。洞口小小的，里面就几根猿人的骨头，基本就是去看看钟乳石。里面环境不错，很阴凉。就是出口这边的阶梯有点高，一定要就着扶手上。,/Date(1586412603000+0800)/,1
26181383,有趣好玩，比较单调，性价比一般。,/Date(1598018777000+0800)/,0
3296947,非常值得来参观游览，服务态度好。,/Date(1612914309000+0800)/,1
64824289,地方不大，在山洞里转一圈，就差不多了,/Date(1597212741000+0800)/,0
49954896,体验很好，景色不错，,/Date(1597627030000+0800)/,0
3630835,一圈转下二十分钟左右，出口处有点陡，老年人有点吃力。,/Date(1596339229000+0800)/,0
27235146,非常值得前往，比想象中的要壮观和美丽!&#x20;票价也可以接受，22元一位，比景点门口便宜三块，会向朋友们推荐的，泡温泉的同时可以来看看。,/Date(1574320843000+0800)/,0
205479826,汤山古猿人洞位于汤山北坡，溶洞发育在奥陶系红花园组灰岩中，因其形似葫芦而称为葫芦洞，可分为大厅和支洞两部分，均有第四纪堆积，并且在堆积物中富含哺乳动物化石，而闻名于世的南京直立人化石则发现于支洞堆积物中。,/Date(1588582974000+0800)/,0
1637005,很小的一个景区，里面溶洞挺漂亮的但是很短，一会会就走完了，票价有点高，对猿人介绍比较少，主要看溶洞，建议先去隔壁的地质博物馆，有详细的猿人介绍，看过地质博物馆再来这里还不错。,/Date(1567608869000+0800)/,0
4873798,体验很好，景色不错，值得推荐，有趣好玩，,/Date(1592230258000+0800)/,0
52783332,汤山猿人洞位于南京市江宁区汤山镇，洞景区可分为六大块，分别为入口处石壁雕泉景观、山脚下的古人类石刻园、古人类史料陈列馆。洞内的天然钟乳石确实令人惊叹，只可惜它没有金华双龙洞般，给予一些造型奇特的钟乳石富有特色的名字和典故，洞内极其凉爽，就是观赏得忒快，一眨眼就没了，游玩的关键是看顶上那个露天的洞眼，据说就是通过它才发现这个大溶洞的！,/Date(1471076914000+0800)/,19
30137210,不错&#x20;带孩子看看&#x20;山东很凉快 ,/Date(1595846503000+0800)/,0
49288519,没什么可玩的，随便看看,/Date(1597893043000+0800)/,0
36218441,因为景区曾经在洞中发现了猿人的头盖骨，大约距离现在有好几十万年的历史了，该洞可是一个浑然天成的溶洞，里面不大，几分钟就可以看完，里面曲曲折折的，陈列了许多考古的照片，展览了一些活动痕迹，里面的石笋，钟乳石千奇百怪的，加上灯光效果是不错的，就是门票不大值得。,/Date(1574864834000+0800)/,1
30628456,古猿人洞里面很大，布满了很多钟乳石，充满了神秘感，唤起了对远古时代的探知欲望，在此能感受一下运古人生活环境，一句话，非常值得一看，,/Date(1575411295000+0800)/,0
3559452,前两年在旁边玩温泉时就看到猿人洞在整修，这回特地带着少爷来开开眼，确实不错，虽然几分钟就能玩完，但小朋友在这种光怪陆离之所跑上跑下，犹如一个小野人也是够搞笑的！建议旁边的博物馆先参观再来这边印象会更深刻。逛完吃个农家菜，泡个温泉，一天就很完美了！,/Date(1524203502000+0800)/,5
833874,其它景点爆满才去的，找入口花了一点时间，门口有个小停车场，可停八辆车。景区不大，据说正在改造扩建。涨知识，但洞不大，十五分钟就逛完了。,/Date(1609801242000+0800)/,0
21592908,汤山古猿人洞居然发现了两个不同远古时期的古猿人化石，真的难以置信。洞中有大量的动物骨头化石，为什么没研究出来是古猿人捕猎的？值得探讨,/Date(1587260634000+0800)/,0
63698956,真的特别好看，特别值！刚开始进去还有点怕怕的，因为游客很少。进去之后，就发现眼前呈现的是十分奇异的景象，就好像是仙境幻景一般！,/Date(1500457328000+0800)/,14
3559452,前几年在修缮，现在出新的很标志，前面不远就是地质博物馆，猿人洞的出土文物都在博物馆里展出，并且介绍的很详细！所以可以先去博物馆再去600米左右的猿人洞看看！既是周末人也不多，一个下午慢慢悠悠可以慢慢看！出来吃个农家菜泡个温泉，完美！,/Date(1521274691000+0800)/,4
52293906,古猿人洞是一片天然溶洞，1993年开山采石时，发现该洞，因其形似葫芦而称为“葫芦洞”。溶洞可分为六大块，分别为入口处石壁雕泉景观、山脚下的古人类石刻园、古人类史料陈列馆、遗址洞口山崖猿人雕刻景观、天然溶洞景观、竹园休闲区。洞内的钟乳石形态各异、发育成熟，尤其是红白双色的钟乳石为世界罕见,/Date(1461396823000+0800)/,17
11412046,值得去逛一逛，汤山环境还是不错的,/Date(1612661847000+0800)/,0
1646116,本来想去探险的&#x20;结果真的一般,/Date(1610771120000+0800)/,0
8195213,问了工作人员，说在停车场右侧山上，正好有指示牌指着往山上走，以为在博物馆的停车厂右侧往山上走，跟着指示牌走到山上后发现没有，是条死路，指示牌箭头还那么明显，后来下山才问清楚，猿人洞在外面另外一个停车厂的山上，还好遇到好心人开车送到目的地，希望指示牌能否改一下，不要误导游客往不正确的方向走啊。坑死了人了，那么热的天带小孩，累死了。好不容易上山，溶洞里面还是挺凉快的，第一次进来，感觉还是挺壮观的，灯光照起来比较好看。小孩走走玩玩20分钟就出来了，建议顺路的人可以来看看，不顺路的建议不要特地来，花那么长时间来，就20分钟结束了，有点游后心塞的赶脚。,/Date(1494813818000+0800)/,5
34749567,景区很小，没有什么玩的地方。主要就是看石头，实话说我看不懂。猿人没怎么看到，乌漆墨黑的。,/Date(1602591702000+0800)/,0
94059969,整体还可以，挺震撼，学生可以直接去买学生票，网上订了全票买亏了。里面洞其实不大，一会儿就逛完了，开开眼界也挺好，最好戴口罩，里面太潮湿了。,/Date(1568272235000+0800)/,2
4000312,人不多，对孩子是一个系统的教育，有不少设施需要修理了，好像不太好用。携程预定还是比较方便的，而且非常便宜,/Date(1565252665000+0800)/,1
3559452,买的是和地质博物馆一起的套票。虽然是周末，但是人很少，看的很舒心，门口有很大的免费停车场，进门有安检，网络购票有一个不好，就是不能有纸质票据留作纪念！4D影院没有开放，先前跑男在这边录得节目，很多馆藏都很值得一看，孩子很喜欢,/Date(1521266248000+0800)/,0
8937868,景点在路边，但没有指示牌，走到博物馆回头又慢慢找，有停车场方便停车；取票等了服务员核实半天，进去看了还可以，就是没有看到介绍的猿人头骨，感觉有点没有中心意义了，有没有看到图片介绍的男女猿人模型！也没有讲解员！,/Date(1442292365000+0800)/,4
219764043,以前念书的时候就听讲过汤山古猿人在人类历史上的重要意义，正好顺路来参观了一下，简单了解一下还可以,/Date(1563538841000+0800)/,1
267292873,可玩性低，性价比低，体验不佳，,/Date(1592493784000+0800)/,0
89461129,洞内的钟乳石在灯光的印衬下显得美轮美奂，很适合带小孩子来当一次小小的冒险，既欣赏景色，有了解历史，真的很不错。,/Date(1490515282000+0800)/,2
64804449,还行吧，就是一个小景点，小时候去过。还行吧，就是一个小景点，小时候去过。还行吧，就是一个小景点，小时候去过。,/Date(1568707264000+0800)/,0
18192437,还是值得去看看的，很多年去过，这次带孩子去看看，不过这么多年了整个景区都没什么变化,/Date(1565839548000+0800)/,1
15053871,可玩性低，性价比低，,/Date(1598357732000+0800)/,0
259776302,景色一般，体验不佳，,/Date(1593576697000+0800)/,0
18596584,南京古猿人洞是南京汤山国家遗址公园的核心区域，它是南京目前对外开放唯一的溶洞。溶洞不大，但是年代久远，有钟乳石、石笋等别致景观，再现代灯光照耀下非常幽深。虽然溶洞风光不及中国那些有名的大洞，但有一点是它们远远若不及的，因为这里出土了两个南京直立猿人的头盖骨，是人类文明曙光上璀璨的一点。,/Date(1481100866000+0800)/,5
2149465,博物馆很大，慢慢看需要半天时间，特别适合带小朋友看看，增加知识，猿人洞很小，人气不高，可去可不去。,/Date(1572835689000+0800)/,0
166788038,久闻汤山猿人洞的重要历史意义，朋友偶然带着来玩过一次，山洞风光不错，看了一些头骨，加深了印象,/Date(1563546059000+0800)/,0
100758818,爬山上去加参观20分钟就可以游览完，洞里很凉快，有好多钟乳石和骨头，有灯光还比较漂亮，就是一会会就看完了，性价比不高，门票比较贵,/Date(1571541357000+0800)/,0
40520886,大自然的魅力，虽然不大，非常漂亮，原始状态，钟乳石很美，石葡萄很顽皮，石笋很好看，石柱很神奇，值得一看,/Date(1520685234000+0800)/,3
191148511,还不错，整体感觉还可以，原价25，可以到景点售票处再拍。服务态度不错,/Date(1570542840000+0800)/,0
80370058,虽然不大，但是挺好的！虽然不大，但是挺好的！虽然不大，但是挺好的！,/Date(1565584669000+0800)/,0
5239067,老爸老妈泡温泉，我就山上走走，还不错，了解历史文话，推荐推荐,/Date(1565792783000+0800)/,0
175811762,古猿人洞景区是汤山旅游的一个景点。有公交车，D19，837，208等，存车场也挺大。目前，汤山溶洞正常营业，雷公洞在维修中，此景点与国家地质公园相邻，值得参观。,/Date(1526213292000+0800)/,1
243214229,还可以&#x20;&#x20;挺好看的&#x20;&#x20;性价比还可以&#x20;&#x20;喜欢自然奇观的小伙伴可以尝试,/Date(1570265799000+0800)/,0
5928566,景点不大，内部溶洞比较好看和凉爽,/Date(1570584987000+0800)/,1
51425702,价格便宜，空间很大，第一次去还是有点震撼的。,/Date(1571826708000+0800)/,0
55347471,不错的旅游景点，里面别有洞天，值得去看看。,/Date(1573994719000+0800)/,0
4962925,一般不是很大***********。。,/Date(1570810656000+0800)/,0
23797498,小孩很喜欢，说里面很凉快，说下次还要去,/Date(1565836556000+0800)/,0
7499265,景点票价很优惠，不是很贵，停车也方便。虽然地方不大，但也给人感觉很状观。交通便利，有直达的公交车，离地质博物馆也很近。步行很快就能到达。,/Date(1556888926000+0800)/,3
19749124,风景名胜区一般，环境优美，位置好,/Date(1560038007000+0800)/,0
57254194,地方不大，还行吧，一会就出来了,/Date(1563413634000+0800)/,0
13232010,交通方便，景点不大，换票方便。,/Date(1560780442000+0800)/,0
78270468,不错，洞内的钟乳石十分漂亮。地上较为湿滑，带老人孩子的要小心下台阶。,/Date(1538571330000+0800)/,0
189564752,人少清净，交通不是很方便,/Date(1579041643000+0800)/,0
477911,古代猿人石洞，蛮漂亮的。,/Date(1576306746000+0800)/,0
87443401,值得推荐，景色不错，,/Date(1590823444000+0800)/,0
2173970,第一次去就这样，不去后悔，周边的度假酒店很多，值得小住一二晚,/Date(1525081993000+0800)/,0
18596584,古猿人洞位于南京汤山旅游度假区内，是南京考古界重大的发现。在这里发掘到直立人的化石，被命名为南京猿人。这里是中国著名的考古遗址，其本身也是一处天然的溶洞。溶洞里，石笋、钟乳石不计其数，溶洞在现代光学下，五光十色，十分迷人。溶洞内比较潮湿，有很多地方都有积水，走路时要注意安全。猿人洞的入口比较神秘，陈列了许多考古的照片，经过曲曲折折，才能到达溶洞的中央。出口需要攀爬石梯，这一座石梯在灯光下也是美不胜收。门票不贵，可以进去转个半小时。,/Date(1493955018000+0800)/,1
16239936,从汤山跑完温泉之后搜到的周边景点，距离泡温泉的地方1.6KM，开车很方便。这里是南京人化石地点，国家质地公园。内有雷山洞和古猿人人洞，石洞景色非常美丽，周边环境不错。属于比较冷门的景点，游人极少，意境尚佳。,/Date(1397209109000+0800)/,3
15503549,古猿人洞是一个小景点，游刚好春节旅游旺季刚过，景区里面人少得可怜！但对我们一行人来说再好不过了！温馨提醒，该景区位置较偏僻，但坐南汤{公交）可直达。南汤这路公交较少，所以要等得久些，回程5点半就没有了，所以一定要提前做好准备。,/Date(1397187246000+0800)/,3
10380175,带孩子去体验的感受，环境还是不错的，虽然没有什么太多的参观项目。阳山碑材相当于爬山，孩子对于广场中的活动比较感兴趣，表演与泡泡秀还不错吧，看起来小孩子对于玩的兴趣大于看那块碑的兴趣。猿人洞还行，有部分骨头展示，还有就是门票是张明信片有点意义，当时写了就可以寄出。,/Date(1397150854000+0800)/,3
119070845,景区没有很大，但走一走，拍拍照，没来过，也是挺新奇的。,/Date(1510505268000+0800)/,0
12057581,汤山比较有名的一处景点，门票25元，办的公园年卡去玩的，夏天里面好凉快，孩子要带件外套，不然容易着凉！里面很漂亮，值得一去！,/Date(1449580263000+0800)/,2
100880464,离阳山碑材很近，两个景点半天就搞定了，古猿人洞里面很阴凉，没看出什么，就到此一游吧,/Date(1588086025000+0800)/,0
41326106,不错的地方，带着小朋友来涨涨知识,/Date(1549443463000+0800)/,0
76355365,猿人洞和博物馆本身做得都不错，可惜就是游人太少，很多互动项目都没开。可能需要设法多宣传吧,/Date(1515912358000+0800)/,1
3422961,洞内景色不错，进洞需要爬一段山坡，对于很久没有运动的人还是感觉蛮累的,/Date(1512348848000+0800)/,0
246536056,还不错的地方，有点短，还是得有个解说会最好，以后有机会可能会再来吧,/Date(1570105975000+0800)/,0
11027037,很便宜&#x20;很凉快&#x20;不大&#x20;避暑好地方,/Date(1531986141000+0800)/,0
531095,古猿人洞还是不错的，主要介绍了溶洞，洞大小合适，小盆友也饶有兴致。博物馆外观气势恢宏，但内里不够丰富。四个展馆很多互动设施都坏了，而且介绍的顺序有些乱，能认真看下来实属不易，只能说一般。,/Date(1507296452000+0800)/,2
259997896,说实话大老远的跑过去，只是一个小小的山洞有点失望，以为地方比较大，还好吧感觉门票也就值十五没想到要二十五,/Date(1603039371000+0800)/,0
7446515,位于南京汤山，泡完温泉顺便玩一下，还是不错的。人好少，比较安静。,/Date(1488797393000+0800)/,2
543296,史前人类文化遗址，位于南京汤山葫芦洞。1993年3月13日葫芦洞内出土了一具较完整的古人类头骨化石，引起&#x20;了世界的瞩目。考古学家在此先后发现了十几种动物化石，据科学鉴定，这大约出生于30万年前的南京猿人，南京地区人类史也因此向前推进了20多万年，同时也证实长江流域是中华民族的发祥地之一。在葫芦洞内发现的化石还有肿骨鹿、斑鹿等十余种，这些动物多生长在距今1.5亿年前的中更新世。,/Date(1469071673000+0800)/,1
62888193,泡完温泉开车过去，就是一个溶洞，而且很小不懂地理知识看起来既和其它溶洞也是大同小异。之后再去直立人博物馆，可以想像古猿人在洞里面生活。,/Date(1489247472000+0800)/,2
32204050,小小的山洞&#x20;别有洞天&#x20;挺好的&#x20;性价比可以&#x20;毕竟门票也就20元,/Date(1519043847000+0800)/,0
4901553,改造的工程量不小，现在进去看也没啥感觉，就是一个洞,/Date(1463326981000+0800)/,2
52935359,直立人博物馆规模很大，游人少，有丰富的古代动植物影像，化石和文字介绍。汤山溶洞不大但是很精致，灯光效果很好，小孩玩得很有兴致。,/Date(1519274349000+0800)/,0
84427839,大品牌值得信赖大品牌值得信赖大品牌值得信赖大品牌值得信赖大品牌值得信赖大品牌值得信赖大品牌值得信赖大品牌值得信赖大品牌值得信赖大品牌值得信赖大品牌值得信赖大品牌值得信赖大品牌值得信赖大品牌值得信赖大品牌值得信赖大品牌值得信赖大品牌值得信赖大品牌值得信赖,/Date(1554031627000+0800)/,0
103252811,定的是博物馆加猿人洞的联票！两个景点之间稍微有点距离！直立人博物馆外观看上去很大，但是封闭了很多展厅不知道为什么！看跑男的时候还蛮期待来这里的！所以博物馆并没有太多的东西！略微有些失望！猿人洞虽然小，但是第一次参观这样的洞穴还是很有意思的！钟乳石石笋！溶洞地面潮湿台阶跨度高比较陡峭！小朋友老年人要注意安全！在灯光的映射下还是蛮有美感的！,/Date(1507300334000+0800)/,0
540077,老凉快了，特别舒服，要是再便宜点就好了,/Date(1500714999000+0800)/,0
149792049,山洞不大，路很陡，很有意思，下次再来,/Date(1521422265000+0800)/,0
476533,很小的一个洞，二十分钟就逛完了。,/Date(1570503665000+0800)/,0
30341150,场面震撼，璀璨夺目，进入仙境，大自然鬼斧神工。就是有点小，半小时内逛完。,/Date(1488708393000+0800)/,0
2820608,小景点，爬爬山，随便走走也还行,/Date(1573477273000+0800)/,0
13073872,一般吧，没什么东西就出来了,/Date(1575214544000+0800)/,0
12061364,去了之后感觉真不错，主要是两个溶洞，洞里面应该是今年新修过的，都装上了彩灯，溶洞也蛮大，在里面曲曲折折的绕着上上下下很有意思,/Date(1393301122000+0800)/,3
12057581,交通方便，123.208.837.D11都能到，门票25&amp;#39;&amp;#39;车位也比较多，停车方便！,/Date(1448496852000+0800)/,0
43717923,顺路来看了一下&#x20;就是个溶洞景观&#x20;大人感觉一般&#x20;小孩玩什么都开心,/Date(1571890784000+0800)/,0
9018833,还可以吧，方便停车还免费，洞口很小，内有乾坤，地方不大,/Date(1502179464000+0800)/,0
46394133,带着小孩从直立人博物馆到猿人洞，了解猿人的进化，还不错,/Date(1489897790000+0800)/,2
75203286,不一样的感觉，很黑很刺激，很强的回音。不一样的感觉，很黑很刺激，很强的回音。不一样的感觉，很黑很刺激，很强的回音,/Date(1553307986000+0800)/,1
15371331,猿人洞不大，但是进去很震撼，里面很潮湿，上面有个洞，没有进去的朋友进去后不要着急出来，在里面多待，我因为不知道很小，急着往后走，结果一下子出了门了，出来就不给进了,/Date(1474709971000+0800)/,0
5900101,很小的一个小溶洞，感觉略有点坑啊。展览馆倒还行，展出内容干货满满，还是值得一看的,/Date(1565434131000+0800)/,0
2860142,古猿人洞位于南京汤山镇雷公山，离市区25公里。该洞于1993年3月13日和同年的4月17日分别发现一号女性头骨和二号男性头骨，据专家考证两具头骨距今已有58—62万年，是江南迄今发现的唯一完整的且和北京周口店属同一时期的古猿人活动遗址。,/Date(1559175950000+0800)/,0
6878067,挺好的，景点虽然不大，但是内部确实很精致，各种钟乳石、石笋千奇百怪颇为有趣；博物馆内整洁干净，一些视频解说让我们很好的了解了南京直立人化石挖掘的过程，挺有意思的,/Date(1507025772000+0800)/,0
12057581,门票25元，坐123.D11.208在溶洞下，很方便，古猿人洞里很漂亮，值得去！,/Date(1446817191000+0800)/,0
204478075,洞里有些闷热，景色还是不错的，值得看看,/Date(1547715332000+0800)/,0
103903907,蛮有意思的，门票在携程上购买有优惠！,/Date(1551937292000+0800)/,0
36072831,汤山古猿人洞位于南京市东郊汤山镇，闻名于世的南京直立人化石发现于洞内堆积物中。自从发现“南京猿人”后，洞就收费参观了,/Date(1437311347000+0800)/,2
14767901,汤山古猿人洞位于南京市东郊汤山镇，闻名于世的南京直立人化石发现于洞内堆积物中。古猿人洞的发现是继云南元谋、陕西蓝田、北京周口店、安徽和县猿人之后的重大考古突破。喜欢人类学、考古学的朋友可以看看。,/Date(1408375211000+0800)/,2
112080906,一般般吧，有点小！里面挺凉快的,/Date(1524030995000+0800)/,0
100849013,不错，小孩很喜欢就是有点短……,/Date(1520065522000+0800)/,0
152881213,古猿人洞是南京直立人曾经居住生活的地方，位于汤山镇西的雷公庙中，是一片天然溶洞，溶洞里，石笋，钟乳石不计其数，溶洞不大，年代久远，里面璀璨耀眼。,/Date(1509926260000+0800)/,0
48308932,地方不大，但是感覺還是不錯，有很多考古與教育意涵，門票不算貴。,/Date(1512516527000+0800)/,0
29890865,景区有点远，我是从朝天宫出发转了三趟车才到景区&#x20;取票的地点很方便&#x20;景区还算没让我失望&#x20;进洞看到的都让我感到惊喜&#x20;就是我和我妈去的时候没多少人&#x20;推荐景点,/Date(1418196155000+0800)/,0
8886462,景点非常好找，停车场是免费的。古人猿洞是在山上，形容起来就是四个字，别有洞天！,/Date(1514471246000+0800)/,1
49299585,猿人洞很快就走完了，但直立人博物馆很好玩，对小孩子来说还不失趣味性，有很多的互动学习项目，挺好的,/Date(1497694747000+0800)/,2
1288630,景区外有免费停车场，景区里其实是大溶洞，在这发现了古猿人的骨头，参观完后周边有农家乐。,/Date(1457074342000+0800)/,2
37593685,好小…溶洞好凉快…但是一下子就走完了…有点失望,/Date(1438246078000+0800)/,0
49190303,取票方便，售票处等于取票地点，在半山腰。景区清静干净，入口处的文字和图片说明挺全面。公路上的古猿人洞景区指示牌缺少，需要补充。,/Date(1423497600000+0800)/,0
53368990,蛮漂亮的，就是有点小，一个小时以内可以逛完,/Date(1538921055000+0800)/,0
22651745,这个地方96年去过一次，记得当时不远处就是温泉，还是纯室内浴缸室温泉，这次再去，发现进溶洞要从马路边向上爬好一段，经过一个长廊，过好几段石梯，还是稍微需要一点体力，当然，进洞就可以彻底乘凉了。&#x0A;洞本身不算太大，但是溶洞里各式各样的地质形貌基本都能看到，地面凸起的石笋，顶面悬挂的钟乳石，还有洞壁各式各样的崎岖花纹和石头。洞里比较潮湿，尤其是最高处有嗖嗖的凉风，即便是夏天也觉得挺冷。很多造型别致的地方都有五彩灯光勾勒出轮廓，也算是供游人拍照的取景点。整个洞内如果稍微逗留拍照，15-20分钟的样子，就是地面比较湿滑而且出洞的那段石梯比较高，如果小孩攀爬会很吃力甚至出现危险，这点需要注意。&#x0A;溶洞门口是有人检票的，旁边还有雷公洞和雷公庙，没有详细去看，不知道有无人验票，可能太阳不太烈的天气去会更轻松，当然，到洞内凉意的反差舒适感就不如大太阳天那么明显了。,/Date(1528106190000+0800)/,0
33622668,身在南京好多年了，由于汤山偏远，还是第一次过来。猿人洞就是葫芦洞，溶洞景观在南京真的是难得一见，我也是第一次见到溶洞，很是惊叹。博物馆内容还是比较丰富的，适合慢慢看。教育意义很强，个人觉得是很有意思的一次旅行。,/Date(1514795860000+0800)/,0
93179262,一起来探寻人类起源的奥秘-汤山古猿人洞！,/Date(1495264542000+0800)/,2
27530396,五一劳动节没想象的那么多人，景区内可供游览的只有猿人洞，洞里很凉快，景色漂亮。,/Date(1430665938000+0800)/,0
19090877,洞不大，门票也不贵，还是有点意思的,/Date(1571280169000+0800)/,0
26746012,内容太少体验不足，可以多角度安排,/Date(1566200482000+0800)/,0
85829498,早上去的，人很少，洞里还挺漂亮。,/Date(1520576006000+0800)/,0
17773135,冒着夏日炎炎的太阳?，到此一游！,/Date(1500461605000+0800)/,0
29571960,和朋友一起来的，非常不错！！！,/Date(1513222034000+0800)/,0
59381366,这里发现了闻名于世的南京直立人化石，使南京地区人类史向前推进20多万年。也是中华民族发祥地之一。进去要经过一段楼梯，一号女头骨，二号男头骨，60多万年前的骨头。里面还有好多动物的化石。,/Date(1517589483000+0800)/,0
8498226,评价晚了，地方有点偏僻，人不是很多，里面没有之前玩的地方多，还去了旁边新建的博物院，里面很大，但是很空荡,/Date(1435760901000+0800)/,0
29363014,购买的古猿人洞和博物馆的联票，一定要先去博物馆，再去猿人洞。洞里不大，里面很湿滑，只看洞没什么可看的,/Date(1501377422000+0800)/,0
49190303,从溶洞角度看是小了点，不过和猿人博物馆靠近可以零距离的了解猿人生活环境，比较适合学生进行科普教育点。,/Date(1420560000000+0800)/,0
13460339,景点真的很赞额，推荐大家也都去玩玩。上学时去的地方，印象中洞内的景象很漂亮，要走长长的阶梯，很滑。,/Date(1429186116000+0800)/,0
57254325,带家人去看了下，大环境蛮好，小朋友也学习了，总体满意！,/Date(1512964374000+0800)/,2
67789556,还可以吧，不是旺季去的，没人～,/Date(1508843364000+0800)/,1
35536819,景色很美，就是有一点点小，游览时间一个小时就够了！,/Date(1489906618000+0800)/,2
49190303,很不错的一个景点，虽然不大，但是能了解到汤山地区地质变化的历史，再多些讲解和互动就更好了。,/Date(1428768000000+0800)/,0
36159079,带着小朋友一起去看的，刚开始还有点害怕，不过进去后就好了，比较震撼一些。反正值这个价钱吧,/Date(1493536354000+0800)/,0
49190303,取票停车都很方便。景点不大，很快就能玩好，20元的票价有些贵。周边饭店较多，出来就有的吃,/Date(1424534400000+0800)/,0
12716746,本来说两个洞谁知道雷公洞关了，葫芦洞还不错至少感觉这里能看到溶洞真的还不错，不过很小不大,/Date(1417578878000+0800)/,0
854402,猿人洞遗址和博物馆相聚400米&#x20;需要先去猿人洞&#x20;再去博物馆&#x20;因为博物馆售票处不能验证网络售票&#x20;,/Date(1510552612000+0800)/,0
149677386,国庆没去人山人海的景点，选了比较冷门的，意外的很惊喜，小朋友很喜欢&#x20;很开心～网购票超值～,/Date(1507025454000+0800)/,0
6780928,就是发现了汤山猿人头骨而开发的，里面的岩石被灯光照的五颜六色的，已经被开发的很商业化了,/Date(1408596519000+0800)/,2
2173970,我家周边的景点、尽然是第一次去，环境保护的很好，空气质量指数高。,/Date(1539072545000+0800)/,1
154367088,地方虽然不大，胜在地点很别致，景观引人入胜,/Date(1513321080000+0800)/,0
15931817,也是去汤山的路上看到的，纯天然的山洞，很漂亮，应该是灯光效果，感慨大自然的鬼斧神工,/Date(1454801394000+0800)/,0
15306148,看到了钟乳石，孩子很喜欢，看完去温泉泡一下，不远，下次还会在来，网上预定也很方便！,/Date(1423934492000+0800)/,0
161418312,跟小时候玩的玩的完全不一样&#x20;没有原来天然了,/Date(1520763079000+0800)/,0
108929970,景点还不错，就是孩子小还不懂，取票很方便，携程早几年就一直在用了，就不说了。。。,/Date(1439707078000+0800)/,0
3692549,自己的家乡啦，自己很小的时候就去过，这次是带孩子去感受一下，现在和以前景点有了很大的变化，应该是投资了很多，最多10分钟就结束了，但雨中山里的空气真不错，很怀念,/Date(1437639380000+0800)/,0
11681362,总的来说开发不完整，好的地方慌了！管理不够强大！整体水平来说都还行吧！加油加油！,/Date(1435914583000+0800)/,0
496909,一般般比较小，人不多，交通不大方便，比较滑，路过没事随便看看还信吧，不用专程去。,/Date(1414167554000+0800)/,0
2201547,买套票很划算，猿人洞不大，但是里面值得一看，博物馆信息量很大，孩子学到很多知识,/Date(1518154760000+0800)/,0
96227225,太惊艳了！不虚此行！交通还算方便，就是有点点远，但这么美的地方还是非常值得的！,/Date(1506856564000+0800)/,0
15931817,不得不佩服大自然的鬼斧神工，天然的洞穴可以这么美，看了之后感觉很震撼，特别喜欢,/Date(1454244266000+0800)/,0
45185460,猿人洞很小，比较凉，博物馆带孩子不错,/Date(1493460469000+0800)/,2
49190303,还行吧&#x20;就像大家描述的一样&#x20;一个洞真的不大&#x20;不过里面很值得一看&#x20;我们去得早&#x20;没什么人,/Date(1430582400000+0800)/,0
174176325,有点贵，我觉得15元差不多了。这个洞不算大，不过很精致的感觉，可以一看。,/Date(1549203983000+0800)/,0
85481652,地方不大，带小朋友玩玩不累，可以,/Date(1529202342000+0800)/,0
46981211,太没意思&#x20;&#x20;里面就是一个洞&#x20;&#x20;五分钟就可以逛完&#x20;&#x20;还二十多门票&#x20;&#x20;我也是醉了&#x20;&#x20;真心的无语,/Date(1474764973000+0800)/,0
1473444,天气热去的，里面很凉快，不错,/Date(1525097052000+0800)/,0
83556636,带家人来汤山温泉&#x20;顺便来看看&#x20;,/Date(1514778523000+0800)/,0
983269,其实就是五彩的灯光打在石头上，要有很长一段路才能到景点，性价比不高,/Date(1507987335000+0800)/,0
6923471,历史文化悠久，生态环境优良，值得带孩子去看看！,/Date(1503816560000+0800)/,1
76203062,洞比较凉快确实不大，山里面也挺凉快的。博物馆小朋友还太小没什么感觉,/Date(1501641725000+0800)/,0
62215915,联票很划算，两个点都不错很有文化气息，博物馆孩子很喜欢玩的很开心。,/Date(1499902234000+0800)/,0
34633558,这个猿人洞景点分两个部分，洞里是介绍发现的地方，里面要爬个小山，钟乳石不少。另一个博物馆是放着发现的文物。,/Date(1493639243000+0800)/,0
79306373,不错，不错，很满意的一次游玩，没想到南京还有这种溶洞，真的不错。,/Date(1521366307000+0800)/,0
276145718,体验不佳，性价比低，景色一般，可玩性低，&#x0A;去年去过一次，灯火通明。今年再去，灯光昏暗，射灯、泛光灯撤了好多，主要景观钟乳石根本看不清，景观带钟乳石柱也是黯淡无光，本来就是不大的一个洞，结果留不住脚步，进去15分钟就完事了。票价却没有降！真不会做人！！,/Date(1599880142000+0800)/,1
57254325,带家人去的，总体很好，值得一玩！可以学习有关人类起源的知识！,/Date(1512964466000+0800)/,0
29653504,人很少，洞不大，但还是有看头的，带孩子去，一个不错的地方,/Date(1534577822000+0800)/,0
84427839,大品牌值得信赖大品牌值得信赖大品牌值得信赖大品牌值得信赖,/Date(1531733686000+0800)/,0
32302813,票价便宜，景点较小，快的话半小时结束。但人少，洞里景色虽然比不上宜兴善卷洞，桂林七星岩等，但转转，也挺好。个人会把其性价比排在中等偏上。,/Date(1509247293000+0800)/,0
12057581,留在家附近，可以用公园年卡，里面温度很低，溜娃不错的选择,/Date(1497621792000+0800)/,0
20529639,到紫清湖泡温泉，回去前过去逛一圈，洞里看上去还不错，本来还想去博物馆的，只可惜周一闭馆没看成,/Date(1514291762000+0800)/,0
3091018,地方不大，基本15分钟就走完了，刚进洞觉得比较凉快，有些潮湿，待久了觉得有些闷了，带着孩子逛一圈还可以，门票相对景点来说性价比不高！,/Date(1502700208000+0800)/,0
109206517,值得一去，夏天去很是凉快，不得不赞叹大自然的鬼斧神工,/Date(1496614182000+0800)/,0
222883229,可以说是又好看又便宜的地儿&#x20;还凉快(｡･ω･｡)ﾉ♡,/Date(1557115048000+0800)/,0
9168404,景区有点小，逛一圈下来十分钟都不要。没有开发好，和二十年前都没有变化。,/Date(1520214366000+0800)/,1
5321752,猿人洞的溶洞挺美的，可惜雷公洞没开放。博物馆很好玩,/Date(1512196117000+0800)/,0
12422846,里面有两个洞，进的雷公洞，里面很暗，很危险，出来的时候还有和尚守在外面。猿人洞里面是猿人的历史，还是挺不错的。,/Date(1472095372000+0800)/,1
166570136,还不错的，虽然不大，但是内容很特别，一般感受不到,/Date(1551160871000+0800)/,0
65152260,里面还行，没期待中的漂亮，因为这次过来期待比较高，从市中心专门来回车程花了2小时多。地方比较偏，要是来这里泡温泉的顺道参观就好。,/Date(1522729786000+0800)/,0
63685828,离得也比较近，到今天才去看，哈哈，还不错，值得去,/Date(1491360749000+0800)/,0
16056683,景点不大有一定的教育意义，对于小朋友来说不错。,/Date(1550721849000+0800)/,0
35057666,猿人洞还不错，里面挺凉快。博物馆带孩子去也挺好,/Date(1534747795000+0800)/,0
12269974,小溶洞大学问，四头骨书进化。٩(͡๏̯͡๏)۶,/Date(1507265333000+0800)/,0
18521852,不错的，就是洞里行程比较短！小朋友还没看过瘾,/Date(1556461480000+0800)/,0
163042733,很好玩，夏天特别凉爽，孩子也能学到很多知识！,/Date(1553822392000+0800)/,0
12197300,景点结构精巧，环境幽静，非常愉快的一次旅行。,/Date(1493439571000+0800)/,0
51309306,不怎么样，人很少，就是一个洞，什么也没有。,/Date(1552213254000+0800)/,0
4236879,人很少，景观奇特，面积不大，小伙伴看看值得,/Date(1517524673000+0800)/,0
54429803,景区很有意思，值得看看，了解人类发展历史。,/Date(1514030290000+0800)/,0
90719650,带小孩去玩，多学习看看。小朋友挺开心的。,/Date(1556932460000+0800)/,0
35887869,非常非常的好&#x20;博物馆真心值得一去！值得推荐,/Date(1519135723000+0800)/,0
4479646,还不错吧，就是交通不太方便，没有太多景致,/Date(1518296501000+0800)/,0
56911297,第二次来玩，就是面积小了点，十分钟走完了,/Date(1513208858000+0800)/,0
196966807,emmmmmmmmmmmmmmmmmm,/Date(1557728905000+0800)/,0
18521852,顺带去看看还是可以的，就是路程太短了！,/Date(1555403828000+0800)/,0
25742118,比想像的要令人吃惊，可惜没有全部开放。,/Date(1537899911000+0800)/,0
61460199,还行，通过携程购买门票方便快捷还省钱。,/Date(1519568178000+0800)/,0
63698956,特别好玩！里面内容很全面！一点都不拥挤,/Date(1500465045000+0800)/,0
61677383,相当不错，很方便！！！！！！！！！！！,/Date(1498752639000+0800)/,0
52087397,拿票的地方太远，不方便，工作人员没耐心,/Date(1488519458000+0800)/,0
76855,还可以、景色宜人。。。。。。环境优美,/Date(1554368840000+0800)/,0
15469318,蛮好的，非常不错，值得带孩子学习一下,/Date(1538373632000+0800)/,0
38811772,非常好的一次旅行，学习到了很多知识。,/Date(1537324751000+0800)/,0
28717107,其实就是一个岩洞，发现南京猿人的岩洞，洞内有石笋石柱等，逛一圈10分钟左右。,/Date(1521693447000+0800)/,0
21119218,古猿人洞景区离开汤山很近，5至10分钟的车程，离开汤山镇一步之遥，是去泡温泉顺便带过的不错景点。景点人很少，比较清闲,/Date(1516941039000+0800)/,0
103808291,还可以～就是汤山附近的刚进山洞很凉快,/Date(1503578003000+0800)/,0
25514929,还行吧，就是太小了。撑死玩10分钟。,/Date(1500886245000+0800)/,0
27520093,夏日出游比较清凉，就是洞内比较湿滑,/Date(1537837159000+0800)/,0
84427839,大品牌值得信赖大品牌值得信赖大品牌,/Date(1531536659000+0800)/,0
26710784,很好。感觉很不错。下次推荐朋友来玩,/Date(1514610465000+0800)/,0
38903922,一会儿就看完了，增长知识！很凉快！,/Date(1502071622000+0800)/,0
4359671,带着学生去的，，非常好，以后还会去,/Date(1501486371000+0800)/,0
53303418,带家人一起过去看的，感觉挺不错的。,/Date(1499586047000+0800)/,0
19173508,人很少不大，挺漂亮的。周边环境美！,/Date(1493685074000+0800)/,0
90612939,感觉一般，还有一个洞没有开....,/Date(1491277189000+0800)/,0
24356364,比想象中还小的洞，还可以吧。。。,/Date(1554556522000+0800)/,0
4071612,溶洞不大，里面还是挺漂亮的，不错,/Date(1534662905000+0800)/,0
60939102,地方不大，但在南京来说很有特色。,/Date(1529918464000+0800)/,0
26595992,第一次看到溶洞和钟乳石，感觉不错,/Date(1514853555000+0800)/,0
1581368,挺好就是要爬楼梯&#x20;带小小孩还是算了,/Date(1514336781000+0800)/,0
70430372,这个洞挺好的，就是有点小激动一下,/Date(1507615356000+0800)/,0
118317630,很不错的体验，长知识了，而且很美,/Date(1507220423000+0800)/,0
19042959,既有知识体验，又有风景体验，不错,/Date(1499581183000+0800)/,0
84269112,挺震撼的，人类的文明发展。值得看,/Date(1496218583000+0800)/,0
3676191,洞里蛮漂亮&#x0A;但就是爬起来真的好累,/Date(1491642135000+0800)/,0
205544179,猿人洞不大有点小，里面非常漂亮,/Date(1546012664000+0800)/,0
1982364,了解历史，了解汤山，走进博物馆,/Date(1521791444000+0800)/,0
31812071,可以很漂亮的山洞，就是有点小。,/Date(1511489553000+0800)/,0
50359447,很神奇的地方，领略了历史的神秘,/Date(1508921030000+0800)/,0
16167559,还不错，老人比较喜欢，值得一去,/Date(1496908730000+0800)/,0
59390766,可以&#x20;很有趣的一次体验啊&#x20;很开心,/Date(1497852821000+0800)/,0
4857053,比起很多著名的溶洞来，汤山镇雷公山的这片溶洞群虽然面积不小，但是开发的很一般，喜欢原始感觉的倒是可以去看看。,/Date(1393125682000+0800)/,4
30259979,雖然景區不大，但可觀看人類的發展史&#x0A;對於人文知識有很大的幫助&#x0A;另外，洞內有點潮濕，有帶小孩的人要注意一些,/Date(1427684405000+0800)/,0
,一般，真的很一般...,/Date(1075036004000+0800)/,0
79489810,还不错吧，洞里稍微有点漏水，游客不多，一点都不挤，适合拍照,/Date(1510463471000+0800)/,0
18431661,整个洞太小，进去一段路就是一个像大厅的地方，在进去一段就是一个稍大一点的山洞，然后就没有然后了……,/Date(1476136746000+0800)/,0
14766889,不大&#x20;图片所见即全部&#x20;以为有猿人像什么的&#x20;结果就看到几块化石吧&#x20;,/Date(1519546679000+0800)/,0
109996148,博物馆带小朋友参观体验，很有意思，猿人馆走一圈没啥意思，五分钟，正逢上下过一场大雨，有点湿滑,/Date(1501495586000+0800)/,0
22134971,总觉得没有小时候好玩了，不过刚搞好的展览馆挺不错的,/Date(1409898323000+0800)/,2
9364107,汤山古溶洞是一个统称，但是目前真正被开放的只有雷公洞和葫芦洞。可能知道的游客很少，过去参观的适合感觉人烟稀少,/Date(1384829323000+0800)/,3
33621471,猿人洞不大一会逛完了……博物馆看起来很大，但是里面的内容还是很少很少的！没什么意思,/Date(1468583112000+0800)/,0
21749286,和几个朋友一起去玩的，奇迹，环境还行。没事一家人自驾游不错的！！！！！！！！！！！,/Date(1430471204000+0800)/,0
93743764,是博物馆和猿人洞的套票，博物馆就很大，时间紧没去猿人洞，博物馆很值得一看，埋没了,/Date(1517241734000+0800)/,0
30062669,很多年没去了，和记忆中不太一样了，带孩子去看下，还是不错的．．．．．．．．．．。,/Date(1480729798000+0800)/,0
5380209,人非常少。也没看出什么来。就是一个溶洞,/Date(1467108535000+0800)/,2
49008671,比想象中的小，旁边的另一个洞没开放！,/Date(1505032822000+0800)/,0
45462788,去汤山泡温泉顺便去看了下，一般吧。,/Date(1516929064000+0800)/,0
3530572,去汤山泡温泉的时候顺便来这里游玩了一下，洞里湿气还是比较重的，来的不算多，进洞时时多穿点衣服。,/Date(1392368038000+0800)/,3
67231803,景点很小，二十分钟游玩，要知道这个景点十年前旅游团来的时候可是一个大热点,/Date(1554948137000+0800)/,0
4286619,很有科研价值。游玩的很少，只有几个，很安静。溶洞不算太大，爬起来不吃力。,/Date(1546405646000+0800)/,0
22719332,没见过钟乳石洞的可以去下，就是太小了，5分钟就逛完了,/Date(1507563822000+0800)/,1
68435998,溶洞还不错，售票员服务有待改善！,/Date(1499511693000+0800)/,0
20110833,国庆节带孩子去的，人少，停车还免费，买的是联票，猿人洞比较小，十分钟就可以看完，博物馆比较大，也挺整洁的，可惜还是宣传度不够，节假日避开人流的好地方,/Date(1475543961000+0800)/,0
12461176,啥也没有，一个溶洞一点点大，就一条很短的楼梯到，全程5分钟走完，25块，南京必避坑景点可玩性低，性价比低，体验不佳，景色一般，,/Date(1598167766000+0800)/,1
14263336,性价比不是很高…就一个洞，爬上再爬下，一会会就出来了…有免费停车场,/Date(1553518729000+0800)/,0
11758162,博物馆可以带下朋友去学习科普下。猿人洞参观时间不长，15分钟一圈。,/Date(1503895373000+0800)/,0
8492295,像古猿时代的东西都有真实感，还原真实生活的感觉，高级动物的人确实有点不像古猿时代的东西都有真实感，还原真实生活的感觉，高级动物的人确实有点不老实,/Date(1416113564000+0800)/,0
557432,上一次看到钟乳石还是很久很久以前，想不到就在上海的周边旅游。,/Date(1515972272000+0800)/,0
49190303,虽然地处郊区远了点，不过景点就在路边还算方便，洞内天然的钟乳石和石笋让人叹为观之；只是溶洞小了点，十几二十分钟就逛完了，门票自然也略显贵了；,/Date(1445443200000+0800)/,0
49190303,所谓古猿人溶洞，有点坑爹，就是一个大洞，刚进去的一条小路算是没有开发。到了主洞室，基本除了钟乳石就没有别的了，很潮湿。总体感觉一般，没意思,/Date(1420992000000+0800)/,0
5650352,在汤山，离市区很近，周末可以带孩子去了解一下，长些知识。,/Date(1523020692000+0800)/,0
21119218,洞中景色配合灯光，奇幻多彩，就是洞比较小，有待继续开发～,/Date(1491484838000+0800)/,0
5499243,没想到汤山还有溶洞看，里面有几个区，分布明确，但是开发的有限，不用专门去的,/Date(1392199830000+0800)/,3
118547430,灯光有点亮，把彩灯的光压住了，地方有点小，其它还行吧,/Date(1504706816000+0800)/,0
1818442,喜欢历史地理，喜欢文化，喜欢看看山水之外，值得一看,/Date(1542468020000+0800)/,0
98420284,夏天去停凉快的，都是钟乳石，一个大山洞，别的没什么,/Date(1537292516000+0800)/,0
4773156,比想象的交通方便，博物馆不错，人也不多；猿人洞很普通，主要是考古遗址，至于雷公洞为开放也未退款。所以只能给三颗星，因为服务不上心。,/Date(1504347927000+0800)/,0
55347471,地铁转公交过去，地方不大，票价二十多，可以看看。,/Date(1519487524000+0800)/,0
1495422,古洞前山道清幽，洞内有钟乳石，南京猿人的发现地。,/Date(1397101997000+0800)/,0
17053378,这个好，门票不贵，但是洞穴值得一看，钟乳岩棒,/Date(1521530329000+0800)/,0
40799988,地方非常小，洞穴比较高，个人觉得性价比一般。,/Date(1444087344000+0800)/,0
24390218,洞很小。10分钟就转完了！不过里面还可以！,/Date(1556853190000+0800)/,0
23620594,人挺少的，还不错，博物馆值得带孩子慢慢看看,/Date(1514710615000+0800)/,0
26952663,基本没什么内容，性价比不高，好处是没什么人，拍照可以随意，半个小时就可以逛完，台阶较高，建议女性朋友不要穿裙装，必走光！！,/Date(1429036112000+0800)/,0
23590508,里面可以看看。时间不长。自己开车去吧。,/Date(1515832659000+0800)/,0
34433715,没什么人，没啥看头，空空荡荡的没建设好,/Date(1503417103000+0800)/,0
21119218,古猿人洞景区离开汤山很近，5至10分钟的车程，离开汤山镇一步之遥，是去泡温泉顺便带过的不错景点。景点人很少，比较清闲,/Date(1486221098000+0800)/,0
4414649,小时候在课本里学过，现在来看看很有趣,/Date(1402885655000+0800)/,0
43979986,很小的一个洞。。没有什么特别的感觉,/Date(1556865071000+0800)/,0
2205964,就是一个山洞，看看古猿人的生活场地,/Date(1519482274000+0800)/,0
17130294,景点比较小，也就十分钟就出来了。,/Date(1491309600000+0800)/,0
634443,地方太小，相对景点门票稍微有点贵,/Date(1491205420000+0800)/,0
25853059,天然溶洞，六大区域，还是不错的。,/Date(1486899779000+0800)/,0
55347471,还可以吧，里面灯光配合很漂亮。,/Date(1527260531000+0800)/,0
24871014,总体感觉还是很好，孩子很喜欢。,/Date(1512997166000+0800)/,0
78159076,取票方便，景色很震撼，收获很多,/Date(1511614602000+0800)/,0
12964244,应该在携程上买门票，不然b过去比较贵，不实惠，推荐大家夏天去吧，比较清凉，其他季节还是酸了,/Date(1393132165000+0800)/,1
34549733,科普教育，带小朋友去玩不错?,/Date(1499230810000+0800)/,0
14638355,古猿人洞是位于汤山镇的一个天然溶洞，这溶洞还挺大的呢，里面出土了一具保存比较好的古人头颅,/Date(1406877070000+0800)/,1
39022802,非常一般，可去可不去,/Date(1595780587000+0800)/,0
3535060,古猿人洞是一处溶洞，个人觉得一般，不过夏季这边挺凉爽的&#x20;&#x20;夏天南京太热了&#x20;&#x20;顺路可以看看,/Date(1405524523000+0800)/,1
7438609,就是一个洞，装饰了灯光，几分钟就出来了，没什么意思，什么也看不到。人少，夏天到时是蛮凉快的,/Date(1472392717000+0800)/,0
2057144,没想到汤山还有溶洞这样的景点看，不过个人觉得汤山还是主打温泉吧，这些溶洞实在比较一般,/Date(1387675815000+0800)/,0
5380209,带朋友去的。就是一个溶洞，还可以。值得一去。。。去玩的人很少。不知道为什么。。。,/Date(1474760388000+0800)/,0
10333022,失望。还不如刚开发时好玩。人为改造的地方太多，已经看不出以前的样子了，非常失望。,/Date(1473475744000+0800)/,0
16415966,超级无敌小的一个山洞，没啥意思哎,/Date(1540532168000+0800)/,0
43139503,地方超小，历史又极久远~&#x20;让你感觉票价太贵的差距就是缺一部4D电影~&#x20;&#x20;希望以后好好改进，把游客感受提升！,/Date(1562751205000+0800)/,0
47372335,景点还不错，就是门口售票的不怎么好，说网络不行，让我把携程的票退了从**买，后面又说让我给押金，如果游玩出来她的网还链接不上就现场买票…我就挺奇怪了，我不是没买票，你自己网络问题你不去解决或者找携程解决，怎么变成了消费者买单？让我们在门口等，老的80岁，小的刚3岁，还有孕妇怀孕8个多月，大太阳底下等，还超级多蚊子…哎…不知道说什么好，洞里倒是很舒服，很凉快～&#x20;保安大叔都蛮好的。,/Date(1562595343000+0800)/,1
22274410,比以前裝太现代化&#x20;不思很好&#x20;第一次跟第二次完全没了古老的传统,/Date(1518063757000+0800)/,0
13952985,没什么看的&#x20;刚好没去过&#x20;&#x20;去看看,/Date(1498016348000+0800)/,1
38108858,洞满小的&#x20;&#x20;游客少&#x20;&#x20;洞里有水会滴下来&#x20;&#x20;性价比不高,/Date(1502806966000+0800)/,0
2523970,好神奇的洞，大自然的力量太厉害了。。点赞,/Date(1397102822000+0800)/,0
11987854,就一个洞。最好不要去。浪费钱景色一般，,/Date(1620444633000+0800)/,0
2350110,春季时去的&#x20;人不多&#x20;体验挺好&#x20;娃玩的挺开心的,/Date(1556506452000+0800)/,0
69841055,就一个洞，爬山爬的累死。没有太大的意思,/Date(1514709402000+0800)/,0
109195703,开车两个小时，就走了15分钟，无聊极了,/Date(1496110484000+0800)/,0
3633201,洞很小和去前想像的不一样十分钟就能走光,/Date(1495122317000+0800)/,0
29593708,景区人不多，很小，半小时就能走完,/Date(1489494523000+0800)/,0
53904922,雷公庙没有开放，有点可惜哦……,/Date(1514179801000+0800)/,0
2860142,搜狗您婆婆热婆婆POS婆婆赶紧,/Date(1509459785000+0800)/,0
49259035,里面不是很大，不过可以看看的！,/Date(1502842804000+0800)/,0
334151,可玩性低，一大半洞口关闭,/Date(1616850407000+0800)/,0
49190303,景点在路边，但没有指示牌，走到博物馆回头又慢慢找，有停车场方便停车；取票等了服务员核实半天，进去看了还可以，就是没有看到介绍的猿人头骨，感觉有点没有中心意义了，有没有看到图片介绍的男女猿人模型！也没有讲解员！感觉门票有点小贵，如果免费就更好了！总体风景还不错！那个雷公也没开放，有点遗憾！,/Date(1423324800000+0800)/,0
43956215,太失望了！！！！和几年前去的时候相差甚远，一切都重新改变，从买票到猿人洞到出来，花不了15分钟。简直就是肯人钱！真实的评价，希望大家不要去，不然你真的会后悔！里面的洞，也比以前小多了！就是骗钱的！,/Date(1496061078000+0800)/,3
49190303,感受到远古时期猿人生存智慧和地质的美妙变化，身处其中仿佛回到了远古，猿人就在身边。是一次很好的人类发源教育。,/Date(1441728000000+0800)/,0
49190303,里面是南京人的起源，就发现的晚，交通也很方便，周边的竹林很好看,/Date(1451577600000+0800)/,2
49190303,游玩的人很少，溶洞里面还是比较大的，只是逛一下十几分钟就完了，没看过溶洞的可以去看一下，看过的也就那样,/Date(1451145600000+0800)/,0
31998079,洞实在是太小太小了，从头到尾不会超过三分钟！太坑了,/Date(1588593424000+0800)/,0
49190303,十分钟就走完了。。好小啊。没有很多游客。。空荡荡的，一个人在里面好恐怖。,/Date(1451232000000+0800)/,0
85035272,没有任何看点，什么也没有，感觉就是骗骗人的，楼梯还爬的累死☹️☹️,/Date(1570941842000+0800)/,0
582483,汤山这边有不少小景点。里面是一个熔岩洞，不算太大，还有古猿人的雕塑，有些潮潮的，黑乎乎的感觉，一个人在里面还挺恐怖的，幸好是一帮人一起进去。,/Date(1395157827000+0800)/,5
2509771,早上去得早，没什么人。但是雷公洞在整修。只有一个洞可以看。太坑爹叻，走一下一刻钟就可以出来了。这个坑爹值实在太高，那些点评很高嘚人实在看不懂。,/Date(1424782211000+0800)/,0
16036265,就是一个洞，几乎没有客人，检票的都很无聊在那里。带孩子去的，阴森的洞不要去，大家记住。,/Date(1524750288000+0800)/,0
1783996,夏天去的，里面很凉快，不过好像内容不多，有的很多化石还都是仿冒品，随便看看还行。,/Date(1227689792000+0800)/,0
222425191,没什么看点，爬了半天台阶景点最多10分钟可以看,/Date(1557394237000+0800)/,1
163938243,差差那里的蚂蚁都是好大…虫子蜜蜂多。一点意思没有，就洞里走一圈，没意思。,/Date(1533909293000+0800)/,0
185650645,一点意思都没有，还要票，洞里也不凉快，湿气很重,/Date(1538635886000+0800)/,0
