231873508,值得一去，环境相当不错，趣味性也很强，商品应有尽有，购物店装修不错，布置很好，很有档次，可以实现购物、旅游、休闲、娱乐等一条龙。,/Date(1636533966000+0800)/,1
273104538,周围有许多很不错的当地特色小吃，还有雨花石工艺品店什么的，，半仙豆腐的队排队排的太长了，有机会还是要去试一试的，但是晚上打车不方便出租车乱要价,/Date(1597677330000+0800)/,0
67951412,夫子庙这边卖东西的特别多，不管你想要什么，这里几乎都可以找到，而且每家商店装修的都非常的精致很生动，很多南方比较精致的东西这里都有。,/Date(1622700606000+0800)/,1
15576474,夫子庙步行街这边真的是相当的热闹，过来的时候已经不是旅游的旺季，都已经是很多人过来的。&#x20;&#x0A;这边吃喝玩乐基本上一条街上面都能够解决，而且的话秦淮河真的是特别的漂亮，整个河岸现在加上灯光的话，简直是完美。&#x0A;所以平常晚上都是比早上热闹。,/Date(1604794865000+0800)/,0
95948584,夫子庙商圈足以给人留下久久深刻的印象。这边的把鸭肉做得各种好吃，咸水鸭&#x20;烤鸭&#x20;鸭血粉丝汤，还有蟹黄灌汤包&#x20;桂花糕等特色小吃，还挺值得逛的。,/Date(1610949154000+0800)/,0
40053412,夫子庙景区作为南京市的一个著名景区，也是全国的五星级景点所觉悟，a级景点，我觉得大家有事的时候，没事的时候可以到夫子庙来逛一逛，夫子庙这个人文情怀很浓厚的地方，把南京市66层贾珠的这种名号，贾鑫的淋漓尽致,/Date(1604213120000+0800)/,0
1783028,作为全中国乃至全世界都比较闻名的地方，夫子庙商圈应该说有它的特色。首先它的历史比较悠久，其实它的人文底蕴比较丰厚，另外它的夜色也不错，商品种类也很丰富。,/Date(1607155924000+0800)/,0
43610648,不错不错不错的景点，去南京必定打卡之地，有玩有吃有看。。。。,/Date(1598944352000+0800)/,0
28848694,夫子庙商圈主要是围绕夫子庙景区形成的商圈。主要有水游城，茂业广场，太平商场等。其中最热闹的就是水游城商圈。最老牌的是太平商场。,/Date(1624279230000+0800)/,0
38336162,在夫子庙景区里面，环境真的不错,/Date(1624861273000+0800)/,0
249771767,夫子庙是南京很有名的一处景点，景色非常美，周边已经形成了购物商圈，经济比较繁华，特色的商品店让人耳目一新，感受南京的文化特色，可以选些自己喜爱的纪念品，很美好的购物体验！,/Date(1587263285000+0800)/,1
1783028,夫子庙是到南京旅游必去的地方，尤其是夜晚的夫子庙显得比较的靓丽，而且比较有市井气息。到这儿闲逛，更多的是休闲，购物倒是其次的。,/Date(1606355956000+0800)/,0
6458793,座落在夫子庙风景区内，这里的小商品品种齐全，来此逛逛也算是不错的，环境干净整洁。。。,/Date(1637485596000+0800)/,0
2648981,南京的夫子庙秦淮河风景区，不仅是一个旅游景点，更是一个休闲购物的商圈。这里有着大家喜欢的自然景观和人文景观，更有我们热爱的南京的手信礼物，还有特色小吃。走在街道的两边，你能看到很多的游人和很多的商贩，大家在购买东西的时候也要注意自己的财产安全。,/Date(1576499768000+0800)/,0
56396607,夫子庙是广义上说面积很大，风景很不错，但是购物是不合适的，小吃也做的一般，毕竟是景区。沿街的商家除了一些快时尚品牌，大部分是是售卖小吃的，臭豆腐，盐水鸭，鸭血粉丝，烤串，和其他城市的商业街区别不大。,/Date(1572954276000+0800)/,2
6458793,街道干净整洁，小商品店非常多，小吃也很多，非常值得一来。。。。,/Date(1629475196000+0800)/,0
206312515,这个商圈真是太热闹了，不管什么时候去都是人特别多，大多是外地游客，还有外国游客，感觉真有繁华金陵的味道,/Date(1621386301000+0800)/,0
6508139,夫子庙商圈在南京当地是很出名的，这里商铺林立，旅游产品文化产品品种很多，一定能有你喜欢的心仪的商品。,/Date(1603671235000+0800)/,0
204191553,夫子庙——中国第一所国家最高学府，中国四大文庙之一。个人觉得，夫子庙现在的商业氛围太重了。,/Date(1610938841000+0800)/,0
254036922,感觉这个夫子庙商圈比上海南京路都不差，特别多的游客，还有外国游客，真有繁华金陵的味道,/Date(1621390004000+0800)/,0
234937913,这个夫子庙商圈真是太热闹了，有很多游客，有很多店铺和商场，真是让人感受到金陵的繁华,/Date(1621387464000+0800)/,0
53776349,夫子庙早就以各色小吃文明天下，去夫子庙必须体验一下各色小吃，边走边吃特有风味，也不用担心高级商业区的礼仪。因为你会发现满大家都是边走边吃的人，小吃实在太多，人也太多，没地方坐，哈哈。记得穿个舒适的鞋子。最佳游玩时间是下午四点到晚上九点。有钱的一定要去坐个秦淮河游船！！强烈推荐,/Date(1566783759000+0800)/,0
168295976,很多卖东西和卖小吃的，一个个的商铺紧挨着。,/Date(1615929681000+0800)/,1
56456307,购物的话值得一去。很多大牌都有专卖店，价格差不多，质量不错,/Date(1617541456000+0800)/,0
31911789,南京夫子庙景区&#x20;各种商品齐全&#x20;晚上也很热闹&#x20;旅游购物的好地方,/Date(1607877961000+0800)/,0
48671846,有一家包子铺不错，卖的炸糕特别好吃,/Date(1590933901000+0800)/,1
56456307,吃喝玩乐一条龙，景区东西比较贵,/Date(1611879966000+0800)/,1
184170303,夫子庙这边还真的挺多东西逛，凑凑热闹很不错,/Date(1614255873000+0800)/,0
6458793,就是一个小商品市场，没啥好逛的。。。。,/Date(1619907986000+0800)/,0
56456307,值得一去，各种品牌应有尽有，服务还可以,/Date(1612698939000+0800)/,0
24728791,东西挺全的，南京特产也很多，还不错,/Date(1597418051000+0800)/,0
3523845,其实夫子庙附近还是挺大的范围，周围卖衣服的也很多，奥特莱斯还是很便宜的，但是款式什么的都一般！品牌都是小众的东西，逛逛也好！,/Date(1575687908000+0800)/,0
23005931,夫子庙商圈夜晚很漂亮，尤其秦淮河畔，古香古色，我们带着父母孩子主要流连在卖各种伴手礼、小纪念品商店、游客服务中心的商店，主要是我家小朋友看见此类物品实在拔不动脚，买的小状元的笔袋、各种手帐贴纸、本子等，不亦乐乎啊,/Date(1572490109000+0800)/,0
6458793,非常热闹繁华的地方，来夫子庙一定要去逛逛。,/Date(1612075414000+0800)/,0
3441165,夫子庙十一的时候我去了一次，人真的是非常多摩肩接踵！说是人山人海一点也不为过！因为整个南京城就本身不是很大，所以不论哪里都显得十分的拥挤！不过也很有趣！！,/Date(1566610072000+0800)/,0
298928837,是一个不错的地方，有方便的购物店,/Date(1618724883000+0800)/,0
3350048,夫子庙休闲购物商圈是休闲和餐饮为主的一个庞大区域。&#x0A;在秦淮河两岸的两条街上都是繁华的商业区。可以吃到著名的臭豆腐，蟹黄汤包，鸭血粉丝汤，盐水鸭都有都不错。,/Date(1566223037000+0800)/,0
181890068,夫子庙景区的除了景色秀丽，人气爆棚，还有就是休闲购物特别方便，有景区特色的纪念品，有小朋友的各类玩具，有人气很旺的小吃摊，大排档，口味独特，休闲加享受。,/Date(1560910625000+0800)/,0
4260283,夫子庙这里晚上来逛一逛很不错啊，这里晚上非常的热闹啊秦淮河边上的夜景也是美不胜收夫子庙这里的休息购物商圈已经很成熟了吃吃逛逛街。,/Date(1567203928000+0800)/,0
218434535,夫子庙休闲商圈这里是南京人流量最多的景点了，特别是到了晚上这里的人非常的多，正好来的这天有灯会非常的有意思吧秦淮河边风景很美。,/Date(1567099848000+0800)/,0
56081331,夫子庙休闲购物商圈主要集中在贡院街以及周边的石坝街、瞻园街附近，这里有旅游景点，秦淮河旅游码头、好多的餐饮店、小吃城、旅游纪念品销售店，特产店，游客众多，熙熙攘攘。,/Date(1574642704000+0800)/,0
41410142,夫子庙休闲购物商圈有商铺有饭馆，尤以美食出名，风味饮食店就有数十家之多，建议去这里品尝一下著名的秦淮八绝，都是南京的特色。,/Date(1576423981000+0800)/,0
237208236,南京的夫子庙地区吃喝玩乐样样都有啊，从牌坊进去就是步行街了里面很多卖小商品的走到底就是有名得夫子庙了，但是一次都没进去过。,/Date(1567593613000+0800)/,0
232941348,夫子庙这里晚上来玩的人很多啊，步行街有很多吃的和卖东西的，走到里面一点秦淮河边上就是夫子庙了，开了灯河边的景色是最棒的。,/Date(1567589561000+0800)/,0
178508728,步行街不错，江南贡院值得一去！秦淮河游船没坐上，排队人很多，船票性价比高。边上的水平方商场感觉有点小，东西一般般，不推荐。,/Date(1560605897000+0800)/,0
38961883,排隊的網紅湯包店口味普通，以蹭熱鬧的心情去體驗即可，期望太高會落空。,/Date(1569538871000+0800)/,0
249497855,休闲、娱乐、思古好去处，非常值得一看,/Date(1583571758000+0800)/,0
224732463,集休闲娱乐购物于一体，非常值得一看的,/Date(1583130945000+0800)/,0
35064924,这里是我非常非常喜欢闲逛的商圈。,/Date(1583504881000+0800)/,0
249497855,休闲、购物、参观好去处，值得推荐,/Date(1575708364000+0800)/,0
56456307,各种品牌应有尽有，价格也不算高,/Date(1579240522000+0800)/,0
54051302,来这儿就是购物的，我们晚上来的，想着大老远来买点特产拿回家，很俗的做法各种门票，各种景点入口，每个都收费的。整体购物价格很高，除去专卖店，都差不多价格，比如吃的，喝的，所谓的汉服店。对汉服有研究的我告诉大家别买。都是山的不说版型都不对，说是汉元素都不是。一套最便宜也要三四百吧，某宝上正品一套一二百到处有。不过挨着贡院有一家卖特产的不算贵，我觉得好吃还品种多。像小礼品点，还是算了，看似十元店的感觉，实则三无产品不说比普通商业街贵的不是一二十。我去森马买件换着穿的衣服，小姑娘还跟我说这边的东西他们都不买，哈哈。理智逛街。,/Date(1557137358000+0800)/,5
219764043,曾经是每周必逛的地方，后来已经是多年没去了，那里曾经晚上通宵看电影很多，周围商业街很热闹,/Date(1567636389000+0800)/,0
190850420,夫子庙古都风韵城市，每一个拐角有古人的痕迹，有历史文化，一座城市的风华河川秦淮河&#x0A;并誉为南京的母亲河，中国历史第一大文化河，南京也是一个诞生诗人的古城。南京也是六朝古都，古代秦始皇也历游南京，南京明城墙是六朝国都留下，如今是建康城的基础上修建并以此扩大，东连石头城，南贯秦淮，北带玄武湖，城周35.267公里，包括南京历代都城于其中，不仅是中国第一大城垣，也是世界第一大城垣。它拥有600年不倒的秘密。古代朱元璋也历经此地，从六朝，古代，南京是历代文人墨客怀古之地，留下印迹。,/Date(1557325330000+0800)/,0
178153517,夫子庙休闲购物商圈一带，小商户林立，要吃东西的话一点问题都没有，只不过有点吵。,/Date(1572355140000+0800)/,0
11599921,因为都快晚上十点了，所以也不去其他地方逛往客栈方向回去了，就经过的纪念品商店进去瞧了下，里面玲珑碧透的玉碗挺喜欢的，店员拿着笔和板垫着的纸随时等着为顾客记像饭店里点菜的蛮有趣。,/Date(1417573359000+0800)/,1
2823648,夫子庙，秦淮河，泛舟，状元楼，桃叶渡……科举博物馆……经典所以游客如织。,/Date(1563403007000+0800)/,0
15115682,南京市内最大的仿古建筑群，以明清时代的的江南贡院为中心，规模宏大，区域内商家众多，为往来游客提供各种地方美食、特色礼品及各种土特产品等，是来南京旅游的必到景点之一。,/Date(1557027383000+0800)/,0
19274035,外地游客来南京必打卡之地，地标之一。,/Date(1589538914000+0800)/,0
224732463,文化、休闲、历史都在这里，值得看看,/Date(1574783234000+0800)/,0
24590019,夫子庙很热闹，逛的人特别多。不过现在国内这种商业街太多了，东西贵得会&#x0A;让你怀疑人生，反正是挣外地人的钱嘛！,/Date(1566490631000+0800)/,0
12839723,认识一个城市，要从当地的公交、小吃开始。各地的酒店和地铁区别不大，就是北京的地铁条件差了很远罢了。乍一看，还以为夫子庙只剩下这座牌坊了。当时在想：是肯德基修的夫子庙还是夫子庙里入住的肯德基？有一点是肯定的：夫子肯定没吃过肯德基！呵呵,/Date(1371653138000+0800)/,3
39568529,很值得去的地方，景色很漂亮，吃饭的地方也很多，来南京这个地方一定要来逛逛的。,/Date(1450686438000+0800)/,0
14902100,每一天都是人山人海，寸步难行！除了看人还是看人…小吃价格比前些年几乎翻了一倍，味道还差了许多。,/Date(1564767122000+0800)/,2
19274035,其实真的没什么可以逛的，都是些低端商品。,/Date(1577936386000+0800)/,0
25011466,还行吧，反正发什么都发布上去的。,/Date(1583376870000+0800)/,0
234919429,有的吃有的玩的地方，不错不错！！,/Date(1564702615000+0800)/,0
12827524,一片商业街，卖各种旅游纪念品，端午节本来是想在家里睡觉的，放假前两天妈妈临时决定要带外婆出去玩，好吧~只有南京比较近比较方便，就这里了，随便查了点资料选了几个喜闻乐见的景点,/Date(1371224313000+0800)/,1
12908744,南京第一天。下了雨，凉快多了。晚上才到，夜游秦淮河和夫子庙，体验了下桨声灯影里的秦淮河。六朝金陵，历史确实在这里留下了厚厚的一笔。积淀、文化、思考，是一个人的旅行才有的独特感受。,/Date(1377326540000+0800)/,0
12835669,玄武湖之后便是秦淮河畔了。夫子庙、乌衣巷、江南贡院、秦淮河...夫子庙，学生总要去的地方，＂朱雀桥边野草花，乌衣巷口夕阳斜。旧时王谢堂前燕，飞入寻常百姓家。＂--刘禹锡】,/Date(1368091714000+0800)/,0
1783028,夫子庙是南京的古老区域，这里主要以参观游览为主，在参观的同时可以购买一些南京的特色商品。不过在旅游区域，购买的性价比并不是太高。,/Date(1552715262000+0800)/,0
19592838,太商业化了，里面卖得东西也都差不多，小吃还不错。,/Date(1405261278000+0800)/,0
5504587,晚上去的，人很多，商业味很浓！这时候在整修！,/Date(1403274822000+0800)/,0
1976354,去了好几次都是住在夫子庙附近。这里类似于上海的城隍庙，集小吃，娱乐，购物于一体。夫子庙边上就是秦淮河，晚上秦淮河上灯光璀璨，还是很漂亮的。夫子庙里面有座江南贡院。喜欢小吃街上一家店的牛肉锅贴，个大汤汁多。,/Date(1382421197000+0800)/,6
12844178,"夫子庙的美食节&#x20;快关门了&#x20;才来的&#x20;各种小吃&#x20;各种价格坑爹！路上一个“卡哇伊”饰品shop,秦淮河的街头艺术&#x20;那个抗糖葫芦的哥们&#x20;,蚵仔煎&#x20;15块&#x20;一个台湾老板&#x20;蛤蜊小了点&#x20;",/Date(1382547456000+0800)/,0
12832529,很有特色的一家店铺〜拍照会被罚款滴〜我在不知情的情况下拍了一张〜男女站两旁〜人太多，拍了个男的没来的及拍女的就被人群挤跑了〜火树银花的感觉有木有〜,/Date(1362402011000+0800)/,0
793999,前年大年初一，阳光灿烂，进入夫子庙大街。放眼望去，花灯市场人头攒动，五彩缤纷的龙灯、兔子灯、莲花灯------，花色多样、目不暇接。跟随人流来到【古秦淮】，更是热闹非凡，人来人往，听说南京本地人有个习俗，大年初一就是要到夫子庙去“赚人气”的。我们外地人也聚来凑热闹。人气确实很足矣！,/Date(1382427364000+0800)/,1
3325176,好地方，带老朋友转转，体会南京的文化，有老南京的味道，每次去南京都去。有时候也带客户去吃饭，是一个好上选择，有好多感兴趣的东东。,/Date(1555191290000+0800)/,0
4174257,夫子庙就像上海的城隍庙，里面有好多好多的小吃，很好吃很美味，而且里面也有很多的小商品可以购买和购置，带回去给家人作为小礼品很不错,/Date(1383645351000+0800)/,0
1125434,小吃很多，有很多小礼物可以买，去南京可以在这里买点小东西带回来给大家分享，另外晚上也是很热闹的，像上海的城隍庙,/Date(1382529834000+0800)/,0
12842631,孔乙己茴香豆！量很足&#x20;但味道就很无聊&#x20;绝对是超无聊的一份豆子...白嘴吃太无聊了！&#x20;于是该茴香豆被我们命名为＂无聊＂,/Date(1374461356000+0800)/,0
18089295,这条街还挺热闹的，人也挺多的，有点像小商品市场，有各种各样的东西，还挺有意思的。,/Date(1428979333000+0800)/,1
18747271,评价啊……&#x20;&#x0D;&#x0A;夫子庙的食物&#x0D;&#x0A;两天的经验都是不太推荐&#x0D;&#x0A;&#x0D;&#x0A;你要是喜欢在这种地方&#x0D;&#x0A;买个纪念品送人&#x0D;&#x0A;倒是有选择的余地&#x0D;&#x0A;&#x0D;&#x0A;吃完&#x20;闪人&#x20;,/Date(1423843200000+0800)/,0
5082510,里面有小吃街，有很多好好吃的东西，我最喜欢鸭血粉丝还有小汤包，吃的撑死了，东西也很便宜,/Date(1381282831000+0800)/,0
1685698,热闹热闹热闹。小店多，小吃多，游客多。来南京总要去逛逛的地方。可以在这儿买些当地的点心糕点和鸭子，各式各样的店和风味都有。,/Date(1557960050000+0800)/,0
22902264,假如你钱多，假如你来的早，能坐在秦淮河边以欣赏美景为主，以吃为辅，那就来这儿吃晚餐吧。不然还是吃完再进来吧。位置又不靠河，188一个人几个点心，那真当是冤大头了。,/Date(1460198951000+0800)/,0
20052618,这条街很热闹，和城隍庙很像，有很多小吃，小东西卖，夜里灯都开了，景色不错哦。,/Date(1416107328000+0800)/,0
64083556,没去过想应该非常去看看夜景看看河,/Date(1470466330000+0800)/,2
3333754,夫子庙，小吃真的非常多，鸭血粉丝真的好喜欢，再配点小汤包，人间美味哪,/Date(1381223059000+0800)/,0
8477753,"小吃真的好多呀,觉得很好吃呢,里面卖东西的商家也很多,值得一逛",/Date(1381230948000+0800)/,0
1382002,步行街全国都一样&#x0A;这里的特点在于穿汉服&#x20;民国服装的姐姐比较多,/Date(1559711986000+0800)/,0
54703299,就是跟步行街一样，购物的，里面卖的都是穿的用的吃的很少，还有南京的那些小玩意,/Date(1462110059000+0800)/,3
3685375,夫子庙的小吃特别多，也特别好吃，是一个值的一去的地方,/Date(1381281483000+0800)/,0
14604205,晚上很热闹，有点像上海的城隍庙，有表演，小吃，各种服饰商店，小商品店，还有土特产店。酒店就在旁边10分钟的步程，晚餐宵夜都搞定了。,/Date(1393329543000+0800)/,0
9484228,承载了大学四年记忆的地方，各种服装店、小吃店……,/Date(1384417442000+0800)/,0
15184171,南京去了几十次了，还没去过夫子庙，下次一定去,/Date(1442279031000+0800)/,0
419816,晚上灯亮起来的时候，秦淮河很漂亮的。小吃多,/Date(1381975021000+0800)/,0
4732867,晚上灯亮起来的时候，秦淮河很漂亮的，小店里的纪念品比较坑，稍微大点的店就还好，吃的嘛，南京特色鸭血粉丝了，不过有的人可能吃不习惯，总体来说，看看秦淮河还是很不错的，哦，还可以花钱进那个江南贡院，来点文人气息吧。,/Date(1381306879000+0800)/,0
7393808,想买的想吃的都可以买到吃饭。小吃都很不错,/Date(1379205597000+0800)/,0
6309888,小巷子里面的雨花石挺多的，雨花台更多,/Date(1381477084000+0800)/,0
,不错哦，我以前去过一次，这回是第二次,/Date(1380669052000+0800)/,0
56456307,有很多新奇特色的小玩意，很有意思,/Date(1558998448000+0800)/,0
9364107,夫子庙是南京饮食文化的发源地，起初到达的感觉就特别像上海的城隍庙，夫子庙包围着秦淮河，在里面逛街购物别有一番情趣,/Date(1384577543000+0800)/,0
956197,夫子庙里面的小吃很好吃，流连忘返,/Date(1381282061000+0800)/,0
14609861,全国最高孔子像喔&#x20;祈求金榜题名,/Date(1393338949000+0800)/,0
7261397,秦淮河值得一游，步行街值得一看,/Date(1382041750000+0800)/,0
1063500,以前在水游城住自己一直没有单独来过，这次暑假带孩子过来，里面游客很多，关键是里面的小吃都是坑爹的，外面卖7元的鸭血粉丝汤在这里20元，关键是味道太差，垃圾，绝对垃圾，奉劝大家以后不要上当,/Date(1438513292000+0800)/,18
19225437,这里很热闹的，有很多的商铺，卖的种类也是很丰富的，这里的大部分产品都是卖给游客的，来这里的游客真的太多了。,/Date(1409568879000+0800)/,0
2999444,很多小商品，秦淮河畔，美,/Date(1381281467000+0800)/,0
6492181,顶一个！一定要去的地方,/Date(1379947341000+0800)/,0
4174257,南京夫子庙人特别多特别热闹，各种各样的小吃听说可以有108种，卖东西的地方也特别多，是逛街的好去处,/Date(1384498103000+0800)/,0
18866288,比较热闹，但不是西单那种拥挤。因为在整修，所以可以游览的区域少了一半。算是比较有风格的商业街吧,/Date(1404259534000+0800)/,0
583360,也是景点，很多小吃。晚上有夜灯也很多店卖江南特色商品。晚上可以做船夜游秦淮河，夜色中拍照人特多,/Date(1384493862000+0800)/,0
4184891,和上海的城隍庙差不多，晚上会亮灯，过年的时候去的，人挺多的。特色小吃很多，在这里都能吃到。,/Date(1382072923000+0800)/,0
8835507,夫子者，孔夫子也。当年的夫子庙，如今已是商贩聚集的地方。里面有家粥店很好喝。热烈推荐。,/Date(1382411362000+0800)/,0
8338842,到南京最想来的就是这个地方。到夫子庙地区小店买礼品一定要会还价。南京的雨花石值得一买。,/Date(1381676128000+0800)/,0
10352641,周末的时候人很多，小吃也非常多，有点像上海的城隍庙，比较热闹，更喜欢晚上到夫子庙来玩,/Date(1384934150000+0800)/,0
7566875,其实每个城市的购物商圈都差不多，在这里可以里吃吃小吃，随便走走。可以夜游秦淮河。,/Date(1385212973000+0800)/,0
8935044,这里很热闹的，过来这里的人很多，这里就是一个商品市场吧，不是很高大上的感觉，倒有点像小商品市场了，东西有些杂，觉得如果规划好的会更好的，,/Date(1406026704000+0800)/,1
