642372,位于夫子庙景区中心，贡院街和贡院西街西交角，遵奉大成至圣先师之处。前门有魁光阁、聚星亭、泮池、文德桥，后有尊经阁，两侧为东、西市，西市南出口有夫子庙小学，东市出口为晚晴楼。,/Date(1638664564000+0800)/,4
391654457,欣赏古建筑&#x20;赡养孔夫子的好地方&#x20;特别有文化的景点&#x20;门票才29元&#x20;人少的日子去那边&#x20;&#x20;值得推荐给朋友,/Date(1650535400000+0800)/,0
26140825,是在夫子庙里的一个大殿，对于来历，我不是很清楚，要补习一下,/Date(1648468829000+0800)/,0
162882629,【景色】不错&#x0A;【性价比】不错&#x0A;【趣味】不错,/Date(1647964755000+0800)/,0
196837749,大成殿作为夫子庙的核心景区，是供奉和祭祀中国古代著名思想家、教育家孔子的庙宇，因孔子对中国古代文化作出了集大成的贡献而得名,/Date(1642732844000+0800)/,0
8392993,购买票价合理，出票快捷方便。景点儿干净整洁。建议多人出行。景点儿棒棒哒,/Date(1645186591000+0800)/,0
19177328,夫子庙纪念天下第一老师孔子的地方,/Date(1648385597000+0800)/,0
25428005,冬天的夫子庙又一件盛大的喜事，就是闻名全国的夫子庙灯会呀。每逢元宵佳节之前，夫子庙上灯之时，也是城里的一件隆重新闻，佳节因此变得更有仪式感了。&#x0A;&#x0A;上灯不止赏灯，也是人们美好心愿与祝福的达成，这是上灯带来的意义。此时夫子庙灯火通明，仿如不夜城一般美丽。,/Date(1609747048000+0800)/,5
43676257,购票迅速，可以立即使用。,/Date(1637995307000+0800)/,0
747478,五一期间人多，平时挺好。秦淮河风光带很美。,/Date(1643270310000+0800)/,0
7849438,大成殿是南京夫子庙的主殿，石砌甬道直通殿前，殿前耸立着一尊4米多高、全国最大的孔子青铜像，甬道两旁有十二贤人的汉白玉塑像。大成殿里面悬挂着一幅6米多高的孔子画像，被称为中国孔庙一大杰作。大殿四壁上是38幅反映孔子生平事迹的彩石镶嵌壁画《孔子圣迹图》。还有四亚圣汉白玉像、名人诗词碑刻等文物。从大成殿后门走出就到了学宫，包括明德堂、尊经阁（即民间艺术大观园）等。大门上有清末状元秦大士题写的“东南第一学”门匾。学宫南侧矗立着四块石碑，其中六朝石刻《孔子问礼图碑》最为著名，记载了孔子从家乡去周王城洛阳考察典章制度的经历，可谓“镇庙之宝”。,/Date(1608090833000+0800)/,1
7848849,性价比一般，占地面积小。,/Date(1643160016000+0800)/,0
223376644,位于秦淮河九龙壁的正对面。门票30元，而且南京市游园年卡不能用。进门后里面地方不大，半小时参观结束。过年前后里面有花灯应该更加漂亮一点,/Date(1625906390000+0800)/,0
13705259,南京夫子庙景区是免费开放的，大成殿是收费的且不在南京市年卡范围内，每年秦淮花灯都会设大成殿展区，灯展也会结合孔子的一些教育理念和论语名句，长知识的地方,/Date(1617200815000+0800)/,1
321306826,夜景很漂亮，还会再过去，没玩够！有趣好玩，景色不错，总体超赞，,/Date(1622106119000+0800)/,1
366096918,南京夫子庙大成殿位于南京市秦淮区夫子庙内，地处夫子庙秦淮风光带核心区，是南京夫子庙的主殿，高16.22米、阔28.1米、深21.7米，殿内正中悬挂一幅中国最大的孔子画像，高6.50米、宽3.15米。&#x0A;庙内陈设仿制2500年前的编钟、编磬等十五种古代祭孔乐器，定期进行古曲、雅乐演奏，演出反映明人祭孔礼仪的大型明代祭孔乐舞，使观众听到春秋时代的钟鼓之乐、琴瑟之声，展现二千多年前年的古乐风貌。大殿四周是孔子圣绩图壁画，形神并具。,/Date(1635994334000+0800)/,0
5157933,去南京旅游，来到了夫子庙打卡，夫子庙大成殿是在夫子庙里面的，是夫子庙的主殿，处于夫子庙秦淮河风光带的核心地区，需要买门票进入。殿内正中悬挂着中国最大的孔子画像，大殿四周是孔子业绩图壁画，庙内陈设仿制2500年前的编钟、编磬等十五种古代祭孔乐器，定期进行古典、雅乐演奏，展现二千多年前的古乐风貌。庙院被两庑廊环抱，墙上镶有三十块由赵朴初、林散之等著名书法家撰写的墨宝真迹碑刻。,/Date(1591701492000+0800)/,4
44485019,大成殿位于南京夫子庙内，是夫子庙的主殿。大成殿作为夫子庙的核心，是供奉我国著名思想家、教育家孔子的庙宇。夫子庙有吃有喝有景，非常热闹。,/Date(1632631417000+0800)/,1
67951412,我们去的时候正好夫子庙门口有各种表演，还是挺热闹的，因为人太多，只能稍微晚一点再进去看一看，一定要找一个讲解器或者找导游给你介绍一下。,/Date(1622700954000+0800)/,0
58096729,南京夫子庙大成殿位于秦淮区，是南京夫子庙的主殿，殿内正中悬挂一幅中国最大的孔子画像。孔子为“大成至圣先师”，“大成”应指孔子。夫子庙是不需要门票的，但是大成殿是需要的。,/Date(1631527926000+0800)/,0
1726151,记得第一次来南京应该至少有十年时间了，那时候的第一站就是也从夫子庙大成殿开启的，也是在晚上才开始的，以至于第二天白天又去了一趟。,/Date(1611562235000+0800)/,2
167953434,景点名：夫子庙大成殿&#x0A;地址：南京市秦淮区贡院街152号&#x0A;交通：地铁3号线到夫子庙站2号口出步行&#x0A;营业时间：上午9：00——晚上21：00&#x0A;夫子庙周边开放步行街是免费餐馆的，主体建筑大成殿需要购票才能进去。门票全价30元，学生&#x2F;老人&#x2F;儿童半价票15元。,/Date(1599602438000+0800)/,0
13705259,南京秦淮灯会夫子庙大成殿分会场，可以下午迟点去，感觉下白天和晚上灯组通上电源后灯组忽然灿烂的那个瞬间，所有五彩的灯组变得透明而灿烂,/Date(1617460865000+0800)/,1
52424237,值得带孩子一起去，了解历史，体验江南风情，品尝各种江南美食，虽然商业气息浓厚了许多，但是历史的痕迹还在，每次路过南京，都要去一次。,/Date(1606055196000+0800)/,1
225597081,环境好，卫生干净整洁，设施齐全，服务周到，靠近夫子庙秦淮河和老门东，离景区很近，交通便利去哪都很方便，总体来说环境很好靠近秦淮河边上，推荐,/Date(1624077812000+0800)/,0
57922832,交通：&#x0A;就在夫子庙内，过了第一个门就到了大成殿。需要步行，也是在秦淮河风光带内&#x0A;推荐理由：&#x0A;是夫子庙主殿，主要供奉思想家、教育家孔子。门外有孔子的雕像，店内供奉着中国最大的孔子画像。高6.5米，宽3.15米。大殿四周是孔子的生平事迹。&#x0A;tips：&#x0A;这里晚上9:30关门,/Date(1604187332000+0800)/,0
25770227,大成殿是夫子庙主要建筑，是供奉古代著名思想家孔子的地方。殿内正中悬挂了一幅中国最大的孔子画像。殿内四周墙壁用各种宝石，玉石，翡翠等雕的孔子的生平，很是精美。付费参观。,/Date(1621392339000+0800)/,0
265302346,这里有几个盘子&#x20;看你运气&#x20;扔硬币到盘子中&#x20;有步步高升&#x20;还有其他的&#x20;里面可以兑换硬币,/Date(1593313733000+0800)/,2
40053412,夫子庙作为情怀的5A级景区，怎么可能没有别具一格的大成殿呢？大成殿可以说是古代历史建筑的瑰宝，它的里面是拥有精灵和古代的深深相惜，我们知道了，其中仿佛犹如进入了古代一般，仿佛穿越了！,/Date(1602913318000+0800)/,0
28848694,这就是夫子庙的最中心地区，据说以前科举考试以前，考生都会来拜拜，求孔夫子保佑考试通过。现在变成了一个收费景点，从来没进去过，据说没什么意思。,/Date(1629799379000+0800)/,0
31064015,大成殿这个景点的确不错，很值得去~里面有最大的孔子像，里面的科举文化展览馆也弄的挺好~不过最让我恼火的是售票处（状元邮亭）跟魁光阁的服务态度太差了，真的太差了！！我跟同学买了大成殿跟状元卡套的套票，结果到了魁光阁领卡套，第一次被告知不能领，他们不知道有这个活动，让我们去大成殿售票处询问，于是我们又跑去售票处，结果她们态度超级冷淡，来了一句东西是在魁光阁领的，她这儿又不是魁光阁。没办法只能又到魁光阁，拿着携程的订票短信，那儿的经理看了之后才不耐烦的对员工说，那谁，拿两个平步青云的卡套给她们，因为还有鱼跃龙门，金榜题名这样的卡套，所以我们想换一个，可是店员的态度也超级奇葩，就是不给换。。。我擦，本来好好的心情被搞得一团糟，真是晦气！南京好歹是个六朝古都，是大江苏的省会，夫子庙好好的一个景点，就是因为这些不负责任态度恶劣的服务给搞毁了！景区的长久发展离不开游客的支持，只有游客满意了景区才能更好走的更远！,/Date(1447259524000+0800)/,34
511813,精致的孔庙，建筑精美，地方不大！,/Date(1597850016000+0800)/,0
1489701,南京夫子庙的大成殿是供奉孔子的地方，是夫子庙的主要景点。&#x0A;南京夫子庙大成殿的规格还是比较高的，前面有石碑、孔子的雕像，后面两侧有仰圣、习礼的钟鼓楼。主殿大成殿气势雄伟，殿内陈设考究，有雕刻装饰。单就大成殿而言，甚至比山东曲阜孔庙大成殿还要豪华。,/Date(1580788382000+0800)/,1
6458793,来夫子庙玩必去参观的地方，环境干净整洁，值得一游。。。,/Date(1635765822000+0800)/,0
240938094,这个地方在南京还是比较有名气的，值得大家过去看看，夫子庙的夜景特别的好看，附近的小吃也比较多，只是本人自己感觉门票价格有点略贵。,/Date(1635207097000+0800)/,0
6458793,座落在夫子庙中心区，殿内干净整洁，值得一去。。。,/Date(1627218361000+0800)/,0
19177328,夫子庙是来南京必游之地，大成殿瞻仰孔子的丰功伟绩,/Date(1622279540000+0800)/,0
28848694,这个景点。。。怎么说那。去夫子庙景区不是这个地方感觉有点可惜，但是去了之后吧。有点后悔。外地来旅游的去一次就行了。里面就一个孔子像，其他啥也没有。,/Date(1613621537000+0800)/,1
6508139,来南京一定要逛夫子庙了，在夫子庙的大床垫可以看到孔夫子的雕像，了解儒家文化的发展历程。,/Date(1612189601000+0800)/,0
1783028,这殿堂还是值得去看，因为里面的面积并不小，尽管是单独收费的，但是相对来说价格并没有那么贵。里面的人文情怀和自然景观都还不错。,/Date(1606898856000+0800)/,0
1783028,这里是夫子庙最有历史文化底蕴的地方之一，建筑的历史比较长，始建于北宋期间。这里是祭祀孔子的正殿，是一处需要单独收费的景点。,/Date(1606355127000+0800)/,0
10394166,带孩子出游挺值得去的一个地方，小姐姐讲解的挺好，孩子听的有趣更加了解历史,/Date(1620001709000+0800)/,0
56456307,值得一去。大成殿恢弘大气，依稀能看出当年风光。,/Date(1620347248000+0800)/,1
73657622,携程上定的票，到达夫子庙后，取票很很快。去的时候是淡季，游客虽然也不少，但是已经是很好了。秦淮河的夜景确实很美，坐着画舫，游一游秦淮河，真有种纸醉金迷之感，哈哈哈。,/Date(1573236622000+0800)/,1
168313875,"很好,下次贵推荐朋友来",/Date(1625994429000+0800)/,0
53109226,金陵十二时辰上篇：驱车一路疾驰，于下午至南京，稍事休整，前往老门东遍赏民国风情，随着时间推移，移步中华门吊古凭今。转至月上柳梢头，伴着“烟笼寒水月笼纱，夜泊秦淮近酒家”的诗句，沿着秦淮河游览夫子庙、大成殿和江南贡院。末了，踏着青石街、穿过文德桥，来到“旧时王谢堂前燕，飞入寻常百姓家”的乌衣巷。,/Date(1568866825000+0800)/,1
241326062,取票很快，南京的景点人是很多，如果确定要去，可以提前一天买票，或者买联票，比较划算，喜欢人文历史的朋友，可以多逛逛，最好找一个导游，介绍的详细些，带小孩的，可以多听听。,/Date(1570696297000+0800)/,0
2053546,夫子庙客流量很大，&#x20;50元门票，&#x20;夫子庙入内参观，,/Date(1618487277000+0800)/,0
28848694,这个地方怎么说那。反正就是来夫子庙肯定要去的地方。要要门票很是劝退人，进去了就那样，要考试的孩子去拜拜应该能精神加持一下。,/Date(1621593947000+0800)/,0
1052953,来南京旅游，夫子庙是必去之地。夫子庙地区面积着实不小。&#x0A;&#x0A;景点：夫子庙大成殿&#x0A;地址：夫子庙景区内&#x0A;推荐理由：这里是夫子庙供奉孔子的庙宇主殿，也是夫子庙蜚声中外一年一度元宵灯会节的主会场，所以一定不能错过这里的夜景。各种造型的花灯自不必说，还有不少互动节目，很是热闹。,/Date(1570898618000+0800)/,0
31911789,到夫子庙值得一去的大成殿&#x20;很庄严肃穆,/Date(1607878091000+0800)/,0
58440720,去过几次，都进去拜拜。逢考必过。,/Date(1600912279000+0800)/,0
224732463,历史在这里沉淀，非常值得一看的！,/Date(1592747822000+0800)/,0
6786466,南京城夫子庙秦淮河风光带应该是最有魅力的地方了，这里人文荟萃，文化气息扑面而来，也是夜市特色最为浓烈的地方了，很多人都会来夫子庙祈福，希望考上好的学校！,/Date(1577259823000+0800)/,0
2994371,带着虔诚的心许了愿，希望能实现,/Date(1615216332000+0800)/,0
249497855,历史在这里沉淀，非常值得一看的,/Date(1592144575000+0800)/,0
72191775,来夫子庙怎么能不来夫子庙呢！和麻麻在门口逛了一圈，游船排队的人太多了，我们坐在夫子庙门口，也是缘分，看到夫子庙有表演，那我们就去看看吧！！多好的缘分呀。&#x20;夫子庙景区的演员颜值巅峰都汇集在这里了。&#x20;庙里在放知否知否～～～好听爆了！结缘于此。,/Date(1568649246000+0800)/,1
14285689,虽然行程很多，很赶，但是导游介绍的很好，很详细，也有很多课本上不知道小知识，感觉收获很多。也感觉一天正能量满满。非常满意的一次旅行。,/Date(1573636724000+0800)/,0
3441165,大家都去过夫子庙，但是有谁见过雪中的夫子庙呢，特别是伴随着一轮大大的月亮！这古老的秦淮河，即使是在冰天雪地中也充满了风情啊！！！,/Date(1580181072000+0800)/,0
1539384,夫子庙景区内不大，就一个大成殿可以看看。,/Date(1624885011000+0800)/,0
60020045,感受一下儒家气氛，其实挺商业的。带孩子去看看还行，就是一种感觉吧。反正在夫子庙里全是各朝各代的文化制度，再加上各种木雕画,/Date(1571920027000+0800)/,0
39489447,大成殿是夫子庙的主殿，大殿四周是孔子业绩图壁画，形神并具。大成殿作为夫子庙的核心景区，是供奉和祭祀中国古代著名思想家、教育家孔子的庙宇，因孔子对中国古代文化作出了集大成的贡献而得名，布局为前庙后学宫。,/Date(1566040619000+0800)/,0
89491703,一般吧，走走看看感觉没什么特别有意义的,/Date(1624375973000+0800)/,0
198100429,在夫子庙游玩了江南贡院，和夜游秦淮河。秦淮河两岸夜景相当美。游船上有导游讲解。江南贡院是一个博物馆，里面文化气息浓厚。,/Date(1562417890000+0800)/,0
19177328,在夫子庙中心地带的大成殿，可以拜祭万世师表的孔子，看到很多关于孔子的故事,/Date(1607402943000+0800)/,0
231485336,有趣好玩，景色不错，总体超赞，性价比高，夫子庙里的梧桐树特别好康,/Date(1603948978000+0800)/,0
163541882,大成殿是夫子庙的主店，供奉中国古代著名思想家孔子的庙宇。里面四周有孔子的介绍，全是玉石浮雕，很值得欣赏。,/Date(1567775396000+0800)/,0
6458793,小时候常去玩，现在重建过了，来玩可以了解一些历史知识，值得一玩,/Date(1610869820000+0800)/,0
226004960,景区面积不大&#x20;但历史色彩浓厚&#x20;地处秦淮河风景带&#x20;游船前可以先来看看,/Date(1600338354000+0800)/,0
153331646,孔子是传统文化的代表人物，少来膜拜的人摩肩擦踵。有一段现场表演，一个男的带领四个女的，没看懂，希望老夫子解读一下，哈哈！,/Date(1564068427000+0800)/,1
264270362,每次去南京，只要有空就会去夫子庙秦淮河看看，非常喜欢,/Date(1613116874000+0800)/,0
495180,夫子庙景点，只是去感受一下热闹，毕竟也是中国四大文庙之一。秦淮名胜，乌衣巷，朱雀桥，秦淮八艳的故事，夜游秦淮河…都是熟悉又陌生…,/Date(1602501583000+0800)/,0
19177328,来南京不能不去夫子庙，来夫子庙不能不去大成殿,/Date(1593840273000+0800)/,0
229580239,夫子庙除了巨幅的孔子画像，另外最主要的就是华夏教育展馆，对教育的发展衍变进行相关介绍，还是挺值得看看的，有些展品还是相当有意思的…P.S.原来英语用汉字标音是遗传啊,/Date(1566210985000+0800)/,0
201211898,夫子庙大成殿，里面古香古色，推荐前去游玩哦，夜景其实会更好一些,/Date(1560833675000+0800)/,1
73418381,大殿很美也很壮观，凝聚着古人的聪明才智。,/Date(1606913671000+0800)/,0
202132664,夫子庙是南京非常著名的旅游景点，每年这里都会举办全国闻名的“夫子庙会”！夫子庙里面供奉孔老夫子，里面还陈列了许多与孔夫子及其弟子相关的一些大事记，还有古代科举考试的内容！夫子庙面积不算大，游览时间大约可以控制在1-2小时！每逢节假日，夫子庙里面有敲钟击鼓祈福的活动，有兴趣的朋友可以去询问一下！夫子庙门票是60元每人，可以在正门西侧的窗口购买！来夫子庙的方法还是很多的，可以乘坐公交车，交通线路还是很多的，也可以乘坐地铁三号线到“夫子庙”站下车，步行几分钟即可到达夫子庙！逛过夫子庙可以去旁边的科举博物馆参观一下，可以去夫子庙美食街吃点当地的特色美食，还可以乘坐画舫游览秦淮河。,/Date(1574546673000+0800)/,0
3350048,每个孔庙的核心建筑就是大成殿。这里在大成殿外建有孔子立像。大殿里面却只有孔子像，却没有赔祀的大弟子，然后就是卖福禄寿牌的工作人员。周围又经典儒家故事的画像不错。,/Date(1566222398000+0800)/,0
226640983,夫子庙感觉不如总统府有意思，不过里面可以凭门票免费拍摄一张1寸摸着编钟的照片，不过出来后让你到东边一个小巷子取，但是他们会同时洗出一张大的照片让你选，大的20块钱。对于像我这种没啥文化的，进里面就感觉没啥意思。对了，里面还可以花钱敲钟击鼓。,/Date(1563325556000+0800)/,0
99072844,里面没有什么东西，各种项目都要收费，提供学信网证明也不能购买学生票，挺不方便的,/Date(1623236684000+0800)/,0
23657052,和妈妈一起去看大成殿～唯一的重檐建筑～,/Date(1613214097000+0800)/,0
29239072,热风习习的夜晚，漫步在夫子庙步行街，根据网上推荐的美食，细细品尝。在远离家的地方体会到一种尘世的美。夫子庙中礼拜孔圣人时，又有一些高于尘世的神圣。而秦淮河上闪烁的灯火又仿佛回到千年的时空。&#x0A;【景色】,/Date(1563954446000+0800)/,2
44253616,不错，很有文化韵味，来南京你看的景区哦，昨晚来逛了，就住附近了，今早再来逛一下，有要来的建议晚上来，景色美的至极，就是人多，要上游轮的要早点来，不然排不上的,/Date(1445134656000+0800)/,4
3548097,在夫子庙景区里，需要单独买票进去。,/Date(1592868458000+0800)/,0
60452687,蛮不错的一次旅行，就是商业化有点严重，建议大家不要在里面请香，超级贵，拜一拜就好了，心诚则灵。,/Date(1561265683000+0800)/,1
6458793,值得一玩。。。。。。。。。。。。,/Date(1618715912000+0800)/,0
19274035,在夫子庙景区里面，香火挺旺的。,/Date(1591656374000+0800)/,0
90782573,带孩子去的，很有教育意义。位于夫子庙中心地，繁华，很有意义的一次旅游。,/Date(1561858882000+0800)/,0
55324861,从明代开始就有这个建筑啊，至今将近600多年。晚上秦淮河有灯光，很好看！夫子庙我觉得没什么可看的。如果想照夜晚的秦淮河，建议买张江南贡院的门票，,/Date(1572590975000+0800)/,0
3441165,去过山东的孔庙，也来到了南京的夫子庙！感觉虽然没有孔庙那么恢宏博大，但是也能感觉到气质和精致！特别是如果是晚上去的话，华灯初上真的是十分美丽！,/Date(1566609955000+0800)/,0
305217321,性价比高，总体超赞，,/Date(1619498975000+0800)/,0
172333762,值得推荐，体验很好，,/Date(1600402586000+0800)/,0
170984289,值得推荐，有趣好玩，,/Date(1595424780000+0800)/,0
241112417,体验很好，值得推荐，,/Date(1593180802000+0800)/,0
50415533,里面有个很大的孔夫子铜像，带着孩子过来祭拜一下，让孩子了解中国传统文化，挺好的。大殿里还有一个巨幅孔子画像和一些传统文化介绍,/Date(1561447134000+0800)/,0
40049716,夫子庙和江南贡院了解了我国古代教育和科举考试的产生和发展，夜游秦淮领略独有的秦淮风光风情，做为初来南京的游客还是值得一去的！,/Date(1560319790000+0800)/,0
13020134,看图说话吧，因为下午在线上买的票，两个小时后生效，结果晚上的景致出乎意料的好，还有一个美女志愿者声情并茂的讲解，不虚此行！,/Date(1562062871000+0800)/,0
230241776,孔夫子庙游玩后，觉得又受了一次国学教育，看了很多经典的典故，还有编钟，最有趣的是门口投硬币，虽然我投了好多个都没投中,/Date(1561192775000+0800)/,0
48009707,游玩的非常开心，导游小姐姐是免费的哟,/Date(1560470633000+0800)/,0
12977031,大门刚进的庭院很恢宏，孔子像很高大威严。其他就是文物展示了，都看不来什么字，就觉得很好看。还有发现那时的学生考试小抄，超级厉害(ง•̀_•́)ง，各位可以看图，不过小抄字写的很不错的,/Date(1459836060000+0800)/,4
94490823,名不副实，没有与时俱进，不知道别人怎么想,/Date(1612253663000+0800)/,1
10551761,相当划算，景点很美值得一去啊，里面也很有内容，孔子雕塑历史文物古迹，是我们很好体验历史文化名城的好机会，很多景点在一起的,/Date(1585492064000+0800)/,1
240013726,还好，挺不错的，即学习了知识又观赏了夜景，孩子们玩的挺开心的,/Date(1567121982000+0800)/,0
72729188,值得一游，里面有孔子一生游记图像，后院还有学制历朝历代发展过程，还有专门祈福求学挂福牌的地方，对于即将高考的学子们非常有用，整个夫子庙充满浓厚的历史人文气息。,/Date(1476960881000+0800)/,5
35266291,一般般中规中矩吧，没有特别多的亮点，性价比还算可以,/Date(1615936281000+0800)/,0
2103698,8月下旬的庙子里，白日人迹罕至。。。快热晕了,/Date(1598105348000+0800)/,0
24834615,夫子庙占地极大。有照壁、泮池、牌坊、聚星亭、魁星阁、棂星门、大成殿、明德堂、尊经阁等建筑。夫子庙被誉为秦淮名胜而成为古都南京的特色景观区，是中国最大的传统古街市，与上海城隍庙、苏州玄妙观和北京天桥为中国四大闹市,/Date(1533468202000+0800)/,2
169481099,买的4联票，非常物超所值！中华门城堡和夫子庙都去逛了，也烧了香请了灯。强烈推荐中国科举博物院！！真的是可以花2-3个小时好好逛逛。遗憾的是联票中我们是内秦淮河游船到5:30就结束了，这个时候也没有花灯了，时间也来不及了，所以就没用。我们晚上去了买的秦淮游船夜票，80一人，半个小时左右，夜晚的秦淮很迷人，听着导游的介绍，有种身临其中，世事沧桑的感觉，强推！！！,/Date(1523353278000+0800)/,2
40423522,大成殿是夫子庙的主殿，大殿四周是孔子业绩图壁画，形神并具。大成殿作为夫子庙的核心景区，是供奉和祭祀中国古代著名思想家、教育家孔子的庙宇，因孔子对中国古代文化作出了集大成的贡献而得名,/Date(1514468526000+0800)/,3
18596584,夫子庙大成殿是夫子庙秦淮河风光带的绝对核心，也是南京夫子庙的主殿，是科举文化以来供奉孔子的圣地。这里的大成殿不同于全国其他地方文庙里的大成殿，而是中国三大殿宇之一，规格十分之高。里面主要供奉孔子画像，为全国之最。当然，也有其他有名的弟子，如子路、颜回、曾参等。这里还有2500年前的编钟等古老得乐器，定期有古乐表演。这里主要表演的是明代祭孔大典上的古乐。大殿四周都是壁画，有不少是近现代著名书法家题笔。这里有孔子周游列国，传道授业的故事。同时，这里还有南京著名特产雨花石展览，堪称中华一绝。这里的建筑始建于北宋时期，为东南地区之冠。晚上的夜景也是很棒的，门票不贵，学生半价。绝大多数游客第一次来夫子庙游玩都会买票进去的。,/Date(1509780488000+0800)/,6
2035411,每次来南京都会到夫子庙来逛逛，沾沾孔夫子的仙气儿也好。&#x0A;&#x0A;进入夫子庙，马上就看到大成殿前的控制雕像，游客如织，连个拍照的空荡都不容易找。导游卖力的在给游客讲解夫子庙和孔夫子的传说与故事，正所谓听着有心，感觉收获不小。&#x0A;&#x0A;殿里的展品不少，汇集了南京的风俗人情和礼仪故事，后院还有几块石碑据说很有历史，值得多来几次的地方。&#x0A;&#x0A;殿里还有编钟等乐器的免费演出，可惜实在挤不进去，算了吧。,/Date(1420332865000+0800)/,6
241520599,我们是晚上去的夫子庙，主要是介绍一些生平故事，有的时间段可能会安排表演活动，其他没有什么特别的，感觉门票不值这个价,/Date(1568603397000+0800)/,0
38162642,这个就是冲着孔夫子，趣味性一般,/Date(1598192944000+0800)/,0
1483862,南京的夫子庙和北京的孔庙比起来更热闹，可能是因为这个是在秦淮河边上的关系吧，也有可能是因为现在是国庆假期的关系。晚上还有灯光秀。,/Date(1570017458000+0800)/,1
93757820,这个景点怎么说呢，一般。,/Date(1607528619000+0800)/,0
106202155,非常值得一去，大成殿里面有很多好看好玩的东西，让孩子敲敲钟，打打鼓，象征吉祥如意，学业有成。夜间去的话景色更美。物超所值！,/Date(1501860326000+0800)/,5
102286615,夫子庙的风光主要在秦淮河带，单独的夫子庙摘出来似乎特点不大规模也比不上曲阜孔庙，不过也值得一去,/Date(1560411721000+0800)/,0
1176755,个人认为，文庙，寺院，纪念馆，博物院……这些实在有必要实施不收费。……此处只能省略一万字！&#x0A;文庙，纪念圣人的地方和铜臭挂上总是怪怪的。,/Date(1523290576000+0800)/,8
19946269,夫子庙算是南京的地标建筑，没到过夫子庙应该不叫到过南京吧？&#x20;虽然只是夜宿南京，但是也要抽出时间去感受这个城市带来的神秘感。&#x20;夫子庙夜晚有花灯，夜晚人声鼎沸，各种小吃充斥着夫子庙。,/Date(1504776642000+0800)/,2
9369868,很好的景点，门票价格还实惠。,/Date(1573393510000+0800)/,1
40687430,家里有小孩要中考、高考的可以带来拜拜孔夫子，里面都是些文章或牌匾，然后就是卖各种纪念品，商业化非常浓厚，景点很小名气大，一般吧！,/Date(1567084434000+0800)/,0
195888920,非常*******************************************************************************懂喝,/Date(1580910629000+0800)/,0
19946269,夫子庙，中国最早的第一所国家最高学府，为供奉祭祀孔子之地，中国四大文庙，秦淮河畔风景如花之地，中国最大的传统古街市，当你漫步夫子庙街头无处不感受到传统学风和无穷魅力。,/Date(1496650851000+0800)/,2
11319272,很棒很繁华，吃的也很多，也学到了很多额文化,/Date(1565941118000+0800)/,0
225233294,还不错，有很多小吃，和杭州的和纺街有点像。,/Date(1563081738000+0800)/,0
161490476,南京夫子庙大成殿位于南京市秦淮区夫子庙内，地处夫子庙秦淮风光带核心区，是南京夫子庙的主殿。殿内供奉着我们的先师孔子。在这里，跟着导游，看着一幅幅壁画，一个个珍贵的文物，一起回顾孔子的人生、孔子的办学、孔子的思想，一起了解古时完整的祭孔礼仪。当历史在导游的讲解中一点点呈现时，我终于明白一个大家，要具备的品性、知识、能力。“师者，所以传道授业解惑也。”作为我们共同的老师，已然做出了很好的榜样，作为后人，我们一定要传承这种精神，将我们的传统文化发扬光大。,/Date(1551320798000+0800)/,0
89376675,【佩瑾小酌45:夫子庙-南京5】&#x0A;（2018.4.21）&#x0A;（一）&#x0A;到南京不游夫子庙和秦淮河，那就相当于没到南京，这话绝对没毛病。&#x0A;&#x0A;夫子庙就在秦淮河畔，从总统府出来后，继续刷个共享单车慢慢骑行，经太平北路和太平南路到贡院西街，二十多分钟即达。&#x0A;&#x0A;夫子庙票价30元，网上提前购买更便宜些。&#x0A;&#x0A;（二）&#x0A;到了夫子庙，发现如此清幽、高雅、肃严、尚文的最高学府，处街井闹市而不惊，临烟月金粉而不染，颇有独善其身之大家风范。&#x0A;&#x0A;几经毁灭和重修，夫子庙建筑群越发地庞大壮观，大成殿、东南第一学、大明国子学、贡院、天下文枢牌坊、聚星亭、棂星门等，组成了夫子庙开放式的秦淮胜景之一。&#x0A;&#x0A;瞻孔子塑像，行仁礼之道，学而不厌，诲人不倦，国学之精粹，育人之法典。&#x0A;&#x0A;只不知那些走入江南贡院考试的才子们，除了在夫子庙虔祈孔老夫子庇佑金榜高中外，是否亦如我一般自省其身呢？&#x0A;&#x0A;（三）&#x0A;苦读寒窗，一朝金榜。&#x0A;&#x0A;状元邮亭，在秦淮河畔见证着那朝那代那一刻的荣耀！,/Date(1524917856000+0800)/,0
42165303,非常值得一游，难得的一直开放到晚上九点的5A景点。可以充分利用在南京转车的时间，赞。旁边有王导谢安纪念馆（联票32，单票8元），江南贡院（非周末开放到九点，周末10点）。出来后在秦淮河边转悠转悠，吹吹凉风，非常惬意。,/Date(1522847565000+0800)/,0
84662532,大成殿是南京夫子庙的主殿，高16.22米，阔28.1米，深21.7米。殿内正中悬挂一幅全国最大的孔子画像，高6.50米、宽3.15米。殿内陈设仿制2500年前的编钟、编磬等十五种古代祭孔乐器，定期进行古曲、雅乐演奏，演出反映明人祭孔礼仪的大型明代祭孔乐舞，使观众听到春秋时代的钟鼓之乐、琴瑟之声，展现二千多年前另古乐风貌。,/Date(1502206526000+0800)/,2
53847821,"里面有个很大的孔夫子铜像,带着孩子过来祭拜一下,了解中国传统文化,挺好的。大殿里还有一个巨幅孔子画像和一些传统文化介绍",/Date(1568451031000+0800)/,0
20732583,南京夫子庙大成殿位于南京市秦淮区夫子庙内，地处夫子庙秦淮风光带核心区，是南京夫子庙的主殿，殿内正中悬挂一幅中国最大的孔子画像。大成殿四周是孔子业绩图壁画，形神并具。许多家长为孩子求学都来此求拜。,/Date(1534180343000+0800)/,0
36218441,游客必去的景点之一，其实也没有什么特别的，商业化就已经是很普遍的的，还好不存在强买强卖，殿中间就是孔子的画像，可以参拜上香，可以敲钟祈祷，比较严肃，不过感觉也就差不多吧。,/Date(1562943993000+0800)/,1
234454512,文化气息很浓厚，有学生撞钟。求了福许了愿，愿孔子保佑。但是！编钟照相两寸不要钱大张一张二十！！！不要买！！！,/Date(1565188811000+0800)/,0
35064924,也是夫子庙里面比较出名的地方，很多人前来打卡，有的人也是来进香的,/Date(1582556628000+0800)/,0
212387710,第一次近距离感受到科举考场的气息，三场六夜九天是多年辛苦的绽放。,/Date(1566909576000+0800)/,0
200938081,南京夫子庙就在秦淮河边，历史悠久，是中国四大文庙之一，号称中国第一个国家最高学府。进去参观是免费的。,/Date(1569682987000+0800)/,0
41782551,特意提前做了攻略，夫子庙还是得晚上去才好玩。离夫子庙景点入口约五百米处，是南京有名的饭店南京大牌档，里面的菜性价比很高。,/Date(1561478653000+0800)/,1
7901626,夫子庙不是很大，就几个展馆，一会会儿就逛完了（●─●）里面收费项目还是蛮多的，击鼓2元1声，正好听到说30块钱两面各敲10下(｡•́︿•̀｡)&#x20;这都可以打折，里面得展厅还是可以看看的，介绍里华夏文化的发展史，有时间可以去(๑•̀ω•́๑),/Date(1507354442000+0800)/,3
25912199,再游南京夫子庙大成殿，万世师表，大成先贤。国有国的文化，家也应该有家的文化。孔子这一生没有享福，且在世时候思想也没得到君王重要，死后历代所用的儒也不是真正意义上的儒。但即使再过万年，人心人性也不会允许原生态孔子思想处于执政指导地位。另外，个人觉得最后一图上汉高两字改为高祖更好。,/Date(1505634531000+0800)/,3
114644462,《定期祭孔展儒教》玉石镌刻夫子庙，庙院中心砌甬道。孔子铜像高四米，八位弟子列两道。碑廊环绕大成殿，孔圣画像两丈高，左右佇立四亚圣，卅八壁画功德表。钟磬鼓乐十五种，定期祭孔展儒教。,/Date(1528367183000+0800)/,0
15190772,这里非常好！看看古迹，看看介绍，涨知识。就是人太多了！,/Date(1588500954000+0800)/,0
203245373,中国儒家文化诞生地，保存完整的古建筑，欢迎大家来参观。,/Date(1576801271000+0800)/,0
459939,夫子庙票务中心服务很好&#x20;就是人太多&#x20;天气热&#x20;夜游秦淮河景色好,/Date(1565253775000+0800)/,0
94490823,不到夫子庙等于白到南京。大成殿是夫子庙景区的核心，孔子对中国古代文化做了集大成的工作，故名大成殿。小朋友们应该来瞻仰圣人，树立理想。,/Date(1576709335000+0800)/,0
173436087,学生票半价优惠，需要提前预定和携带学生证。景点以参观为主，可以了解孔子及其弟子的历史，还有部分科举文化历史等。,/Date(1561779162000+0800)/,1
44149109,取票很方便，就在门口售票处，网上买票还便宜&#x20;推荐。大成殿主要是求功名的，哈哈，有孔子老师的像，对于我们学渣来说，很快就逛完了哈哈,/Date(1560847792000+0800)/,0
5981781,里面用贝母做的故事壁画很好看。学生党可以进去讨个好彩头。但我个人觉得还没对面的江南贡院有意思呢，没什么特点啊，全国孔庙那么多,/Date(1568783619000+0800)/,0
178613454,南京的最强景点之一，环境不错，标准的旅游景点小吃一条街，里面还好吧，考生可以去看看,/Date(1562812836000+0800)/,0
240298753,很好********************************好的,/Date(1570954113000+0800)/,0
42503880,大成殿位于大成门的北面，是祭祀孔子的正殿。始建于北宋景祐元年（公元1034年），殿内正中悬挂一幅全国最大的孔子画像，向下有木龛，龛内主要有“大成之圣文宣王之先师”牌位，两旁配有孟轲、曾参、颜回、孔伋四亚圣汉白玉石像。用于祭祀的古乐器置于孔子像前。大成殿内四周墙壁镶嵌有《孔子圣迹图》壁画，采用玉石、鸡血冻、寿山石、翡翠及黄金珠宝、罗钿等名品饰件以浮雕镶嵌造型，每幅画高2.5米，宽1.3米，计38幅，内有人物雕像408位，所雕人像及亭台楼阁、人文故事等，栩栩如生，非常传神。表述了孔子“万世师表”的典范形象。,/Date(1517460248000+0800)/,2
13724803,夫子庙即孔庙，始建于宋景祐元年（公元1034年），由东晋学宫扩建而成，夫子庙建筑群主要由孔庙、学宫、江南贡院荟萃而成，是秦淮风光的精华。夫子庙是秦淮河畔的标志性建筑。周围还有东市，西市和很多传统小吃。,/Date(1510581170000+0800)/,2
48671846,大成殿，很有意思，白天来这里比较好,/Date(1590841783000+0800)/,0
249497855,古代科举制度的圣地，学历史的好地方,/Date(1584112207000+0800)/,0
224732463,古代科举文化的缩影，秦淮文化的代表,/Date(1582899004000+0800)/,0
50436833,历史悠久的文化遗产，值得拥有和尊重,/Date(1579165868000+0800)/,0
182050877,带孩子走一回，祈祷孩子以后金榜题名,/Date(1564827093000+0800)/,0
9088265,烧香拜佛的好地方，也可以参观一下,/Date(1584414321000+0800)/,0
249497855,科举文化的教科书，非常值得一看,/Date(1576121324000+0800)/,0
8817460,古色古香，很早就想带娃来一趟。来了南京很多次了，这次终于走进了夫子庙。拜了拜孔子，了解了夫子庙的前世今生。,/Date(1566826575000+0800)/,0
67841018,景点的景色非常好，非常喜欢，有很多值得留恋的地方，很不错的一次游玩体验，以后如果还能有机会，一定会再来的,/Date(1564265823000+0800)/,0
1875954,门票还好，感觉开放才好，里面不是很大，兑票处服务人员态度稍差，有小朋友的家庭可以给小朋友了解下儒家思想，我们就是走吗观花一游,/Date(1445817229000+0800)/,1
22926903,景区面积不大，不过人气旺，很多朝拜的香客。有历史文化底蕴。网络购票取票方便。门口广场大旁边就是秦淮河。,/Date(1564538321000+0800)/,0
149781810,二维码直接入园，方便快捷，不错。挺好的，比现场买票方便，挺好，不错的游乐体验，玩的也开心，信任携程。,/Date(1565857785000+0800)/,0
18997665,南京夫子庙大成殿，供奉孔夫子的大殿，这里也是南京夫子庙景区的核心景点了，来南京怎么能不去夫子庙秦淮河景区呢？&#x0A;&#x20;&#x20;一进入夫子庙大门，映入眼帘的就是大成殿主体建筑，因为进入时是傍晚所以夜景灯都打开了，看起来璀璨明亮夺目的感觉……因为是国庆假期所以里面人好多，道路两旁有一些石雕像，应该是孔子的弟子们，大成殿门口正中间是孔子的雕像，两旁树下是祈福金榜题名的各种福贴，用红绸缎系在横杆上，一片火红挺好看的哈……因为带着孩子一起去的所以也应景一下挂了一幅逢考必过的红福牌子，哈哈&#x0A;&#x20;&#x20;大成殿里面正中间挂着：万世师表及孔子像，两旁是各种牌匾，因为人多没认真看是谁立的。整个夫子庙包括大成殿其实面积不大，逛一下出来大约一个小时足矣……不过还是值得来看看的哈！,/Date(1552882034000+0800)/,1
29433111,晚上小吃很多，良莠不齐，都比较贵，卫生一般，不过晚上景色不错,/Date(1446971228000+0800)/,0
37818094,成人刷码或身份证进入，儿童需要从门口换儿童票。特意从游客中心请了导游讲解，听得津津有味，不错。,/Date(1580015184000+0800)/,0
178153517,要进入夫子庙大成殿的话，还要另外给门票，有兴趣的可以进去看看，没有兴趣的可以在外面拍张照。,/Date(1572355031000+0800)/,0
31719754,尊师重教、诲人不倦在这里一一展现，是历史更是责任。,/Date(1444128925000+0800)/,0
27185620,还不错，华夏教育展，中国5000年的文化史，值！,/Date(1446990221000+0800)/,0
183287750,网上购票方便，夫子庙实在是人多，过年去的，寸步难行，灯会也比较水，主要是人太多太多！,/Date(1570079065000+0800)/,0
181793516,非常好的景色，夫子庙，景色都很集中，就是吃的地方，太贵，太贵了。建议大家住的话可以住在新街口吃的东西便宜，然后离景点又不远。,/Date(1557931026000+0800)/,0
38052478,夫子庙还是值得一去的，很多教育文化值得学习。,/Date(1452875358000+0800)/,0
19302378,夫子庙晚上游人如织，人山人海好多给孩子们祈福希望学业有成的，感觉不错，还有表演。,/Date(1566373316000+0800)/,0
2403205,夫子庙大成殿是纪念孔子的地方，去的时候已过清明假期，游人较少，门口有免费的讲解员可以带领讲解参观，讲解过程中会有推荐的高香，祈福牌之类的推荐，但不买也OK，整个景区不大，后半部分主要是华夏教育展，看看也不错。,/Date(1460009683000+0800)/,2
8937868,每次来南京都会到夫子庙来逛逛，沾沾孔夫子的仙气儿也好。进入夫子庙，马上就看到大成殿前的控制雕像，游客如织，连个拍照的空荡都不容易找。导游卖力的在给游客讲解夫子庙和孔夫子的传说与故事，正所谓听着有心，感觉收获不小。殿里的展品不少，汇集了南京的风俗人情和礼仪故事，后院还有几块石碑据说很有历史，值得多来几次的地方。殿里还有编钟等乐器的免费演出，可惜实在挤不进去，算了吧。,/Date(1442285820000+0800)/,2
229521470,非常值得旅游的地方，人很多，景色很美。,/Date(1564786321000+0800)/,0
19946269,南京的南锣鼓巷，不过比南锣鼓巷更错综复杂，非节假日人也挺多，建议买票进夫子庙看看，有孔子跟学生的“日常趣事”挺有意思的,/Date(1513782975000+0800)/,0
4592641,金陵一地流传着很多的故事，如果没有读书就去旅游，其实就是两眼一抹黑，根本不会知道这有什么好看，但是静下心来读过故事的话，就会觉得很有意思。,/Date(1491655561000+0800)/,3
4719704,夫子庙大成殿位于大成门的北面是祭祀孔子的正殿殿内正中悬挂一幅全国最大的孔子画像殿外基座上有孔子青铜像一尊《孔子问礼图碑》是南京夫子庙“镇庙之宝”之一。夫子庙大成殿坐落于夫子庙古街秦淮河一带。,/Date(1438254489000+0800)/,4
2994371,带着孩子一起去的夫子庙，就在秦淮河旁边，还跟着导游了解了一些历史，不错的体验,/Date(1567237705000+0800)/,0
235304335,晚7点半有歌舞表演，很短，但在这样的环境中感觉还是有特色的。可以与编钟背景合影。北门出去还有个小展览可以看，看的展览太多了，已经没啥印象了，感觉看不看均可。,/Date(1566390679000+0800)/,0
2663495,其实还纳闷呢，夫子庙这么有名的地方，怎么全是商业啊，最后一天金陵灯会，才知道夫子庙的位置，买的门票倒是很值，又看灯又可以瞻仰孔子的塑像，大成殿在里面，因为是晚上，好像没怎么开放，最后没留下什么印象,/Date(1444839876000+0800)/,2
247155686,很好，10月7号早上去的，人不多，携程提前2小时购票后需在门口6号窗口换票,/Date(1570943023000+0800)/,0
166788038,位于夫子庙的中心地带，颇有历史意义，纪念孔子老先生，进去感受的气势很是宏伟,/Date(1560852206000+0800)/,0
223056105,挺好的，十月份下旬去的，人不多。,/Date(1571736735000+0800)/,0
2940546,订票便捷，出票迅速，还有优惠，无需等待，随时可用。网络订票，值得多推广！,/Date(1563714252000+0800)/,0
63372989,第二次来了，还是老样子，还可以，跟五年前来没什么太大变化，考生必拜之地,/Date(1560587893000+0800)/,0
219764043,到夫子庙游玩，大成殿算是必去打卡的地点了，瞻仰孔圣人的风采，很有气势,/Date(1560852741000+0800)/,0
1402506,一个一般，而且还要去领票，比较麻烦，不能使用身份证刷票，其他也一般,/Date(1569236866000+0800)/,0
5145315,外地人把夫子庙作为秦淮河风光带旅游的绝对代表，而夫子庙就是这里的绝对核心了，要单独买票进入游玩，其中大成殿是夫子庙的主殿，供奉有孔子雕像，值得一看,/Date(1548288414000+0800)/,0
38506814,里面还是有些文物的，看看是值得的，里面不大，门票可以再降一降。,/Date(1573898791000+0800)/,0
39397268,夫子庙不是很大，不过去的时候正赶上高考前期，超级多的人来祈福，里面的琉璃很漂亮，记录了孔子的事迹，由于不喜在寺庙一类的地方拍照，只有门口的照片,/Date(1499898582000+0800)/,2
34517200,挺好的，赶上节假日有表演的时候，能体会一把中华古典文化礼仪。,/Date(1573452188000+0800)/,0
117199563,晚上氛围很好，灯光很漂亮，感觉带着孩子去看看还是蛮有意思的。可惜的是人实在太多了，看演出成了听演出。,/Date(1566480667000+0800)/,0
1904373,大照壁，位于文德桥旁内秦淮河河畔。始建于明万历年间，长110米高8米。规模超过山东曲阜孔庙照壁，号称天下第一壁。回去查了查资料才知道照壁是中国古代汉族传统建筑特有的部分，具有挡风、遮蔽视线的作用，墙面若有装饰则造成对景效果。照壁上还有寓意吉祥的雕刻图案，工艺甚为精堪。&#x0A;当然放在现在，照壁的观赏意义远大于档风遮蔽的作用啦。尤其晚上，射灯下成了拍照的好地方。,/Date(1529395918000+0800)/,1
41650848,商业性太浓，边上街道就是全国一样的模式了。有很多当地小吃。,/Date(1572414691000+0800)/,0
6067126,天下文枢，夫子庙的标志性景点，小时候常去，里面一尊孔夫子像,/Date(1562718818000+0800)/,0
13705259,大成殿在南京夫子庙景区文德桥对面，正对天下文枢牌坊，门票不在南京年卡内，大成殿最精彩的是每年春节期间的主题灯展，都围绕孔子的故事而设的彩灯,/Date(1550827506000+0800)/,0
19274035,夫子庙景区步行街的大成殿游客很多，元宵节灯会时特别热闹。,/Date(1574376299000+0800)/,0
13435710,景色很好，在秦淮河边，还可以游船。南京贡院也在里面，小吃，特色商品，真是吃住玩一条街，太好了。,/Date(1465606374000+0800)/,0
1861637,价格却优惠不少，就是取票有点不方便，在东门口，有点远,/Date(1565279781000+0800)/,0
1330484,孔子的纪念大殿，里面有语文高中课文里的经典名句，去的时候是下雨，拍的有点小黑，喜欢人文去看看,/Date(1418025111000+0800)/,0
843537,学生的票，在景点售票处刷二维码就可以取票进去，还算方便。不知成人为什么不行，还要到400-500米外的航空航天干部管理学院去取票。,/Date(1562986159000+0800)/,0
56992302,端午来的，人比较多，认真看了介绍孔子生平的画和文字,/Date(1559992996000+0800)/,0
27848975,其实一般&#x20;体验感一般&#x0A;觉得不值票价&#x0A;可以忽略&#x0A;不用打卡,/Date(1571725989000+0800)/,0
52424237,正在装修，有几个景观看不了，整体商业气氛比较浓,/Date(1568020948000+0800)/,0
91448549,人实在太多了，也就是为了拜拜孔子吧，感觉不太值,/Date(1566832439000+0800)/,0
3615204,没赶上演出，有讲解，晚上人不多！位置很好找！。,/Date(1561778977000+0800)/,0
30908774,对比一下就知道携程是最便宜的了。而且只要提前预定2小时可以取票。旁边的贡院一样很便宜。,/Date(1516173464000+0800)/,0
202695000,值得一去的地方，非常好，春节去的，星星色怡人,/Date(1569660547000+0800)/,0
237962768,传统文化的传承教育，应该好好拜祭下。值得去,/Date(1571756006000+0800)/,0
239089243,好！&#x20;&#x20;很好！！&#x20;&#x20;&#x20;非常好！！！&#x20;&#x20;&#x20;&#x20;！！！！！！！！！,/Date(1569590136000+0800)/,0
58878126,太美了，吃好吃的了、拍照的人都是相互的历害,/Date(1569213415000+0800)/,0
103085539,景观不大，比较别致，气氛感染人心，值得一看,/Date(1560464489000+0800)/,0
67060527,有孔子从小到老的成长故事，经历，配合壁画很生动。还有很多古时候的学习资料，学习用品的展览，以及不同朝代古代科举制度的变迁。,/Date(1474159577000+0800)/,2
153010870,还好吧。。。。。。。。。。。。。。。。。,/Date(1565427558000+0800)/,0
1792386,走着走着…我们来到夫子庙…门票的通知上写着等会2月4日开放…但是跑到门口检票人员却告诉我们已经开了…&#x0A;在门口看看夫子庙不大，估摸着灯也不会很多…而且我们到的时候已经8点多了…它售票售到9点…于是么进去…,/Date(1456104940000+0800)/,2
4808572,很方便，在旅游服务中心换票，不用排队！,/Date(1568536588000+0800)/,0
742936,拜一下孔夫子读书好一点，还有他的弟子们,/Date(1567219739000+0800)/,0
158203864,不错，换票非常方便，夜晚的秦淮河太美了,/Date(1564551508000+0800)/,0
215547834,很方便，玩的很开心，下次可以带朋友一起,/Date(1559790485000+0800)/,0
179515206,还可以，就是每个地方都有的步行街，商业化很严重，小吃也没什么特色。大成殿没觉得有什么看点，进去就是孔子和他学生的石像,/Date(1570812670000+0800)/,0
78090967,晚上去的夫子庙，物有所值，还是不错的,/Date(1568899733000+0800)/,0
169362465,一次难得的感知过程一次难得的感知过程,/Date(1566346314000+0800)/,0
552656,里面都是套路，表演还不错，人太多了。,/Date(1563939968000+0800)/,0
76015570,大成殿是夫子庙内的景区，门口的孔子像欢迎着八方游客。大殿内记录了孔子的生平事迹，游学经历。殿内还可以为亲人或自己求一个幸运符，保佑平安。,/Date(1539587158000+0800)/,1
189556334,这种套票很方便，不用每个景点去买票，经济又实惠，很满意。,/Date(1535382550000+0800)/,1
64849893,景色都很好，小吃有些贵，不过景点可以刷微信听导游讲解，一个手机在手，游览哪里都不愁；哪里都有路牌，什么都好找。吃的东西外边的比面便宜。玩了一下午，还是蛮好的,/Date(1470482787000+0800)/,4
150662064,不错，就是人比较多，比较有文化底蕴,/Date(1570637677000+0800)/,0
19293941,门口有一个自助取票机，但不是取携程的票的，&#x0A;到人工柜台，只有一个6号柜台是用来取网络票的，&#x0A;但去的时候柜台也没人，排到别的窗口，还是说要去6号取，&#x0A;然后问来问去最后4号柜台的服务员拿出一个机器给扫的。,/Date(1565145490000+0800)/,0
33835236,自己独自游，慢悠悠，学了很多知识。,/Date(1560166382000+0800)/,0
16518509,携程联票省了不少钱，还很方便，只是要吐槽一下夫子庙里晚上的演出，没人维持秩序，观众们跑到演出区域乱成一团，不看也罢,/Date(1557500011000+0800)/,0
224732463,历史的积淀，文化的缩影，值得看看,/Date(1574696589000+0800)/,0
99434801,good&#x20;morning&#x20;*****,/Date(1572748405000+0800)/,0
244452834,很好玩，和父母很开心。谢谢携程。,/Date(1569195078000+0800)/,0
229082696,很有神圣感，庄严肃穆，好玩好看。,/Date(1560830718000+0800)/,0
165976600,非常好，值得大家一去。夫子庙一条街非常好。美食也多。,/Date(1558662469000+0800)/,1
238609893,很好！第一次去和描述的一样好！,/Date(1585191879000+0800)/,0
84196357,里面就个铜像和一座庙，还收门票,/Date(1573653088000+0800)/,0
216277537,超级喜欢，很不错，人多景美。。,/Date(1568731077000+0800)/,0
65705166,夫子庙！夫子庙！妙不可言！！！,/Date(1565419966000+0800)/,0
803075,人比较多，不过网上订票很方便。,/Date(1559984217000+0800)/,0
39679915,孔子庙里的孔子画像很大很壮观，介绍了一些古人的升学经历。学到了很多知识,/Date(1553504952000+0800)/,0
17659233,夫子庙古代一大学。给人的感觉像是进去了理想中的大学一样，能梦想成真，里面很气派，值得一去。,/Date(1507167018000+0800)/,3
233120981,携程旅行非常方便，去哪都方便,/Date(1570941759000+0800)/,0
179768479,挺不错的，位置非常好，去周边的景点都很近，就在总统府附近，坐地铁去哪个景点都很方便。服务态度也很好。就是假日提价不少，有点小贵。房间挺整洁的。好评,/Date(1557076335000+0800)/,0
42129534,十一期间和朋友带着孩子去的大家都说没什么意思个人认为不错因为繁华就会有买卖的不存在什么商业氛围太浓热闹繁华夫子庙景点的话可以给孩子讲解孔子文化要看你怎样去理解怎样心情去品读了个人认为很好,/Date(1444314370000+0800)/,0
581091,大成殿是夫子庙景区的一部分，屹立在秦淮河畔。买票入内参观，30元门票。在这里能了解文化历史的演变与传承。,/Date(1451212813000+0800)/,2
219744824,景色不错，体验很好，,/Date(1590404809000+0800)/,0
17069261,总体还可以。。。。下次还会考虑。景观不错。。。。。。。。。。。票价格实惠，，，，，，，，性价比高。。,/Date(1569053640000+0800)/,0
174847162,好长知识&#x20;&#x20;&#x20;&#x20;&#x20;继续学习！！,/Date(1567430072000+0800)/,0
25414552,为夫子庙的核心景区，大成殿内正中悬挂一幅全国最大的孔子画像，两侧有四亚圣颜回、曾参、孔仍、孟轲的汉白玉雕像。地方不大30元门票很心疼。不过反映孔子生平事迹的巨幅彩石镶嵌壁画，倒是很精美，掏出相机一顿照，不过有反光，效果不大好。于是买了个介绍孔子生平的小屏风150元。,/Date(1425032232000+0800)/,1
36973935,南方最大的孔子庙。夜景也相当不错。这里烧香求学的人也很多。,/Date(1540297555000+0800)/,0
43870243,里面有许多关于孔庙的介绍，有许多关于中国学习的一些真实的展品展出，让孩子更了解中国的学习文化。听着一阵一阵传来的钟声，就像敲击进你的心里。,/Date(1487800746000+0800)/,2
163169432,整体很棒，很推荐去呢！还赶上了表演。,/Date(1531704527000+0800)/,1
3441165,非常好的园林景色，春和日丽时，三个地方看得人满心欢喜！,/Date(1538651737000+0800)/,0
67544793,玩得还是挺开心的，既能站在点兵台上感受大将军的豪情满志，又能坐在文案牍前体会大才子的挥毫撒墨。,/Date(1526772105000+0800)/,0
25576940,夫子庙的景色还可以，就是吃住相对杭州来说偏贵而且体验舒适性也不怎么好，带老人出来走走，受累了！,/Date(1525184153000+0800)/,0
3072195,里面有许多关于孔子的故事，一些历史的趣事很有意义，带孩子去看看挺有意思的，晚上还有表演。建议傍晚去景色好，如果是网络购票可以便宜三元。,/Date(1507387041000+0800)/,2
58470444,网上买便宜了几块钱，进去里面是孔子像，人还挺多的，但是感觉没啥特别的，小孩子受文化熏陶还不错？,/Date(1465612674000+0800)/,0
177403199,据说高考考生都要去摸摸孔子的脚,/Date(1561080343000+0800)/,1
44042006,很不错，来的时候正好是秦淮灯会，这次出行真的炒鸡值,/Date(1551856827000+0800)/,0
14166905,最大的孔庙，里面有孔子周游列国的故事!值得一看!,/Date(1453615023000+0800)/,0
13705259,南京夫子庙大成殿，位于国家5A级风景区内，在夫子庙泮池对面天下文枢牌坊后，位于夫子庙中心地带，白天一般，最美的时侯是元霄灯会时,/Date(1528136630000+0800)/,0
278203,**************************************************************************************************************************************************************************************,/Date(1570846774000+0800)/,0
3441165,古色古香的庙宇，比北京的孔庙人要来得多很多，但是也同时缺少了那份清幽之感！总之是值得打卡一去的一个景点，就是人真的太多太多了,/Date(1554684545000+0800)/,0
1705965,人超级多，小吃也很多，三天早餐都是在这里吃的，晚上灯亮起来很漂亮,/Date(1502855487000+0800)/,3
222743533,五一带孩子一起去的，愿他学业有成，前程锦绣,/Date(1557651751000+0800)/,0
3651354,夜景很美，小吃味道杠杠滴，游船一圈很得力！,/Date(1544846731000+0800)/,0
158267882,在南京游玩突遇大雪，但也不影响出玩的好心情，享受雪趣的同时拜祭万世之师孔圣人，主要是让孩子在寒假期间了解儒家思想，尊重师长，正道低调为人处事，进大成殿不是为了祈求高官厚禄，而是恭恭敬敬拜祭先师，圣人，尊重知识。让孩子了解孔夫子的故事，思想文化，和他的深远影响力。大成殿内的壁画很精美，每个故事都有寓意，还有免费的讲解不虚此行,/Date(1517367768000+0800)/,0
39485033,秦淮河夫子庙夜景非常美，也有很多小吃，进入夫子庙大成殿，有导游讲解，比较有意义，,/Date(1439821056000+0800)/,0
13705259,夫子庙景区是免费开放的，但是大成殿，王谢故居，江南贡院也就是中国科举博物馆，是要另收门票的，也不在南京公园年卡范围内，,/Date(1537919679000+0800)/,0
39751617,吃的东西并不是很多的一条街，游船一般吧,/Date(1507709932000+0800)/,0
168148884,有浓厚的历史底蕴。很多来祈福的游客。,/Date(1524306782000+0800)/,0
48259772,陪父母去的，风景美，值得观赏，不错,/Date(1540527588000+0800)/,0
173445865,非常不错，孔子圣像和72闲人。一进去四中就给人一种千里正气浩如烟海的感觉。和女朋友一起去求了学业，希望能够实现。,/Date(1524793387000+0800)/,0
56707493,值得去，心灵宁静，南京的交通不错,/Date(1463290271000+0800)/,0
49573234,不虚此行，看到学到很多丰富知识,/Date(1535816515000+0800)/,0
57943555,挺好的景点，既来之则看之，推荐,/Date(1523888882000+0800)/,0
71055724,想更了解夫子的可以去看看，还有其他名人的介绍哦,/Date(1476146505000+0800)/,1
219861909,夫子庙不大，很快逛完，主要是孩子进去拜夫子，还可以付钱敲钟，隔段时间草丛会喷水雾，既降温又挺梦幻的感觉。,/Date(1565927999000+0800)/,0
7442150,去的时候，赶上灯会，非常好，热闹，了解了历史，值得孩子们去游览。,/Date(1565259009000+0800)/,0
25011466,每年的灯展都会吸引大批外地游客，不过其实里面不大，彩灯也有限。,/Date(1578709448000+0800)/,0
2987786,南京城的标志打卡地，拜拜孔子，沾点灵气，希望来年取得好成绩！,/Date(1566793959000+0800)/,0
39898374,国民素质真得是没话说了，能写得上字的地方通通不放过，娃娃脸全是花的，想问问这些人，是来这儿练字呢么？,/Date(1554789675000+0800)/,0
2486073,晚上9:15进去的，9:50关门出来，两个院子，晚上灯火通明，馆内陈列教育发展史，大点殿供孔子画像,/Date(1409452947000+0800)/,0
28158961,这是我们在夫子庙唯一买票进去看的一个，虽说庙殿大抵相同，但是既然来了，所以选择性的看了一个。在里面写了一个祈福带，和老公挂在树上。他们让我给水缸扔硬币，扔了个财源广进，不错不错,/Date(1519651931000+0800)/,2
1783028,大成殿是夫子庙的主殿，殿内正中悬挂一幅全国最大的孔子画像。这大成殿应该和曲阜孔庙的大成殿有些渊源，或者说是其翻版，两者都具有类似的功用。,/Date(1460450510000+0800)/,2
38704667,夫子庙是南京的经典经典之一，人气很高，里面有很多历史文化展示，人文气息浓，还是很不错的，很多人拜夫子，可惜下雨没有什么节目表演。,/Date(1439134073000+0800)/,0
159426149,携程上定的票，刚刚开门我就去了，参观的人不多，很是安静。因为要过春节了，景区开始布置了，很有特色。正好有工作人员练习编钟的表演，有幸免费欣赏了，真棒！为古代乐器点赞！,/Date(1517817548000+0800)/,2
58698855,只有真正的中国人才能明白万世师表的意思，真正明白孔子在中国知识分子心中的分量，抛开宣传说教的部分，孔子本人也是值得推崇尊敬的。,/Date(1491028167000+0800)/,2
45709538,很好的旅游景点，不贵，很便宜，很值～～～～,/Date(1447066712000+0800)/,0
38569299,还不错，位置很好找，挺长知识的。不须此行。,/Date(1439375227000+0800)/,0
25011466,孔夫子的大成殿，如果经过的话可以去看看。,/Date(1586844173000+0800)/,0
213073443,很早就听说南京的秦淮夫子庙，一直没时间去，趁着过年带着家人过来玩，还算满意，就是过年期间人有点多，晚上去了中华路红街这边的萄趣酒屋，不得不说这是我这次南京之行最大的收获，酒的品种很齐全，精酿啤酒，葡萄酒，洋酒，没想到南京竟然有这么性价比好的酒屋，价格便宜的没法说，比超市还便宜，后来老板说自己就是做葡萄酒代理的，所以价格才这么实惠，后来相谈甚欢，有点相见恨晚的感觉，带了一箱酒回家，老板给了我打八折，以后需要酒了还会打电话给他，真的很划算,/Date(1549626016000+0800)/,0
12724249,地方是好地方，就是人太多，网络上订的票，让我在1号窗口拿票，结果1号窗口没人，不得已挤到2号窗口询问，结果明明订了3张票，却有一张死活查不到，拿不了。后面的队伍对占用时间太长不满，无奈转向人工窗口补买票一张。不是很开心的一次体验。,/Date(1532947004000+0800)/,0
161173082,取票点不太好找，不是在景区门口，是要先去另外一个地方取了门票，再回头去景点，有点耽误旅游的时间，影响心情。瞻园等各景点适合没事儿的慢慢溜达。,/Date(1530325374000+0800)/,1
110836664,这是一个让你来到南京必须到此一游的地方――夫子庙。自古江南水乡因富庶而人才辈出，徬江南贡院的夫子庙大成殿，自是自古以来科举秀才流连之地。而夫子庙大成殿明清建筑风格，气势恢宏，让你感受得到中国古文化的风味。,/Date(1501757903000+0800)/,0
71741636,大成殿是南京夫子庙的主殿，殿内正中悬挂一幅全国最大的孔子画像，殿内陈设仿制2500年前的编钟、编磬等十五种古代祭孔乐器，定期进行古曲、雅乐演奏，演出反映明人祭孔礼仪的大型明代祭孔乐舞，使观众听到春秋时代的钟鼓之乐、琴瑟之声，展现二千多年前另古乐风貌。,/Date(1491485869000+0800)/,0
36317693,秦淮河北岸贡院街，江南贡院以西，为供奉祭祀孔子之地，是中国四大文庙，为中国古代江南文化枢纽之地、金陵历史人文荟萃之地，不仅是明清时期南京的文教中心，同时也是居东南各省之冠的文教建筑群，现为夫子庙秦淮风光带重要组成部分。岸北为石栏，有“天下文枢”牌坊，游人至此可凭栏小憩，浏览秦淮河风光。,/Date(1476758182000+0800)/,0
45667607,10月3日：1.张童宇2.殷瑛3.李诗怡4.邱天瑜5.贺翊菲6.包棋文7.张睿言8.詹雨欣9.方紫杉10.余思佳11.袁宇珊12.陈香黎13.陈咏帅14.印亚楠15.王宇琦16.李思琪17冯宇辰18.张宇宸19.金思雨20.方永琦21.张宇晨22.朱云龙23.刘蕊24何孜硕25.张峻滟26、杨洪韬&#x20;27.范昕媛28王岳曦29.丁沁30赵武陵31.姜景严32.叶志熙33李煦冲34柳临风35.彭峻豪36.胡耀辉37.朱怡霏,/Date(1475500633000+0800)/,0
17852596,整体很好，本来想租解说器给朋友女儿，被告知没有解说器有免费导游讲解，进了寺庙导游就开始让我们买东西，我们不肯，马上晴转多云，这点很反感，跟她说不需要导游了，我们自己逛，其实本来打算讲接完给她小费的，这样就算了吧，最讨厌被人忽悠买不需要的东西,/Date(1475458029000+0800)/,0
37998178,电子门票换起来非常方便，价格也便宜，去那边就顺便转转，但要说专程去就没有必要了。但我觉得携程有一点不好就是大部分电子门票都要提前一天订，但通常都是当时到了这个地方才会说想不想去，所以这一点上淘宝更人性化,/Date(1468575657000+0800)/,0
36395922,夫子庙是一组规模宏大的古建筑群，是供奉和祭祀孔子的地方，中国四大文庙之一。位于秦淮河北岸的贡院街旁。&#x20;夫子庙，始建于东晋成帝司马衍咸康三年(337年)，根据王导提议“治国以培育人材为重”，立太学于秦淮河南岸。当年只有学宫，并未建孔庙。孔庙是宋仁宗景祐元年(1034年)就东晋学宫扩建而成的。因为祭奉的是孔夫子，故又称夫子庙。在学宫的前面建孔庙，目的是在于希望士子遵循先圣先贤之道，接受封建教化。&#x20;夫子庙是明清时期南京的文教中心，同时也是居东南各省之冠的文教建筑群。&#x20;由于时代要求，夫子庙现已成为群众文化活动场所。现在的夫子庙周围已成热闹的商业街和小吃街。&#x20;夫子庙已成为富有明清建筑风格的十里秦淮风光带上的一个重要景点。它以大成殿为中心，南北成一轴线，左右建筑对称，占地约26&#x20;300平方米。现已列为市级文物保护单位。人们通常所说的夫子庙，实际包括夫子庙、学宫和贡院主大建筑群。&#x20;夫子庙两侧的东西市场，原是学宫前甬道。东甬道为学宫正门，门前有坊，上书“泮宫”。坊东为明清两朝状元、榜眼、探花题名牌坊。坊西为会元、解元题名牌坊，坊的背面是武科题名牌坊。东西甬道旁，原各有三祠两署。民国以后废科举，兴学堂，学宫遂渐衰落，祠、署分别改为学校、教育局、图书馆等，学宫甬道也成为摊贩市场，东西市场的名称便从那时开始。现东西市场于1987年建成，吸收了我国传统的商业街道的空间形式和尺度，采用明清时代的街市风格，以石板铺地，店铺采用“青砖黛瓦马头墙，回廊挂落花格窗”，店、庙、市、街合一，富有浓郁的地方特色。&#x20;夫子庙景点最著名的便是乌衣巷。乌衣巷位于夫子庙西南数十米，是一条幽静狭小的巷子，原为东晋名相王导、谢安的宅院所在地。据宋代《景定建康志》卷十六引《丹阳记》，此地原为三国吴乌衣营所在，因而得名。为纪念王导、谢安，在乌衣巷东曾建有来燕堂，建筑古朴典雅，堂内悬挂王导、谢安画像，仕子游人不断，成为瞻仰东晋名相、抒发思古幽情的地方。唐代大诗人刘禹锡的那首脍炙人口的诗“朱雀桥边野草花，乌衣巷口夕阳斜，旧时王谢堂前燕，飞入寻常百姓家”，就是对此处的感叹。从此乌衣巷便名扬中外，游人不绝。,/Date(1467342918000+0800)/,0
39720691,在南京的秦淮河畔参观完乌衣巷，过桥折返来到夫子庙，进门后所见所闻还是比较古色古香，不但看到很多珍贵的文物如编钟之类，而且还有丰富的关于古时教育科举方面的文献展出，既开阔了视野也增长了见识，不错的景点。,/Date(1439718219000+0800)/,0
5351475,就是江淮风格，那天去时还有点小雨，雾蒙蒙的，有水乡的气息。景色不是特别多，都是买东西的，江南贡院就是个门....但是可以去感受一下，有龙舟，檐牙高啄的特色建筑，鸭血粉丝汤还不错蛮好吃的，其他印象不深刻。。。。,/Date(1426226407000+0800)/,0
1316473,大成殿是夫子庙的标准配置，南京市夫子庙的大成殿也不例外，殿里面供奉着孔子及他的学生们，人们可以来此探访中国的第一大教育学家，还可以在此思考一下为什么孔子的儒家思想可以足足影响中国两千多年。而他的思想其实也影响到了不少海外华人甚至一些洋人。,/Date(1419066127000+0800)/,0
3482417,主要是接待外地游客的地方。我当年是用学生证买了一张半价票。进去就是孔子像，两边是他的著名的学生，包括颜回等。导游说摸孔子背，就能上北大，摸孔子脚能上清华。我摸了能上北大的部位。全国除了孔子的山东老家之外最出名的夫子庙，建议一游。,/Date(1410573523000+0800)/,0
175895728,一般般吧，朋友对历史很感兴趣觉得不错。,/Date(1572783699000+0800)/,0
106013504,人比较多，商业气息过于浓厚，感觉一般。,/Date(1564058207000+0800)/,0
74939044,人们记住，历史只是过去，现在末来才是改变命运改写历史，习，它那永恒，永生，永久之基石，美妙的乐声仿佛就在你耳边回绕，去冲向那长江之滨，四射着那耀眼的光芒，记住它，CHANG.nanjing.MYS*,/Date(1479755102000+0800)/,0
239368974,里面干净又卫生，小孩很喜欢看，很开心,/Date(1566528299000+0800)/,0
227800853,不错的体验，可以去看看，不过门票贵了,/Date(1560697874000+0800)/,0
66929980,去夫子庙那肯定要进大成殿的嗯，那我带着儿子们也去拜会了我们的孔老夫子里面的工作人员都热情的让我们无法拒绝，当然啦，他们的热情也是要我们付出一定代价的，不过总体来说还是感觉非常的好，因为心诚则灵吗？,/Date(1472989856000+0800)/,0
7235340,不如江南贡院好玩，带孩子来沾沾仙气,/Date(1564624015000+0800)/,0
19801793,千万别信那免费解说。。其实解说是免费的，但主要任务还是带游客买香火，挂福袋。由于是新年第一天带父母去的，所以为了开年大吉也就给孔夫子敬了香，但硬要带上免费解说总觉得怪怪的。不过解说的姑娘人挺好。,/Date(1452955421000+0800)/,0
47032610,家有学生的一定要去，看下里面的故事介绍，还有以前的捷报、牌扁，很有励志意义,/Date(1450109520000+0800)/,0
23601344,还行吧。带客户去的，可以消磨时间,/Date(1572244378000+0800)/,0
151737429,景点适合5点以后游玩，这样既可以看到白天的景色，之后还可以领略夜景，每一处都有不同的特色和人文地理知识，美食倒是没什么特别之处。离夫子庙不远处可以去先锋书店，也是很不错的！,/Date(1535688591000+0800)/,1
62737212,哈，十分钟，有点贵～～………～,/Date(1570088222000+0800)/,0
164003328,很好玩！景色不错！很值得一去！,/Date(1560130157000+0800)/,0
148377050,南京不错，回再来！！！！！！！,/Date(1507391849000+0800)/,0
71732959,真不错，值得一去。好热闹哦！&#x0A;,/Date(1506748980000+0800)/,0
71055724,景色不错，但商业化程度较高，当然，夫子庙还是不错的,/Date(1475331248000+0800)/,1
27815842,一开始朋友还不愿意进去，以为是那种烧香拜佛的庙宇，但是经不住我劝说还是进庙拜访，发现果然不负我一再坚持。与其说是庙不如说是中国古代学制的缩影，详细介绍了中国学习制度科考等，大涨见识值得一去。,/Date(1470884565000+0800)/,0
13295016,大成殿是专门祭孔的主殿，重檐九脊，黄瓦飞甍，周绕回廊，和北京故宫的太和殿、山东岱庙的宋天贶殿并称为东方三大殿。“大成”乃因宋徽宗赵佶尊称孔子为“集古圣先贤之大成”而称之为大成殿，并御书匾额。,/Date(1423122241000+0800)/,0
44829351,景点不错，里面有孔子周游各国典故故事由来，绘画加文字较详细，值得一看,/Date(1510759370000+0800)/,0
32458613,夫子庙大成殿位于夫子庙的北面、是祭祀孔子的大殿、非常壮观、祭拜的人很多、孔子作为二千多前中国古代最伟大的思想家、教育家。给后人留下了很多治国、做人、善行的警言警句。值得后世人敬仰和緬怀！,/Date(1443747360000+0800)/,0
77951744,景点入口不好找，景点内也没有什么好玩的。下次绝对不会再去了的**********************,/Date(1573545491000+0800)/,0
1702810,孔子自古以来就是我国的至圣先师，大成殿是夫子庙的核心区域，也就是古代祭拜孔子的里面。殿内的墙上刻画了各种孔子的雕像。可以从中了解很多历史的信息。,/Date(1476494100000+0800)/,4
19798690,还不错吧，有演出可以看，和几个景点都是连在一起的，走着也方便。,/Date(1443837409000+0800)/,0
1783028,夫子庙是南京的著名的旅游区，这里整体是免费的。所以参观一些建筑是要收费的，比如说大成殿。大成殿在夫子庙的核心区域，正月灯会在这里是主会场。,/Date(1552715147000+0800)/,0
96227225,晚上夜景很美，热闹非凡，但是做船的人太多了两条大长龙，就没去凑热闹，夫子庙比起曲阜孔庙来还是有些不同的，文史记载更加细腻，有条理，更民俗接地气儿，还有古时作弊小抄的原版印象深刻。,/Date(1506923256000+0800)/,0
20899770,服务中心就在门口，态度、网上操作都方便！做为学生家长认为孩子应该来拜拜孔子，里面从古代到教育史介绍得很全，还看到当时清朝留学生的成绩单，古代的小抄书，还有孔子的生平故事，挺有趣！,/Date(1468679360000+0800)/,0
920090,大成殿在夫子庙内，也是整个景点的最重要部分。门外樹立了一个孔子的铜像，里面主要介绍这位儒家倡导者的故事，虽然有点神话色彩，但也十分有趣。,/Date(1483098612000+0800)/,2
19946325,很棒，不过有学生票，更优惠哦！下雨了，烟雨蒙蒙的很有感觉,/Date(1439032776000+0800)/,0
211559497,和我想象中的不太一样，一会儿就逛完了，40一个人不太划算，而且花灯都是大型的孔子和他的学生还有状元之类的，孩子想要看的飞机，荷花，狮子之类的灯完全是两回事,/Date(1553952934000+0800)/,1
57834314,保存完整的，气势宏伟，真不错！真不知道在文化大革命期间是怎么保留下来的。,/Date(1555512611000+0800)/,1
19957485,文化气息浓厚，有孔子及其弟子的塑像，主殿有巨幅画像，很有气势。四周用壁画形式讲述了孔子从出生到理政，后周游列国讲授，最后去世，弟子守孝三年的故事。还可以敲钟敲鼓，求学业。,/Date(1514820906000+0800)/,0
6664798,取票处规矩有点严，不到点，信息传不过来。我们去的早，还是等到九点才能兑票。大成殿里面很是值得一玩，知识挺多的，不赶时间的，建议花两个小时时间，好好游玩，会有不同的收获。,/Date(1540119117000+0800)/,0
3127823,夫子庙大成殿很值得一看，里面有很多专业解说员为游客全程解说（只要入殿的游客都可享受，是免费的），每天固定时段还有古色古香的文化演出，还介绍了美丽的汉服，非常值得一去哦！,/Date(1345605396000+0800)/,0
17393542,孔子是万世师表，是中华民族的精神偶像。但是，市民到夫子庙参拜孔老先生的塑像、瞻仰他的仙风道骨，学习他忧国忧民的谆谆教诲，怎么还要购票入内？简单地说，地方将孔老夫子这样的万世师表作为生财之道，政府要求公民是要有代价地学习这些中华民族的精神领袖、道德楷模！,/Date(1556519002000+0800)/,2
44505512,夫子庙秦淮河景区是南京最出名的景区之一，夫子庙大成殿供奉至圣先师孔子，是中国四大文庙之一，靠着江南贡院，更使其闻名遐迩。,/Date(1526020629000+0800)/,0
27877832,夫子庙的大成殿里面供奉着先师孔圣人，在贡院旁边盖着一座夫子庙，是方便赶考的学子拜祭的时候方便吧，大殿里面有孔子的雕像。。,/Date(1497175599000+0800)/,0
73752617,不错，带着女儿还有婆婆一起去玩的，来夫子庙总会去大成殿的，只是带着女儿没能细细看，但是总体感觉不错，还敲了十下钟声，希望如女儿说的，能够万事十全十美吧！挺好的！,/Date(1478354397000+0800)/,0
4207619,夫子庙的中心的中心，很多求学的人都来拜孔子，一座很有规模的宫殿建筑，分好几座小厅阁，前后各有一个出入口，每天有编钟表演。,/Date(1476719673000+0800)/,0
4242286,订票，取票都很方便，地方也很不错，是一个小学生的爱国主义教育基地！！！！！！！！！！！！！！！！！！！！！！！！！！！！！！！！！！！！！！！！！！！！！！！！,/Date(1447578885000+0800)/,0
48586675,其实学生票比电子成人票要便宜啊哈哈哈哈哈哈学生党就是要趁着还能用学生证多出去走走&#x20;但是家长没办法啦就只能用成人票&#x20;还好网上订票便宜实惠&#x20;大成殿就是博物馆之类的走走走吧,/Date(1442710432000+0800)/,0
32345960,与朋友一起去玩的，景色非常不错，大家玩的都不想回家了，下次一定要和家人也来玩玩。,/Date(1430059726000+0800)/,0
25363118,殿内正中悬挂一幅全国最大的孔子画像，向下有木龛，龛内主要有“大成之圣文宣王之先师”牌位，两旁配有孟轲、曾参、颜回、孔伋四亚圣汉白玉石像。用于祭祀的古乐器置于孔子像前。殿内基座上有孔子青铜像一尊，高4.18米，重2.5吨。大成殿内四周墙壁镶嵌有《孔子圣迹图》壁画,/Date(1417606469000+0800)/,2
5685049,挺好的，值得去看看，很漂亮，小吃很多。,/Date(1511564849000+0800)/,0
36423741,怎么说呢，夫子庙也就是孔庙，取票需要到庙外的邮政亭子去取，为孩子学业拜的人比较多，个人觉得里面有一些古代考生们的日常用品展出比较有意思，用携程买票有优惠还不错,/Date(1488730071000+0800)/,0
15893711,地铁可到，步行10分钟，临近秦淮河，节假游客较多，取票在庙外的亭子间，快捷便利！景点讲述儒学文化，设有收费祈福。夫子庙地区集文化、美食、娱乐一体，便于游览。,/Date(1434985636000+0800)/,0
181449166,夜景很漂亮，五一人很多，有表演。&#x20;&#x20;&#x20;&#x20;&#x20;&#x20;&#x20;&#x20;&#x20;&#x20;&#x20;&#x20;&#x20;&#x20;&#x20;&#x20;&#x20;&#x20;&#x20;&#x20;&#x20;&#x20;&#x20;&#x20;&#x20;&#x20;&#x20;&#x20;&#x20;&#x20;&#x20;&#x20;&#x20;&#x20;&#x20;。,/Date(1557293616000+0800)/,0
56855386,我们是要学习学习儒家思想和儒家之道,/Date(1538657148000+0800)/,0
4641495,大成殿照壁在夫子庙里面&#x20;晚上去夜景很漂亮&#x20;还可以乘坐游船在秦淮河上参观沿河美景,/Date(1427096495000+0800)/,0
18959891,夫子庙大成殿的夫子庙最核心的景点，孔子像在大成殿前，在夜色中显得更加庄严。通往大成殿的过道两旁有孔子出名的弟子雕像，可以让孩子更好的了解孔子的生平事迹。,/Date(1472916980000+0800)/,2
4858790,这里以前一直都是免费的，不知道哪年开始收费了了！不过现在哪里还有免费的呢！来夫子庙怎能错过呢？在携程定票免得排队购票了，还有惊喜哦,/Date(1555600195000+0800)/,1
5788779,夫子庙大成殿是入口的第一景点，整个景点人文气息浓厚，孩子刚刚参加完学考听完工作人员的介绍也急不可待向孔子祈福去了，网上订的票到景点1号窗取票很方便。,/Date(1523581725000+0800)/,0
102700155,基本上必去的南京景点，里面东西很少，但是学生党是必须去的，大人们秦淮河和购物街才是重点。,/Date(1500262475000+0800)/,1
189690415,夫子庙有导游讲解，在雨中看还好，有小孩子可以在10-11点可以写字,/Date(1533387247000+0800)/,0
177416248,夜景很漂亮，雪夜出游，伴随着雪花飘舞，玩的尽兴。夜景很漂亮，雪夜出游，伴随着雪花飘舞，玩的尽兴。夜景很漂亮，雪夜出游，伴随着雪花飘舞，玩的尽兴。,/Date(1546397548000+0800)/,0
40854207,南京比去地方，人很多，好吃小吃还是比较多的，门前有河，热闹非凡，夫子庙内展示了不少历史文化。帮助了解历史，感受儒家思想文化。,/Date(1512394623000+0800)/,1
51961018,很不错很不错很不错很不错很不错很不错很不错很不错很不错很不错很不错很不错很不错很不错很不错很不错很不错很不错很不错很不错很不错很不错很不错很不错,/Date(1467981928000+0800)/,0
,还不错，还有免费的解说&#x20;里面的收费项目不少&#x20;全凭自己意愿&#x20;推荐一下吧,/Date(1524838898000+0800)/,0
172568953,门票不贵，因为到夫子庙已经很累了，所以有些走不动了，还有点下雨，听说夜景很漂亮，但是可惜没时间去了，人还是比较多的，去求孩子考学之类的也很多,/Date(1525438888000+0800)/,0
2184052,来了应该祭拜一下孔老夫子!好评！范围很大，如果蹭导的话可以听到很多讲价，对于理解很有帮助。还有很多国宝级的东西。不是第一次来每次都有新收获~,/Date(1468112247000+0800)/,0
671601,带老妈南京游！意外的被取消航班，成就了这次南京游，虽然看不到韩国的雪，但了解一下古都也不错。小时候来过，已经全无印象了，这下重新认识学习啦！,/Date(1461464579000+0800)/,0
37964770,发货快到来了，这样一来呀呀的念课文里的一个人在一起了。你们的话我的心里只有我自己的话说说话了玩，你的时候就要开始啦。这样的哥拒载现象严重了！,/Date(1439886069000+0800)/,0
33450994,夫子庙内对孔子的一生进行了生动、有趣的图文式介绍。庙内有历史还有今人对于教育发展史的梳理，很是有意义。南京这座历史文化名城，夫子庙不虚此行！,/Date(1439537072000+0800)/,0
46121267,瘦西湖有东西南北四个门，每个门进去都有不同的风景，湖里有游船，湖边有观光车，景区内风景优美亭台楼阁，古树参天，湖上拱桥各式各样，令人流连忘返,/Date(1435028217000+0800)/,0
222868030,商业氛围太浓了，少了一份原有的古朴净墨，多了一份商业喧嚣。,/Date(1568492804000+0800)/,0
195785972,还行。增长了有关孔子及其弟子的德行、业绩、传说以及对后世的影响方面的知识，其相关雕塑工艺比较精美。,/Date(1558348527000+0800)/,0
25578905,晚上去得夫子庙人特多像参观博物馆一样随便看看，晚上灯光不错,/Date(1450852397000+0800)/,0
34435253,有义务讲解，10分钟一次讲解，这点非常好！也说明景区不大！,/Date(1439647414000+0800)/,0
43452089,门票很便宜，但是买完香下来就是500没了，为了孔夫子值了,/Date(1443969394000+0800)/,0
12180248,我是携程的超级粉丝，订票订酒店一直用携程，既便宜还方便,/Date(1514695200000+0800)/,0
15389324,其实逛夫子庙最应该去的地方就是大成殿了，孔夫子的各种介绍和传说，文化气息很浓，于无声中感受着那种熏陶，不错！庭内还有贤人石像，逼真！,/Date(1479094680000+0800)/,0
30902756,挺好，去了两次，住宿很方便的，里面吃的玩的都不错。,/Date(1439768991000+0800)/,0
57396847,来到夫子庙门前想起可以网上预定门票，立刻就订了两张，比在售票处买便宜还方便不用排队！夫子庙棒棒的，是全国最大的一个孔庙，值得一看,/Date(1465621291000+0800)/,0
32554166,很久前定的忘了&#x20;很久前定的忘了&#x20;很久前定的忘了&#x20;很久前定的忘了很久前定的忘了很久前定的忘了很久前定的忘了很久前定的忘了很久前定的忘了,/Date(1465701457000+0800)/,0
26429170,地方很小，通过参观孩子知道了夫子庙的镇庙三宝～,/Date(1438682648000+0800)/,0
83060690,在携程网上订票方便快捷又便宜，以后认准它了！,/Date(1514804980000+0800)/,0
56315544,一般般，比总统府差了十万八千里，里面全是卖东西的，还死贵！！！又一个大妈态度十分恶劣，没买他的，就说买不起！！气死了！！！！,/Date(1465122548000+0800)/,0
40766213,这个地方真心值得去看看！景色优美，古色古香！,/Date(1445985584000+0800)/,0
13898043,游玩南京时住在夫子庙附近的国际青旅。秦淮河畔的夜景真的很美。这里应该是南京最繁华的商圈了。小吃摊位和餐厅很多家，商店和旅馆更是不计其数。这里是游玩南京的必游之处。,/Date(1479621890000+0800)/,2
30950776,地方好，环境好，带孩子们来认识认识一下，对他们学习的榜样，值得一来，对孩子帮助很大，周边的景点也多，吃的，玩的，孩子都喜欢,/Date(1471521989000+0800)/,0
3341657,那边人很多，挺繁忙的，一家人出去，走走看看还是不错的，吃了老冰棍，后来又在那边找了一家当地的特色店吃了鸭血粉丝等等的金陵菜,/Date(1463932117000+0800)/,0
8565454,值得一去，很不错的地方。夫子庙秦淮河都可以,/Date(1443790482000+0800)/,0
40284249,还是值得去的，让我们可以了解古代教育制度。,/Date(1441037581000+0800)/,0
38569299,南京的夫子庙和各地的大同小异，比较感动的是民间收藏家办的有关教育的文物展览。用携程订票很方便，取票要到夫子庙前面的状元亭。,/Date(1440254566000+0800)/,0
59381366,不来夫子庙，相当于没去南京，这话说得一点不赖。大成殿外多少人祭拜中国最伟大的教师，殿内更是为他的事迹折服，是他开创了教育不分高低贵贱的先河。同时对儒家，道家，法家和佛教，道教几大门派有了更深的了解。一座夫子庙，半部中国教育史！,/Date(1517218972000+0800)/,0
59381366,不来夫子庙，相当于没去南京，这话说得一点不赖。大成殿外多少人祭拜中国最伟大的教师，殿内更是为他的事迹折服，是他开创了教育不分高低贵贱的先河。同时对儒家，道家，法家和佛教，道教几大门派有了更深的了解。一座夫子庙，半部中国教育史！,/Date(1499388874000+0800)/,0
36423741,怎么说呢，孔庙大多差不多，夫子庙不大，但是香火还不错，比较有趣的是有一个古代考生日常用品的展览，看到古代人用袜子打小抄，而且小抄大袜子写的密密麻麻的也是没谁了！有一点，在携程上买票会便宜一些，但是取票需要到夫子庙门外的一个邮政亭。夫子庙在秦淮河边上，建议下午去，不用留太多时间，也就40分钟，足够了，看完可以逛逛小吃街，吃的倒是没什么推荐的，跟国内的大多夜市差不多，附近有家南京大牌档倒是比较推荐去，有特色。,/Date(1496331230000+0800)/,0
2357682,今天我和妻子一起培母亲到南京游玩，虽然下着小雨，母亲在夫子庙买了3件衣服，又逛了夫子庙大成殿，拍了很多照片，母亲很开心。,/Date(1475169383000+0800)/,0
10676232,匆匆忙忙的，因为同行的阿姨兴致不是很好，所以就走马观花的，就是那个博物馆收集了许多以前的书籍录取通知书什么的，大开眼界啊,/Date(1465519706000+0800)/,0
54234783,整体感受是人为修饰成分居多，历史遗留真迹较少。去那敬仰一下为人师表的孔夫子，追溯一下孔夫子的成长成名史还是有的，但本人还是对于真迹更感冒。另外孔夫子神马时候也成为神佛了呢？为嘛那么些人去孔夫子像前许愿呢????国人这种寄希望于神力的想法真让人苦笑不得,/Date(1461665764000+0800)/,0
47050008,夫子庙就是古代全国各地都有的文庙。一般前面是学校，后面是文庙。南京古代管安徽江苏，是天下文风最盛的地方，所以文庙的排场也比较大，仅次于北京吧。这个大成殿其实是按照六合的重建的，南京的早毁了，六合的才是正宗的。,/Date(1448802218000+0800)/,0
44545697,这个是道南京必看的经典，里面的导游很好。,/Date(1446884793000+0800)/,0
4242286,很不错，又很方便，下次去还订！！！！！！,/Date(1446359420000+0800)/,0
,夫子庙是个很大的景区，到了南京必去的地方吧，因为暑期人比较多，我们前一天晚上夜游了秦淮河，挺美的，第二天又专程去了大成殿，为孩子烧了香求了学，网上购票取票非常方便。但是景区里的小吃就一般，又贵又不好吃，并无特别之处。,/Date(1440567246000+0800)/,0
32911511,今日大成殿要票，后天免费建议大家去玩啊。,/Date(1431870406000+0800)/,0
5234404,殿里的展品不少，汇集了南京的风俗人情和礼仪故事，后院还有几块石碑据说很有历史，值得多来几次的地方，还有附近的小吃都很好哦,/Date(1422111803000+0800)/,0
1559959,德侔天地道贯古今，删述六经垂宪万世&#x20;里面面的对联我把它拍了下来。里面有孔子的塑像。是夫子庙的最大的殿堂，也是举行仪式的地方,/Date(1419084820000+0800)/,0
24888087,院子不大，价格也不贵，游玩的时间不会长,/Date(1524316407000+0800)/,0
80127277,学生肯定要来的地方，一是拜师二是求庇佑,/Date(1486250485000+0800)/,0
7132064,外面步行街有观光车，除非包车，否则就是人不满不开车。实在失望。附近有好多商铺，其中有间卖纪念品的商铺，有特色的纪念品。,/Date(1468288663000+0800)/,0
48918468,夫子庙景区购票方便，价格便宜，推荐购买，服务好，网络改变生活，要写的字太多了，赞????赞????好好好好，怎么不说话,/Date(1452058634000+0800)/,0
12716746,南京夫子庙的主要建筑物，不来不可惜了吗？？里面还有古筝表演，环境还是非常不错的，就在夫子庙的核心位置，也是夫子庙的核心,/Date(1417578997000+0800)/,0
101707871,必需玩的地方，还是觉得小吃店买点吃点就够了，大店没必要进，有个糕团店服务特别差，好像叫莲湖，就在夫子庙后面，不推荐。,/Date(1501758463000+0800)/,0
14767901,夫子庙大成殿是专门祭孔的主殿，重檐九脊，黄瓦飞甍，周绕回廊，和北京故宫的太和殿、山东岱庙的宋天贶殿并称为东方三大殿。“大成”乃因宋徽宗赵佶尊称孔子为“集古圣先贤之大成”而称之为大成殿，并御书匾额。,/Date(1408593257000+0800)/,0
108990512,一下子逛完了，一个小时足够了，景点一般，可去可不去，不值这个票价。出来就是秦淮河，在旁边吃个晚饭，顺便夜游秦淮河。,/Date(1447144481000+0800)/,0
30702121,夫子庙大成殿一进大殿一幅巨大的孔子像就映入眼帘，非常的壮观。里面都是纪念孔子生平的一些事迹，看了还是挺有感触的~~,/Date(1428043207000+0800)/,0
70201921,值得一去的地方，但我们去的时候赶上修整。所以不太完美。带孩子们可以了解一下古代的文化生活，了解一下儒家思想的代表人物，孔子及弟子们。,/Date(1505128206000+0800)/,1
5300303,路过游玩，没有好好规划，总体还是不错了的，有文化气息的景点，了解孔夫子的人生历程，教育文化等！带小孩一起比较好！,/Date(1476408211000+0800)/,0
12665982,这个景点也还是不错的，既然到了就进去转转，里面很多关于科举考试的材料&#x0A;这边是考场，旁边就是青楼，也是有意思的地方,/Date(1465050082000+0800)/,0
5988190,游完感觉没啥，多了几张照片。。,/Date(1555044760000+0800)/,0
192720191,相信每个人来南京每个人应该都会必去夫子庙吧！&#x0A;虽然商业化了，但更适合年轻人来逛逛，小吃那些就有点贵，味道也一般般,/Date(1538749161000+0800)/,0
56424075,"这里有着厚重的城市文化，孔子儒学的信仰，。&#x20;&#x20;&#x20;&#x20;&#x20;&#x20;&#x20;&#x20;&#x20;&#x20;。..............,,,.,,,,,..........",/Date(1475566110000+0800)/,0
46966582,走走，逛逛，吃吃，带着孩子还去拜了孔夫子庙，晚上夜游秦淮河，没有大城市的喧嚣，静静的感受文化气息浓郁的南京城！,/Date(1440649815000+0800)/,0
1818442,夫子庙应该是到南京旅游的盆友们必打卡的地方了，游船，小吃都值得花时间花金钱，其实大成店业也有些历史，值得一看,/Date(1539197727000+0800)/,0
33634553,40园票价由于是晚上去的，又是过年灯展，觉得还行，白天我就不会进去了,/Date(1485877908000+0800)/,0
3408701,弘扬中国传统文化，值得一看并能了解文化精髓的一个景点，尤其对孩子的教育意义、文化熏陶有所裨益，总体感觉不错。,/Date(1480499149000+0800)/,0
57029223,慕名而来，却发现这里环境一般，没啥好玩的，以后也不会再来了。主要是陪老人孩子来看看的，从性价比上来说，真不值,/Date(1469604371000+0800)/,0
18420871,有孔子圣迹图的图像，底下有对应的说明，看一圈下来也了解了孔子先贤不平凡的一生，门口出来有孔子部分学生的雕像,/Date(1557143705000+0800)/,0
67526707,人很多，吃的东西也很多，玩吗，主要是看孔老夫子的遗址，对小孩有启发吧，但我们孩子太小，推荐10岁以上的孩子,/Date(1481694599000+0800)/,0
35827139,之前一直在夫子庙景区里逛，这边要钱也一直没进去，这次携程买票很迅速，直接在门外游客服务那个亭子拿票就行了，,/Date(1478251519000+0800)/,0
47750803,很不错，历史悠久，对孔子的认识更深刻了，是很有教育意义的景点，以后还会带家人过来参观拜访，是南京必经之地。,/Date(1450188375000+0800)/,0
401461,这次到南京，转程来了趟夫子庙，果然不虚此行！整个大成殿保护得很不错，能够看到很多关于教育方面的景观和展示。,/Date(1445509226000+0800)/,0
108982519,很好，非常值得一去，性价比高，内容丰富，很有教育意义，加上夫子庙周边的步行街以及秦淮河的美丽风光，不虚此行,/Date(1444368895000+0800)/,0
19988498,和朋友两个人去玩的，里面还挺挺好玩的，还能看到古人的小抄????????????????，性价比不错的地方,/Date(1443446358000+0800)/,0
36588130,景点展出内容丰富，展馆安排科学，适合小朋友学习了解。不足之处在于商业化太重，特别是景区内的消费让人受不了。,/Date(1436660014000+0800)/,0
13245864,夫子庙有很多南京传统小吃，对于一个吃货的我真是大饱口福，鸡鸭血汤、小笼包、兰花豆腐干，还有晚上去比白天漂亮,/Date(1419920661000+0800)/,0
191761359,南京夫子庙是纪念孔子的殿宇，浓浓的书香和厚重的文化令人肃然起敬。,/Date(1556626702000+0800)/,2
54353714,礼仪**好敬业&#x20;&#x20;&#x20;&#x20;&#x20;好好好好好,/Date(1535168870000+0800)/,0
26955871,夫子庙就是孔庙，作为学生一定要去拜一拜。感觉里面的雕像特别宏伟。,/Date(1516114504000+0800)/,2
1632696,来一趟南京不到夫子庙好像不大合适，夫子庙本身还是很值得看的，里面的展品实在是可圈可点。外面？呵呵????,/Date(1440571225000+0800)/,0
67157882,夫子庙不算大，一两个小时可以大致逛完。夫子庙附近有步行街，小吃特别多，呆到晚上，还可以逛秦淮河风光带。,/Date(1543421252000+0800)/,0
73159446,很不错！快捷方便，不用排队，晚上去看的，也是美美的，江南贡院后夫子庙，然后夜游秦淮河，感觉还是很不错的,/Date(1480346150000+0800)/,0
109023728,很方便，网上点点，就可以了，南京夫子庙还是蛮大的，里面走走出来吃吃喝喝，很快快乐乐，非常满意！很喜欢！,/Date(1479280621000+0800)/,0
69540754,十一期间去的，晚上才到夫子庙，人太多了，现场买票是30，在网上订的，便宜，取票离大门又20米，很方便。,/Date(1477360695000+0800)/,0
32476979,还好吧，不热闹，去的季节好像有点冷清……购物到很方便，买了件打折的羽绒服。吃的东西也有，还买了盐水鸭。,/Date(1469953396000+0800)/,0
25818773,南京著名景点，值得去看看，在秦淮河畔，周围有江南贡院，商业街等，还有很多小吃城，很方便。推荐大家去看看,/Date(1437988722000+0800)/,0
57879208,下午定的票晚上去的，晚上夫子庙的音乐效果很好，五一期间去的人非常多，不过晚上的灯光效果感觉比白天好看,/Date(1557014998000+0800)/,0
450611,南京，六朝古都，十里秦淮。市中心夫子庙步行街赞。一边了解儒家经典，一边品尝金陵美食，不愧是最高享受！,/Date(1554880842000+0800)/,0
59689230,半小时就出来了。有孔子像，还有孔子的弟子们像。介绍早前的教育。里面有苹果树（苹果是祈福挂上去的假的）,/Date(1466672976000+0800)/,0
28993926,有免费解说员，值得点赞！赞赞赞赞赞赞赞赞赞赞赞赞赞赞赞…………………………为什么一定要46字呢？？？,/Date(1465463869000+0800)/,0
20970275,能成功复制的自然只有孔圣人，在中国大地上，能够，很有名的孔庙就这么几所，其中的夫子庙就是其中之一。,/Date(1488518410000+0800)/,0
32694378,不错，了解了孔子的一生和他和学生的很多故事。值得家里有学生的去看看，毕竟孔子是我国最伟大的思想家！,/Date(1469974413000+0800)/,0
37197244,景点虽然不大，但是里面很有看点，尤其是带孩子参观能让孩子学习到很多书本上学不到的知识，很值得一游。,/Date(1439989419000+0800)/,0
8804455,太一般了，在外面拍拍照即可。里面的展览没什么大意思。要在南京看历史，还是出门左转上南京博物院吧。,/Date(1479659174000+0800)/,0
53258845,不错，不错，刷卡进入，风景漂亮，夜色美丽，就是人太多了，有机会还是不要挑大的假期，值得细细品味！,/Date(1475804694000+0800)/,0
2746740,比现场买便宜几块钱，里面不大总体来说还不错可以看看。在网上定得到邮亭里兑换，里面地方太小不方便。,/Date(1470841126000+0800)/,0
33167421,以前不用买门票，现在都要门票了，国庆人太多，不建议国庆去,/Date(1444467241000+0800)/,0
41564614,夫子庙大成殿适合学子游玩，夫子庙周边也很热闹，秦淮河夜景很美腻，去大成殿更多是感受一下那种氛围。,/Date(1443953552000+0800)/,0
528254,和各地孔庙的规制差不多，后院关于教育的展览很不错！从古到今的教育发展，还有特别厉害的小抄????,/Date(1440470688000+0800)/,0
30275458,很美，不用排队买票很方便，天气很好！取票的地方也离得很近&#x0A;，不用跑来跑去，价格也比景区门票便宜,/Date(1481075309000+0800)/,0
3295751,夫子庙好热闹，很值得一去，大成殿很有中华文化氛围，这次只来得及欣赏白天景色，下次有机会夜泊秦淮,/Date(1479083622000+0800)/,0
24830107,在闹市中找到一丝宁静，中间有敲钟和打鼓，1下2元，每一下都在敲的时候人家有讲，总体来说来不错。,/Date(1474610760000+0800)/,0
807702,不错送货速度比较快点半吧你们部门的我们部门的我们部门的我们部门的我们部门的我们部门的我们部门的,/Date(1468486424000+0800)/,0
220153525,夫子庙夜晚特别漂亮，大成庙，秦淮河真热闹。人山人海。,/Date(1557121767000+0800)/,0
71060819,夫子庙虽说是个小吃街，但还是冲着孔夫子去的，孔庙文化气息非常地强，不少烧香祈祷的人，门票挺值,/Date(1476695936000+0800)/,0
71055724,在放假前就想去了，后来担心赶不上，就在车上订票，去了后发现那儿确实不错，有很多名人的事迹介绍,/Date(1476146147000+0800)/,0
42301896,订票和取票均很方便，就是门口检票的那几位态度很冷淡，问一下路爱理不理的，问三句就回答两个字。,/Date(1442964896000+0800)/,0
42049691,整体来说不错，是有文化底蕴的，慢慢看一看，感觉还是不错的。为全家求了平安，希望灵验吧，呵呵。,/Date(1442221986000+0800)/,0
25578905,价格虽然稍贵，但味道着实不错。各地各类的小吃唯一不足的地方就是交通实在不便，打车坐车都很困难,/Date(1417517106000+0800)/,0
79107514,"夫子庙大成殿很小，进去左右两边是孔子得意的几个门生的雕塑，正面就是孔子雕像了，在殿后面有几块碑，属于文物,然后进去就是一个有关教育发展的一些文物展览，总体来说还是不错的。",/Date(1525595324000+0800)/,0
3467013,蛮不错的～蛮不错的～蛮不错的～蛮不错的～蛮不错的～,/Date(1489106724000+0800)/,0
4207619,仿造了古代祭祀的礼仪摆放了很多东西，值得学习一下。,/Date(1484306745000+0800)/,0
266539,非常方便，很快捷。在携程下单付钱后，短信很快就来了，可以凭短信到亭子那边换。人也不多，很快,/Date(1468461695000+0800)/,0
14014340,晚上人巨多，果断打开携程买票。不用排队直接换票，很方便。不仅如此，价格还比在那儿买便宜一些,/Date(1466733879000+0800)/,0
8926385,感受历史，学习。了解孔子的历史，使我对古代历史更加感兴趣了，回来马上看相关资料，觉得充实,/Date(1480304035000+0800)/,0
5133712,总体比起南京的其他景点，这里的门票相对较贵，只是周边是秦淮河，还有带小孩来，不然感觉不值,/Date(1467935604000+0800)/,0
19667250,带着孩子兜一圈还可以&#x20;里面可以顺便给孩子普及下知识&#x20;里面介绍还是蛮多的&#x20;出来外面夫子庙再玩一会,/Date(1466993640000+0800)/,0
31756499,还不错。性价比可以，和孩子一起去的，里面规模不大，但是服务贴心！孔夫子还是值得去看看的。,/Date(1465708294000+0800)/,0
40415993,就在著名的秦淮河旁，该文庙的格局虽然与其它地方的都差不多，但这里的文化展览更丰富多彩些。,/Date(1457608585000+0800)/,0
44691056,挺不错的，南京必游景区挺不错的，南京必游景区挺不错的，南京必游景区挺不错的，南京必游景区,/Date(1444807393000+0800)/,0
37784800,比较小的范围可以观赏。敲钟需另外收费&#x20;一下两元&#x20;一般他会建议五下十元&#x20;个人建议三下就好????,/Date(1437199762000+0800)/,0
98890380,挺好的，国庆还有表演，就是那些国庆期间说在大成殿回廊的项目只找着了两个，其他的都没看到,/Date(1538818705000+0800)/,0
20481302,每次来都有不同的感觉，建议不要要节日来，人太多,/Date(1499057509000+0800)/,2
28412132,价格实惠，走走挺好的，虽然没有特别多看的东西，但这里是来南京必游之地，很好，值得推荐！,/Date(1479827205000+0800)/,0
61450879,了解中国教育的发展史，里面的资料很齐全。拜访孔老夫子，膜拜万世师表的楷模，值得认真学习,/Date(1479216577000+0800)/,0
5407201,便捷，直接兑换，无需等待，票亭很近。景点一般，可以看看，内容也不是太多，半小时可看完。,/Date(1479037598000+0800)/,0
22491227,需要有导游，要不啥也看不出来，最好组团去，里面历史气息很浓郁，而且有古乐谱表演，挺不错,/Date(1473518831000+0800)/,0
67285687,很不错，网上买票比实体买票便宜，里面七点还有表演，晚上夜景很漂亮，感觉挺值得，值得推荐,/Date(1473131137000+0800)/,0
23760747,网上订的票价便宜，服务态度也很好，周边交通方便，取票也很方便，里面很有历史意义值得一去,/Date(1471479212000+0800)/,0
1558762,非常好的地方，神奇无比，值得一在。有历史，有现实，有花花绿绿，有好吃的，好玩的，好看的,/Date(1470648507000+0800)/,0
41791087,非周末，人不算很多，可以慢慢参观。网上买票很方便，就在门口的游客中心取票，便宜了几块钱,/Date(1465959872000+0800)/,0
39221379,不错，学习历史不错，学习历史不错，学习历史不错，学习历史不错，学习历史不错，学习历史，,/Date(1465394031000+0800)/,0
41705259,喜欢里面的讲解员，讲解非常不错，附近就是小吃街，连吃带玩，还能看见水上的龙舟，景色很美,/Date(1465342010000+0800)/,0
54582722,很不错，外面有很多小吃，味道很美，景点可以祈福，适合一家子游玩，很快乐的旅程，值得推荐,/Date(1450082068000+0800)/,0
40034783,有免费的讲解，穿着也很考究，不少的展览，但一直有推销的香烛，不过这种弘扬传统文化的地方,/Date(1443192394000+0800)/,0
39315687,取票非常方便，不用去不用去排长队买票了，我太明智了，团购价很划算，携程是出行着的好助手,/Date(1439646732000+0800)/,0
1880649,大人看一般吧，还是带孩子的游客去更有意义一些,/Date(1517625992000+0800)/,0
156334276,敬拜孔夫子，上香祈福学业有成、阖家幸福安康！,/Date(1517513733000+0800)/,0
92492658,即买即进，很方便。比在景区直接买还是有优惠的,/Date(1514644213000+0800)/,0
11492439,南京著名景点，不大，一个庙而已，逛十分钟就出来了～～～～～～～～～～～～～～～～～～,/Date(1481767626000+0800)/,0
15401104,到南京应该去的地方，以及附近区域地点挺不错。步行街和古巷领略江南家居风光。值得以往。,/Date(1477487817000+0800)/,0
27077733,相对其他地方的大成殿规模更大，周边景致很不错。票价也不贵。对于历史的了解有很大的意义,/Date(1477486516000+0800)/,0
21847196,夫子庙，到此一游吧，景点就是这样，无非到过了，因为孩子太小，也没法好好游览，75分。,/Date(1472596207000+0800)/,0
38681166,不错，还是值得一去，就是周末，节假日人有点多，但还是不错的，推荐去南京就一定要去咯！,/Date(1471147456000+0800)/,0
39121145,带着孩子逛了夫子庙，不管是白天的大成殿还是晚上的夜景，都是很吸引人，小吃很多奥！！！,/Date(1439907870000+0800)/,0
8807040,值得一去，文化底蕴深厚，服务好，态度好，环境好，下次有机会带着家人朋友一起来。很喜欢,/Date(1438402499000+0800)/,0
38381467,感觉挺好，就是有的有点累。风景很美，人也很多，算是南京的典型建筑吧！总体来说很满意！,/Date(1436749024000+0800)/,0
2523970,看起来比较霸气，来的人也是很多，想进去看下就是肉博，来夫子庙的人都会来这看看，不错。,/Date(1416712566000+0800)/,0
159830873,拜孔子(&#x20;•̥́&#x20;ˍ&#x20;•̀ू&#x20;)，求制图补考不挂科，今天下大雪，有点冷,/Date(1516860862000+0800)/,1
72621244,进大成殿里，最值得一看的是用各种玉石雕成的壁画。形象、生动地展示出孔子一生的经历。,/Date(1479615284000+0800)/,0
30611325,里面烧香，敲钟打鼓，地方也不算大，所以门票偏贵，就好像进去自己看故事。没有人讲解。,/Date(1476270393000+0800)/,0
3525114,地方不大，全程有讲解，会有些收费的祈福活动，主要是让小孩了解下，还算不错，值得一去,/Date(1475795073000+0800)/,0
60229745,方便&#x0A;就是地方挺小的，转了一小圈就没有了，但孩子们觉得很快乐，有玩就开心，还不错吧,/Date(1475498360000+0800)/,0
3558362,取票快捷，费用还有优惠，真是很好！不过夫子庙里没有什么很有意思的景点，景色一般般。,/Date(1474382410000+0800)/,0
40698339,好好好好好好好好好好好好好好好好好好好好好好好好好好好好好好好好好好好好好好好好好,/Date(1468133480000+0800)/,0
73339067,适合下次再去，价格优惠，使用方便，一直使用携程，好用，推荐给朋友使用。。。。。。,/Date(1481805702000+0800)/,0
37631106,取票点就在大成殿的左边的邮差亭，去夫子庙玩的时候去大成殿瞻仰孔子，沾染孔子的灵气,/Date(1480330092000+0800)/,0
69080189,人多，景点不是很大，里边商业化严重，不过细节很温馨，有供游人坐在角落看的书………,/Date(1480152307000+0800)/,0
34702806,真的特别好，感受到特别重的文化气息，就是区域有点小，可以在周围吃吃喝喝，特别热闹,/Date(1479778743000+0800)/,0
3184313,好！！！！！！！！！！！！！！！！！！！！！！！！！！！！！！！！！！！！！！！,/Date(1479225466000+0800)/,0
13623079,网上订票很方便&#x20;就是放假期间游客太多了&#x20;晚上很漂亮&#x20;也看到了古代学子的不容易&#x20;还会有表演,/Date(1476259537000+0800)/,0
13566973,有点古都风采，有文化，有故事，打造得也不错，秦淮河也很有特色，边上的小吃也很方便,/Date(1472126563000+0800)/,0
4030925,夫子庙带孩子过来游览的，人很多，网上订票很方便，取票地点也很好找，还会继续关注的,/Date(1471558194000+0800)/,0
6512994,很好很方便，到景点直接取票，很快。和家人一起出来游玩，孩子玩的很高兴，说还要来。,/Date(1468816905000+0800)/,0
108975434,有一定的文人气场。老街老房子，灯红酒绿热闹非繁，传承地域饮食文化。让人思绪万干。,/Date(1443275705000+0800)/,0
15302441,抱着朝圣的心态去的，拜拜孔子，墙面的壁画好赞，但观赏效果不高，主要就是了解孔子。,/Date(1436183864000+0800)/,0
201792771,网上需要提前订票等不及所以现场买的票，相差几元。&#x0A;建筑很好看。但是个人不喜欢很多花灯。庙不是很大。现场有品茶折纸等活动。,/Date(1554642610000+0800)/,0
28414893,夫子庙之所以有名也不是因为制作秒更多的是他的工的旅游不行环境吧秒只是一个汇集的中心点他更多的是历史文化以很多人来还是来这里吃东西逛街散步吧,/Date(1472270513000+0800)/,1
55622539,甚好，雪中夜景甚是美丽，不一样的体验,/Date(1550850637000+0800)/,0
10587030,应该晚上去的，门口有歌舞表演还有激光,/Date(1535893992000+0800)/,2
72730582,挺好的&#x20;比门口买门票便宜了几块钱&#x20;里面拍拍照看看&#x20;人挺多&#x20;发的是酒店券，还是不错的。,/Date(1481329996000+0800)/,0
41556788,一个值得去的地方，尤其是学子们，不错,/Date(1468216873000+0800)/,0
199856258,网络订票不能即时区，总统府景区的就非常人性化，随定随进,/Date(1538624978000+0800)/,1
197083613,江南贡院建议晚上去，贡院就在河边，可以比较安静的欣赏秦淮河夜景，景色很不错,/Date(1538177696000+0800)/,0
169066343,很好，很好，很值得大家来游玩一次！,/Date(1522809696000+0800)/,0
4072371,元旦期间人山人海啊，排队取票等了十多分钟，大成殿里人好多，而且景区不大，票价30稍贵了些，携程优惠返现后21，还可以吧，来一次就够了，了却一个心愿。^_^,/Date(1514629269000+0800)/,0
27528095,虽然不大但内容丰富，比较增长阅历的,/Date(1488556856000+0800)/,2
12215115,拜圣人&#x20;祈福&#x20;许愿&#x20;撞钟&#x20;敲鼓&#x20;求好运求平安求金榜题名&#x20;里面有很多小猫成了另一道风景线,/Date(1487175503000+0800)/,0
174485118,网络购票就是方便，随买随用，不错,/Date(1537452326000+0800)/,0
38148287,瞻仰一下孔夫子和他的8闲徒儿。吸一口供奉圣人的香火，祝大家健康。孩子高中,/Date(1502780283000+0800)/,0
3293375,夫子庙热闹非凡，即可参拜孔圣人，又可欣赏古建筑，满街的小吃让人流连忘返。,/Date(1500741472000+0800)/,0
13522582,门前的孔子雕像很大&#x20;很浓厚的历史感,/Date(1498201437000+0800)/,0
807702,学习学习，看看，晚上去的，还可以,/Date(1460510059000+0800)/,0
21291856,南京夫子庙景区里面的最核心景点，里面一个很大的孔子雕像，门前正对秦淮河。,/Date(1411719175000+0800)/,0
47537755,夜景好看，还可以吧，白天小吃！,/Date(1457446297000+0800)/,0
81031636,就在夫子庙景区里，全是游客，外观建筑很壮观，来南京游玩，还是值得去的,/Date(1502422037000+0800)/,0
56456307,不愧是AAAAA级景区，有丰富的人文气息，好吃的美食，让人流连忘返。,/Date(1498779546000+0800)/,0
16649775,现在高铁太方便了，利用周末时间就跑到南京玩了一下，到夫子庙临时订票的，网络订票方便又便宜，庙里面一般吧！没啥可说的，大致看一下就出来了，里面也很小。,/Date(1467459747000+0800)/,0
4348041,人不多，领票蛮快的。大成殿里面很多雕画，一幅画一个小故事，很有意思。,/Date(1357262901000+0800)/,0
97579596,好吃好玩去了好像去不虚此行。大家都很喜欢特别去老丈人和丈母娘！呵呵,/Date(1558572743000+0800)/,0
5145315,这个地方要花门票进去，可看的我地方还不少，大成殿是景区内最大的建筑,/Date(1511487585000+0800)/,0
26019921,非常划算的套票，除了夫子庙整个街道人多以外都没啥毛病………………,/Date(1556943440000+0800)/,0
202695000,非常不错的旅店，老板服务特别周到，还可以把行李放到他那里！很感谢,/Date(1543817807000+0800)/,0
73252118,就是个大殿！自己没有讲解进去没啥用！！还是让导游讲解一下更好！！,/Date(1499784509000+0800)/,0
1818442,虽然要单独买票，不过如果特意来南京游玩，还是值得听导游好好说说的,/Date(1492952956000+0800)/,0
40410637,还是晚上去比较好，周边有许多小店，吃的还不可以，建议坐船游秦淮河,/Date(1441117260000+0800)/,0
4044800,取票很方便，但景点不大，逛一会儿就完了，还好是在携程预定有优惠，,/Date(1349832933000+0800)/,0
34351235,庙挺大的，据说是中国三大文庙之一，随便逛逛感受一下孔庙文化挺好！周末晚上有穿汉服的美女可以陪你照相哦。,/Date(1555167363000+0800)/,0
187761018,玩的很好，孩子很喜欢，是南京的代表建筑之一！去南京必须夫子庙！,/Date(1534220805000+0800)/,0
115031186,儒风传天下，夫子庙美扬,/Date(1503241968000+0800)/,0
5355225,来这里膜拜的人很多很多，都是祈祷孩子读书考试考的好名次高就吧！,/Date(1478820499000+0800)/,0
3482810,携程网上购票便捷，现场取票也方便，相关说明很明确，便于操作。,/Date(1523055603000+0800)/,0
19294484,很喜欢南京，跟西安一样，是一个有历史韵味的城市，值得一去哦～,/Date(1492782433000+0800)/,0
5259918,夫子庙内最大的正殿，庄重，宏大。格局同国内其它大成殿差不多。,/Date(1476318217000+0800)/,0
195671979,可以，领孩子去玩玩看看中国的教育历史，历史考学制度，蛮好的,/Date(1554882872000+0800)/,0
466190,感觉挺干净的，文化气息浓厚，时间太匆忙，下次多点时间好好看,/Date(1528515860000+0800)/,0
75786515,在网上买票比现买便宜和方便，没有注意取票提示，五一去人特多,/Date(1525167730000+0800)/,0
4102656,哈哈哈！里面有几张文盲的毕业证书很特别,/Date(1497319982000+0800)/,1
1449378,果断还是网上买好票最实惠，景点无障碍不行，孩子的推车蛮吃力,/Date(1489193587000+0800)/,0
20851276,在夫子庙中心，孔子雕像在正门处，里面有展览，元宵节还有灯会,/Date(1409118112000+0800)/,0
9088265,是南京夫子庙的主殿，殿内正中悬挂一幅中国最大的孔子画像。,/Date(1559727444000+0800)/,0
14874863,值得一去，但是里面免费导游是引导你烧香的，管好自己的钱包,/Date(1532912696000+0800)/,0
40797456,带小孩去，很有特色的孔庙，请了祈福牌，工作人员讲解很到位,/Date(1525392172000+0800)/,0
110924160,祭祀孔子的正殿，夫子庙的建筑富有明清色彩，外观漂亮大气。,/Date(1508935260000+0800)/,0
1280311,纪念大成至圣仙师孔夫子的，值得去的地方，离夫子庙很近的。,/Date(1442745585000+0800)/,0
2110923,非常好，这个票单买要贵一些，提前买好再出行又省时间又省钱,/Date(1365491949000+0800)/,0
30160617,好久好久之前去的&#x20;非常不错&#x20;感受先贤文化，是中华文化之魂。,/Date(1524984992000+0800)/,0
153474180,人有些多，展览很有意思，大概用时半个小时到一个小时左右,/Date(1522993083000+0800)/,0
155172604,第一次来南京，首先就看夫子庙，绝对值得，秦淮风光也不错,/Date(1512340854000+0800)/,0
65940069,有特色，值得去，是个有故事的地方。,/Date(1507645299000+0800)/,1
1126396,夫子庙相当于当年的文化中心了，各种小吃各种行当也是历史,/Date(1505885452000+0800)/,0
3757157,拿票挺方便，就在边上的小亭子里，小姑娘态度很好，赞一个,/Date(1497713749000+0800)/,0
5355225,很多很多的人来到夫子庙以后都会来这里，这里是祭奠春秋时期大思想家孔子的主殿，里面有一张全国最大的孔子画像，这里也是全国的名胜古迹之一！,/Date(1482720067000+0800)/,0
202671594,第一天去的第一站就是到夫子庙，很好，虽然很累但很快乐,/Date(1557307565000+0800)/,0
39197388,瞻仰孔子塑像，感受儒家风范，很棒,/Date(1555900447000+0800)/,1
173325471,人特别多，门票很便宜，值得一去！,/Date(1535775756000+0800)/,1
11664168,很好，南京夫子庙人气爆棚，景区管理服务总体规范、效高,/Date(1533768093000+0800)/,0
21119218,不虚此行学了不少关于教育的历史知识，小朋友受益匪浅。,/Date(1516768397000+0800)/,0
5426300,夫子庙大成殿很值得一看，里面有很多专业解说员为游客全程解说，每天固定时段还有古色古香的文化演出，还介绍了美丽的汉服，非常值得一去哦！,/Date(1503458802000+0800)/,0
82047928,六百多个选手，不分年龄混合比赛，取七十名左右有奖状~,/Date(1502467690000+0800)/,0
18168325,携程订票出票很快，下雨天游览，感受一下这里的文化氛围,/Date(1490972245000+0800)/,0
64818094,夫子庙大成殿正在进行华夏教育展，其中的科举试题居然也有数学题，有点意思！,/Date(1470668385000+0800)/,1
46777594,夫子庙大成殿参观一下很好，看了孔子介绍胜读三年韦！,/Date(1557710056000+0800)/,0
6462877,值得一看，烧香，击鼓，平安牌几个自费项目觉得不太好,/Date(1514804181000+0800)/,0
23206370,是南京夫子庙的主殿，是科举文化以来供奉孔子的圣地。,/Date(1509969162000+0800)/,0
40053412,就在单位隔壁，古色古香，对于外地人来说，值得一去。,/Date(1504860632000+0800)/,0
20705285,晚上去的，人少些，一般，不值！,/Date(1498658505000+0800)/,1
51860856,带孩子拜拜孔夫子，门票便宜，晚上去的，下性价比适中,/Date(1497688593000+0800)/,0
7040942,在携程订票太方便了，取票也很简单，夫子庙也挺好的。,/Date(1493705598000+0800)/,0
54016787,好喝可乐肯定妈妈的麻烦麻烦快点看到了宽容别人帮大娘,/Date(1491806587000+0800)/,0
1818442,以前古代学生考试的地方，就是还要买单独门票不能接收,/Date(1483785876000+0800)/,0
58470444,还好吧，比较出名，但是去了感觉也没有那么高的评价！,/Date(1465870685000+0800)/,0
36917530,可以一看。性价比一般。不过到了南京不去也说不过去。,/Date(1443966314000+0800)/,0
18569493,地方超大，堪比上海城隍庙。各地各类的小吃，应有尽有，价格虽然稍贵，但味道着实不错。唯一不足的地方就是交通实在不便，打车坐车都很困难,/Date(1412845814000+0800)/,0
34512932,人非常多，景区还不错&#x20;对着秦淮河风景区&#x20;晚上可以游船,/Date(1557927054000+0800)/,0
15942631,人，太多了，人，太多了，人，太多了，人，太多了，,/Date(1532521936000+0800)/,0
160545526,夫子庙里还是很不错的，网上订票订取都很方便！好评,/Date(1516585885000+0800)/,0
157203877,很好！正常出票，景点很好！事物很多！美食一条街！,/Date(1516545011000+0800)/,0
36917530,去南京，还是有必要需看下，边上的南京大排挡不错。,/Date(1444221610000+0800)/,0
16791381,夫子庙灯会不错，至于吃的，就是游客尝个鲜，不咋地，味道也不是很正宗，饭店就是做旅游团生意的，不要指望有服务,/Date(1558945608000+0800)/,1
83149220,夫子庙加游船夜游，小吃逛街一个不拉，景色非常好,/Date(1539096834000+0800)/,0
185941118,有点意思，到处都要钱，孔夫子成了你的拦财之道了,/Date(1537621759000+0800)/,0
157186446,人比较少，在夫子庙商业街里面，挨着秦淮河，不错,/Date(1522833938000+0800)/,0
111910442,建筑挺气派的，但是可惜都是比较新的，后代重建的,/Date(1517967694000+0800)/,0
21130745,一次不错的旅行，比较休闲没有疲劳感，漫游状态。,/Date(1491092395000+0800)/,0
7344210,晚上人超多，不太适合年轻人去，学生可以去拜一下,/Date(1439070010000+0800)/,0
26082702,挺好的，赞一个，第一次来朋友们都觉得挺满意的。,/Date(1418392338000+0800)/,0
17878624,堪比上海城隍庙。各地各类的小吃，应有尽有，价格虽然稍贵，但味道着实不错。各地各类的小吃，应有尽有，价格虽然稍贵，但味道着实不错,/Date(1414633789000+0800)/,0
5842636,风景靓丽，环境好，空气清新！周围的人们也热情！,/Date(1410762854000+0800)/,0
223002664,去夫子庙能深刻感受儒家思想文化的精髓和魅力！,/Date(1558623449000+0800)/,0
33575706,如果可以便宜一点更好，里面的孔子一生的图不错,/Date(1534747889000+0800)/,0
65261566,大成殿庄严雄伟，参观的人源源不断，香火鼎盛。,/Date(1508030305000+0800)/,0
37929299,挺有意思的，值得一看，就是周围人太多2333,/Date(1500006934000+0800)/,0
60385818,经常去的地方，这里以前是科举的考场，群英荟萃,/Date(1498473196000+0800)/,0
56719923,去南京感觉这是必去的地方，感受一下，学习一下,/Date(1493907914000+0800)/,0
73015164,取票什么的挺方便的，以后出去玩儿用这个挺省事,/Date(1490782318000+0800)/,0
13294477,历史性质，孔子的故事，挂满红牌的祝福，很幸福,/Date(1473687529000+0800)/,0
43203925,大成殿巧遇国学讲读，美女教师授课，真心不错。,/Date(1443777511000+0800)/,0
22562647,地方不大，大多都是去祈福的，许个美好愿望吧,/Date(1555828122000+0800)/,0
202500498,感觉还可以吧，听了听导游解说，大致的看了看,/Date(1544254807000+0800)/,0
30013982,南京夫子庙大成殿，前往参观的游客络绎不绝。,/Date(1525721014000+0800)/,0
89502903,南京夫子庙医院很有文化底蕴，携程购票很方便,/Date(1523171356000+0800)/,0
160180801,很不错的景点，来南京必去，很多景点都在附近,/Date(1517802249000+0800)/,0
26025924,来夫子庙大成殿门票30，大成殿的门口有孔子像，殿里还有孔子的画像，大成殿同时是祭祀孔子的正殿，里面逛逛长知识，总体还不错的,/Date(1509337297000+0800)/,0
55126956,没有进去夫子庙&#x20;&#x20;&#x20;在夫子庙的周围吃了两晚&#x20;&#x20;&#x20;不错！,/Date(1506609056000+0800)/,0
5953029,感觉好不错，值得去一趟，特别悠久的文化历史,/Date(1505259812000+0800)/,0
50793320,里面虽然不大.但是这里却值得参观的一个地方,/Date(1500769280000+0800)/,0
12542942,很有文化底蕴，原来考试作弊是有历史渊源的。,/Date(1499959731000+0800)/,0
30757613,准备考试的孩子们可以去拜拜，争取个好成绩！,/Date(1496466337000+0800)/,0
29772894,孔子的一生一一展现在里面，小孩子很感兴趣,/Date(1556898216000+0800)/,0
2799588,不错，借得带孩子去！不错，借得带孩子去！,/Date(1554913414000+0800)/,0
168652949,来了夫子庙一定要进来参观一下，非常值得去,/Date(1551688747000+0800)/,0
191241606,有教育意义的景点！带孩子逛逛还是很不错的,/Date(1549810945000+0800)/,0
184282020,还好，不错，挺好的，效率高先支持一下喽，,/Date(1539162333000+0800)/,0
73522162,便宜实惠，比现场排队买票便宜而且节省时间,/Date(1538663848000+0800)/,0
9240071,夫子庙很好，晚上也可以游览，还有表演看。,/Date(1535163566000+0800)/,0
108451372,非常不错的一次游玩，携程买票即方便又便宜,/Date(1525770480000+0800)/,0
29769121,夫子庙的主殿，进去烧烧香祈福，值得一去！,/Date(1524094725000+0800)/,0
69441215,地处步行街的中间，门口有个小工地，在搭个风车。整个庙一共就两进，面积非常小。敲钟和击鼓都是两块钱一次，貌似还买一送一。园子里搭了很多灯会的灯，卡通可爱，就是电源貌似还没接通。门口牌匾晚上会开灯，比白天好看。,/Date(1517846582000+0800)/,0
12742111,夫子庙大成殿，走进夫子庙可见，威严壮观。,/Date(1517706029000+0800)/,0
8541133,孔庙，专门带宝宝来沾沾文气，值得去看看。,/Date(1517490439000+0800)/,0
59840106,即买即用很方便，有孔子的生平事迹，值得去,/Date(1515722325000+0800)/,0
4242286,很值得去玩！！很不错！！！！！！！！！！,/Date(1506902744000+0800)/,0
35805190,虽然人非常多，到一点也没挡住我去那的热情,/Date(1503057307000+0800)/,0
2175053,南京著名景点夫子庙景区的一个景点，老建筑,/Date(1498292505000+0800)/,0
1818442,非常有代表性的南京景点，有着文化特色……,/Date(1470661038000+0800)/,0
60758695,很值得一去，很好，非常的适合陶冶和纪念！,/Date(1469837828000+0800)/,0
38226362,网上订票，取票方便，景观不错，值得一去。,/Date(1439479446000+0800)/,0
15128280,到夫子庙可以顺便去看看，孔子布道地方。,/Date(1559484461000+0800)/,0
261769,孔老夫子的人与事，受益匪浅！值得一看！,/Date(1556922759000+0800)/,0
191297181,感觉还是一般吧，慢慢走就当散步也还不错,/Date(1536656214000+0800)/,0
21765604,出票快，按照显示时间现取现买，优惠便捷,/Date(1534001804000+0800)/,0
97772391,十分开心的一次旅行真的很棒强烈推荐！！,/Date(1525347893000+0800)/,0
30524459,一家三口亲子游，当天天气很冷人不是很多,/Date(1519401661000+0800)/,0
121091211,有个电子导游太好了，而且可以重复收听！,/Date(1511706275000+0800)/,0
7477185,很好，夜景非常不错，就是人实在是太多了,/Date(1501123382000+0800)/,0
28841945,规模很大的孔庙，体验孔子文化的好机会。,/Date(1500221312000+0800)/,0
2225822,夫子庙的建筑，人流量很大，大殿东西很多,/Date(1492000028000+0800)/,0
44097604,大成殿是夫子庙主题建筑，保存得炒鸡好！,/Date(1479603601000+0800)/,0
70167386,里面不大！一下子就逛完了！不过还是蛮有意思的！有好多古代的上学之类的挺好玩的，拍了好多照片！更加了解古代人读书的事情了,/Date(1475317187000+0800)/,0
4501642,感觉不错&#x20;本来也很喜欢孔子&#x20;大成殿值得一去,/Date(1408160309000+0800)/,0
225110741,建议一游&#x20;儒家文化寻根之旅&#x20;非常有意义。,/Date(1557492267000+0800)/,0
69467942,随定随进很方便，但是应该多个入口检票,/Date(1535165839000+0800)/,0
73904620,景点之间非常近，不用走很远，非常好～,/Date(1526221634000+0800)/,0
71498441,非常不错的好景点，值得慢慢慢的来游玩,/Date(1507380532000+0800)/,0
39581920,不错，很方便，也实惠，和妈妈一起去玩,/Date(1495592427000+0800)/,0
3121161,好好好好好好好好好好好好好好好好好好,/Date(1493641157000+0800)/,0
74188852,南京之行的必去景点，朝拜孔子的地方！,/Date(1489934827000+0800)/,0
43854462,古色古香的古建筑，是拜孔子的古庙来的,/Date(1489447027000+0800)/,0
343472,文化气氛还算可以的地方！可以去一去！,/Date(1487235566000+0800)/,0
4732572,风景不错的，走走看看也挺好的，免费。,/Date(1478831504000+0800)/,0
203245373,热闹繁华值得一游，带朋友一起去的。,/Date(1557264790000+0800)/,0
210554533,很棒棒棒棒棒棒棒棒棒棒棒棒棒棒棒棒,/Date(1554439132000+0800)/,0
182116980,风景很好！人很多！里面小吃特别好吃,/Date(1549456456000+0800)/,0
1734741,景区验票方便，店里有巨幅孔子画像。,/Date(1541681978000+0800)/,0
14020234,夫子庙景区里的，不过还得需要买门票,/Date(1527025733000+0800)/,0
172313559,香火旺盛&#x20;看看还是不错的&#x20;还需要3个字,/Date(1524829538000+0800)/,0
1127686,网上订票方便快捷，最主要是便宜。&#x0A;,/Date(1520773832000+0800)/,0
4097749,价格优惠、取票方便，很好的一次体验,/Date(1520171010000+0800)/,0
2517074,感受一下文化，还是挺好的，可以的。,/Date(1516955375000+0800)/,0
3124027,方便快捷方便快捷，方便快捷方便快捷,/Date(1507078939000+0800)/,0
15105360,孔夫子的纪念堂，接受传统文化的熏陶,/Date(1506333539000+0800)/,0
16031167,夫子庙吃喝玩乐都可以&#x20;不错吧体验一下,/Date(1503011615000+0800)/,0
98595525,就在夫子庙里面，里面比价大值得一去,/Date(1502622940000+0800)/,0
53444429,在逛时偶然遇到，过去很神圣的地方。,/Date(1498997290000+0800)/,0
71503812,千万不要过去浪费钱，实在没什么意思,/Date(1498460650000+0800)/,0
51860856,带孩子去拜拜孔子，好兆头，孔子门生,/Date(1497203006000+0800)/,0
15105360,孔老人家的塑像，从小到大看了多少年,/Date(1496704825000+0800)/,0
532276,参拜孔老夫子，南京比较著名的景点。,/Date(1494208519000+0800)/,0
23206370,夫子庙大成殿，建筑宏伟，香火旺盛。,/Date(1492843262000+0800)/,0
54538756,很好，旅游跟开心。网上购票还方面。,/Date(1492579414000+0800)/,0
60052842,夫子庙大成殿宏伟壮观，很值得一去。,/Date(1466819671000+0800)/,0
46603943,夫子庙灯会好看，热闹，特意来南京,/Date(1553674876000+0800)/,0
4390020,人超多，关注历史人文的会非常喜欢,/Date(1539392857000+0800)/,0
177323155,很好，值得一去，感受古人的智慧。,/Date(1529976061000+0800)/,0
3697203,了解儒家文化遗产，但是人太多了。,/Date(1525010358000+0800)/,0
3048887,进门就有讲解，焚香许愿放莲花灯。,/Date(1523101318000+0800)/,0
164363872,不错，不错，孔夫子的生平更加清晰,/Date(1519219488000+0800)/,0
82040356,在南京上学的时候，经常路过走走！,/Date(1506251083000+0800)/,0
70985594,出票快，取票方便，提前预定还划算,/Date(1502534038000+0800)/,0
8734667,很好很好很好很好很好很好很好很好,/Date(1497061586000+0800)/,0
59002451,很不错，带小孩参观长知识&#x20;值得一去,/Date(1493269661000+0800)/,0
732839,南京的特色景点，一定要去的游玩的,/Date(1491474109000+0800)/,0
27577483,玩的人很多，夜景挺好看，各种小吃,/Date(1488698060000+0800)/,0
19553394,最惊艳的是殿前二棵银杏树。。。。,/Date(1481382904000+0800)/,0
6873117,夫子庙不大，天下读书人都应该拜拜,/Date(1479828293000+0800)/,0
37925619,钱白花了钱白花了钱白花了钱白花了钱白花了钱白花了钱白花了钱白花了钱白花了钱白花了钱白花了钱白花了钱白花了钱白花了,/Date(1477475276000+0800)/,0
17036498,夫子庙还是美食最有名，个人觉得山东的孔庙才是最正宗的，来这里顺便看看吧。,/Date(1428385725000+0800)/,0
163365219,蛮好的，不错的，可以的！！！！,/Date(1559562825000+0800)/,0
15548750,还不错，就是天气热了点，人很多,/Date(1550138144000+0800)/,0
188404414,不错，有机会还会再来的，期待中,/Date(1548054750000+0800)/,0
201461070,棒棒哒，夜游秦淮河景色美美哒。,/Date(1540473824000+0800)/,0
30056066,不错！不错！不错！不错！不错！,/Date(1538543068000+0800)/,0
86614892,很方便，现场买了立马可以兑换的,/Date(1535116201000+0800)/,0
109672159,传承夫子精神，夫子庙值得一观。,/Date(1533919126000+0800)/,0
172696053,很好，很值得一去，携程订票便宜,/Date(1524885309000+0800)/,0
16031167,哈哈&#x20;拜夫子庙大殿里的大佛噢……,/Date(1519087652000+0800)/,0
49166233,免费讲解的知识和故事，挺好的啊,/Date(1518169294000+0800)/,0
19019726,总体不错，夜景很美，好好好好好,/Date(1517554159000+0800)/,0
55878085,商业圈中怎么会有个大成殿的呢？,/Date(1513042150000+0800)/,0
16031167,夫子庙景区可以逛逛&#x20;大殿看个人吧,/Date(1510967538000+0800)/,0
40331078,夫子庙大成殿在南京夫子庙景区孔庙内，一进大门就能看到，有一座很高的孔子像，据说很灵验，最近要考试的可以去拜拜。,/Date(1510111530000+0800)/,0
70621595,很方便的环城巴士，直接送到景区,/Date(1507084789000+0800)/,0
3951730,这是来南京旅游必去的景点之一！,/Date(1506703815000+0800)/,0
45217496,不错挺好玩的&#x20;五颗星&#x20;门票性价比高,/Date(1505219806000+0800)/,0
50640175,气势恢宏，古香古色，庄严肃穆&#x20;。,/Date(1504487132000+0800)/,0
74571705,人很多，很热门市，到处是小吃店,/Date(1503641759000+0800)/,0
22086657,不得不去，一定要去的地方，挺好,/Date(1503154667000+0800)/,0
28444923,非常方便，快速办理，节约费用。,/Date(1501942861000+0800)/,0
3951730,这是来南京旅游必去的景点之一！,/Date(1498707903000+0800)/,0
69215809,还可以，不知道说什么了，就这样,/Date(1497417059000+0800)/,0
13522582,夫子庙主殿&#x20;很高的孔子像&#x20;值得一去,/Date(1496464914000+0800)/,0
1537737,很不错，给孩子教育问题的补充！,/Date(1495074322000+0800)/,0
16031167,夫子庙景区吃喝玩乐游秦淮河风光,/Date(1495031636000+0800)/,0
23206370,夫子庙大成殿是纪念孔子的正殿。,/Date(1492558081000+0800)/,0
61596423,华夏第一学堂，读书人必去的地方,/Date(1490429315000+0800)/,0
27877832,外表歇山式建筑屋檐，是等级较高,/Date(1483539739000+0800)/,0
13522582,一个主要的宫殿建筑很气派还不错,/Date(1482536186000+0800)/,0
706513,不错不错，挺好玩的地方，很多人,/Date(1481064843000+0800)/,0
1311465,这里建筑很有特色…强烈推荐哦～,/Date(1479877461000+0800)/,0
4732572,挺好的，人多热闹的景点，求学。,/Date(1479347821000+0800)/,0
42612237,感受历史文化，古代的风气习俗。,/Date(1478969411000+0800)/,0
14697205,非常特色的地方，推荐值得一去的,/Date(1477360295000+0800)/,0
116529,还不错，里面有关于孔子的很多文化资料，有个很大的孔子雕像，门票40，学生票20。元宵节的时候有灯会，比较热闹。,/Date(1431254809000+0800)/,0
,挺好的不错不错错不错。。。。&#x0A;,/Date(1546814242000+0800)/,0
16031167,不错&#x20;南京护城河环绕夫子庙景区,/Date(1526780820000+0800)/,0
14025079,人文历史深厚，建筑也有特点，,/Date(1525180299000+0800)/,0
2944770,景色不错，文化气息，值得一看,/Date(1503877979000+0800)/,0
31587025,挺好的&#x20;古典风情&#x20;永远的记忆&#x20;呵呵,/Date(1500317023000+0800)/,0
31911774,蛮好的?，适合经常逛逛了吧！,/Date(1488510282000+0800)/,0
27086621,这个很方便，马上预定，马上可以进景点，不需要提前订，这点非常好，不过这个夫子庙比较小，里面没什么好看好玩的。,/Date(1470298106000+0800)/,0
11018885,大成殿。中国佛教传播的媒介。让我领略到了，中国宗教文化的传承。想必，相信当时的金陵也是十分之注重传统宗教的。,/Date(1349176659000+0800)/,0
168894341,一般般，地方不大，不知道为什么孔庙这样的地方也跟寺庙一样烧香拜佛祈福，还以为是尊师重道的纪念馆一样的地方呢,/Date(1524443770000+0800)/,0
108968266,毕竟也是南京夫子庙。来南京也要去一趟&#x20;虽然没什么好看的…但是还是要去看看。带我妈妈去的…要是我自己肯定啊回去,/Date(1441894628000+0800)/,0
35871169,你不不啊Tcl7k7k7k7k度了887邋遢特了徒步仑头不困透露不错诺记不哭补补诺诺了啦88他来咯了踏踏诺,/Date(1439977484000+0800)/,0
28185882,也就那样吧，没什么特点，旁边的商业街倒是生意好的很，一个包子20元，一个小笼5个，也是20元，反正就是贵,/Date(1467867581000+0800)/,0
53742257,对孔夫子有了进一步的认识，对夫子对于治国理念的执着和坚持很敬佩，我们应该继承儒文化，弘扬我国的传统文化。,/Date(1442015208000+0800)/,0
37641958,南京夫子庙网上购票还方便，取票点的服务人员十分热心周到，当时又定了个儿童票，夫子庙里面可看的内容不多，求学的学生可以进去参拜一下，外面倒是十分热闹繁华的商业街，前面好像还有条和和游船。,/Date(1438283040000+0800)/,0
108934391,带孩子去的，票价成人比景点自购票便宜6元，还是划算的，小孩可以在当地买半票，里面不大，半个小时就出来了。,/Date(1437705824000+0800)/,0
54180077,石刻的孔子生平故事很有意思，也很精美，值得一看。只是觉得作为夫子庙作为景点来收门票，这个票价有点高了。,/Date(1515580785000+0800)/,0
70409354,不还好吧，还好吧！到秦淮河景区必去的景点，没有想象的那样神圣！！！！人不是很多！！门票小贵哈！！！！！,/Date(1477403350000+0800)/,0
36115712,南京的天气太热了，38°39°，夫子庙九点才开门，这么热的天好多游客都在外面等的汗流浃背&#x0A;取票很方便。,/Date(1470394868000+0800)/,0
3351772,来南京出差，夫子庙必去之地，通过携程预订很方便。大成殿不大，周末去人不是很多，附近就是秦淮河跟乌衣巷。,/Date(1468475848000+0800)/,0
63861418,没啥可看的没啥可看的没啥可看的没啥可看的没啥可看的没啥可看的没啥可看的没啥可看的没啥可看的没啥可看的没啥可看的没啥可看的,/Date(1556350046000+0800)/,1
3672905,秦淮大景区里的收费项目，下单后还非要等几个小时，建议提前下单。相比直接购买也就省了几块钱。呵呵呵呵呵,/Date(1555053437000+0800)/,0
33844356,&#x20;&#x20;&#x20;&#x20;&#x20;&#x20;总体来说还算是不错的,/Date(1493775184000+0800)/,0
15960615,换票在小亭子的邮局，挺好。夫子文化体验还不错，展览静下心来看还好，女孩导游免费的介绍的中规中矩，赞。,/Date(1481209958000+0800)/,0
35095623,如果有时间看的话听听讲解挺有意思的，我们去的晚了就走马观花的看了看，不在售票处换票，前面一个邮厅里换,/Date(1479713536000+0800)/,0
5806392,全中国的庙宇无计其数，对其没有较深理解的人来说，看起来都似曾相识，不是特想了解其内容的话，可以忽略。,/Date(1469055599000+0800)/,0
58381128,里面没有什么好看的，一般般吧！主要是外面的小吃街，东西很多，有很多好看的店，里面的吃的也是很好吃。,/Date(1529492365000+0800)/,0
110893935,性价比太低，里面又是买香，又是祈福，反正什么都要钱，唉，用孔圣人挣钱，没办法呀,/Date(1502237245000+0800)/,1
24744099,只能说订票取票都没问题在进门的时候说这个票不能用，差点没进去，门口有好多票贩子不要买一般都是骗人的,/Date(1477722544000+0800)/,0
19225437,夫子庙里面最繁华的就要数大成殿了，这里有一个大大的孔子雕像呢，看起来比较有范，晚上的灯光很漂亮的。,/Date(1409568778000+0800)/,0
62730214,了解古代文学科举及到近代的文学教育发展，还有那会的历史文献，能让我们知道教育当代政府是怎么样要求,/Date(1473918188000+0800)/,0
35698851,本来是满怀期待，去了之后除了人多以外，没啥景点。一点不好看，不好看，不好看，不好看。。。。。。。,/Date(1440808477000+0800)/,0
19331863,夫子庙，去的时候人不多，里面不是很大，一会就出来了，印象最深的就是里面古代学子考试作弊的物品！,/Date(1470955362000+0800)/,0
5266982,不是我喜欢的，因为我已经不读书了，呵呵，有好多读书人进去，我儿女也去了，但是都还没到读书的时候,/Date(1447980310000+0800)/,0
33167421,不建议国庆去，国庆人超级多的，就是看人头，建议平时去，里面不大，以前不要门票的，现在都要买票了,/Date(1444467401000+0800)/,0
42560527,其实很小一个景点，买了夫子庙的票可以免费去挨着的一个民俗博物馆。跟孔庙差不多。没有太大趣味性。,/Date(1439179111000+0800)/,0
113592690,庙不大，人文气息还行。有敬香敲鼓祝福牌几个收费项目，但不强求。不看后悔，看了也后悔，自己选吧,/Date(1531923710000+0800)/,0
6516389,可以带小孩看看，成年人就没必要去了。全是后来新做的，毫无古拙之意。相当于仿古商业街吧。。。。,/Date(1473901640000+0800)/,0
6362127,花了150元点了个莲花灯，周边环境优雅，适合走走看看，晚上坐船游秦淮河，灯火辉煌，景色宜人！,/Date(1469087219000+0800)/,0
55735623,不错，儒家文化，值得一看，周边秦淮河风景，文化步行街,/Date(1462239754000+0800)/,0
1111413,规模还算大，有一些展览。和其他文庙差不多。没去过可以去看看。主要是秦淮河实在没什么好看的。,/Date(1477445718000+0800)/,0
1277355,取票方便，夫子庙中的讲解有商业味，一定要看看大成殿的扁额，都是大人物的字啊，带孩子感爱一下,/Date(1473635345000+0800)/,0
2337686,不知道是不是新建的景点，老公说2000年的时候貌似没有。不过建得不错。看到了孔老夫子的雕像,/Date(1435793286000+0800)/,0
3765396,没什么可看的，工作人员会引诱游客花钱上香。占地面积小，半小时逛完。携程定票还是狠方便的。,/Date(1472679477000+0800)/,0
57529204,任何景点的游玩，都需要提前学习相关知识。要不然只是走马观花，拍几张照片，没学到什么东西。,/Date(1465542779000+0800)/,0
108986980,性价比，呵呵，这个景点估计没啥好看的，玩不了二十分钟吧，不过携程的订票服务很好，非常方便,/Date(1445238240000+0800)/,0
108962682,夫子庙没什么好玩的，但秦淮河可以坐船玩下，最好是晚上，夜景是棒棒的，小吃好多都是山寨的，,/Date(1441622190000+0800)/,0
25196983,取票还是方便的，景点感觉一般般。殿里有关孔子的雕刻可以一看，给孩子增加点知识。总体还行。,/Date(1438228609000+0800)/,0
22953375,大成殿非常的不错的哦，面积很大的哦，里面还有一个特别的高大的孔子的雕像的哦，正对秦淮河哦,/Date(1414548668000+0800)/,0
4921416,在携程订门票太方便啦！支持携程，而且放心省心&#x0A;。我会一直在携程订旅游产品的，服务一流。,/Date(1475757345000+0800)/,0
2887196,值得去的地方，有很深奥的学说，得慢慢地领会，静静地思考。人太多，吵闹声太大，文明出行。,/Date(1436183085000+0800)/,0
24382989,不建议去，还要门票，孔子吧，去曲阜就可以了，很小，而且当时去的时候不知为啥里面一股味道,/Date(1417144389000+0800)/,0
420694,名胜景点，南京必游，建议大家自己进庙自由行！,/Date(1489488709000+0800)/,2
43310759,携程订票很方便，夫子庙有历史背景，来到夫子庙街必须看一下，了解历史及人物才能好好看景,/Date(1442219354000+0800)/,0
39659619,订票挺方便的，夫子庙大成殿地方不大，有不少的展览，但一直有推销的香烛，感觉太商业化了,/Date(1440296844000+0800)/,0
21583284,整体感觉不错，就是庙里请注香都价格不菲，商业化气氛过于浓厚。庙宇内部可参观性比较高！,/Date(1439129417000+0800)/,0
9362995,大家玩的都不想回家了，下次一定要和家人也来玩玩。感觉挺自在，向来不喜欢人头攒动的景区,/Date(1435565476000+0800)/,0
837707,来南京必须要来夫子庙，其实和上海城隍庙差不多，吃吃小吃，节日期间看看灯还是不错的。,/Date(1511737508000+0800)/,0
17766281,跟家人一起去的。很久之前的行程了，感觉还不错。可以去看看。学生的话应该更适合去吧。,/Date(1479347683000+0800)/,0
6670086,值得一游、带小孩去参观了、有孔子画像、有古代教育历史、还有很祈福的东东、心诚则灵吧,/Date(1471929842000+0800)/,0
5034841,夫子庙，景点不去心不甘啊，去了和各地的城隍庙啥的差不多啊。周边就是商业街，吃的多。,/Date(1469776546000+0800)/,0
49717726,景点特色独立，环境马马乎乎，人性化方面有待提高！夫子庙夫子庙夫子庙缺乏夫子精神.…,/Date(1447642349000+0800)/,0
18569493,地方超大，堪比上海城隍庙。各地各类的小吃，应有尽有，价格虽然稍贵，但味道着实不错。,/Date(1412062916000+0800)/,0
16600277,带小孩了解了下孔子。知道为什么读书重要。,/Date(1498555655000+0800)/,0
31665488,学生还是可以去看看，有免费解说，听听挺好的，商业化存在太多，园区不大，随便转转。,/Date(1481527868000+0800)/,0
45750053,人超级多，景点一般，总体来说去看看也还行，到南京还是看下比较合适，订票非常方便。,/Date(1477487376000+0800)/,0
71626962,也是路过进去看看。这几年主要有事情进去可以。像我这样的纯是来看风景的。。。。。。,/Date(1477132700000+0800)/,0
82061541,不错不错不错不错。这会说不错不错不错不错不错不错不错不错不错不错不错不错不错不错,/Date(1475737031000+0800)/,0
19266374,进门以后，来了一个很热情的美女，说是可以免费讲解。后来知道，她的重点是让我请香。,/Date(1454932424000+0800)/,0
64867042,很小的一个庙，没什么可以逛的，随便逛了一下，里面人不多，庙太出名了，但进去很失望,/Date(1442205498000+0800)/,0
108953944,带小孩，礼拜孔子，希望学习好，建筑都是古式的，全国都差不多，到了秦淮河逛逛也不错,/Date(1440454006000+0800)/,0
38676666,说是和曲阜孔庙齐名，但是比曲阜的孔庙小太多了，一点也不好玩，夫子庙那的商业街不错,/Date(1440044753000+0800)/,0
36940510,莘莘学子的朝拜圣地！不到夫子庙，枉来南京城！人来人往，购物，旅游&#x20;，美食集于一体！,/Date(1437449561000+0800)/,0
45550786,里面什么都要钱，30的门票，对于景点的可看性，我觉得不值。,/Date(1496305216000+0800)/,1
51060724,我觉得看看可不看吧，毕竟都是后来重修的，但作为一个教育经典也是值得带孩子去的,/Date(1531525791000+0800)/,0
61632683,介绍古代科举的很多科普知识，很壮观。,/Date(1499345186000+0800)/,0
24406846,建筑从远处看得时候感觉是很宏伟的，很具有艺术家汇总，还能买到很多小吃在附近。,/Date(1415428974000+0800)/,0
192768767,参观了夫子庙，也是一个学习的过程，加深了对中华传统文化的理解，挺好的。,/Date(1555493189000+0800)/,0
55276040,里面就是一个孔子的雕像，然后一些现代教育历史展览，收费有点贵，建议免费。预定时没注意到要19点半以后才能取票，买了票还进不去呢,/Date(1555324281000+0800)/,1
220977261,逛完瞻园去的大成殿，门票价格一样，但大成殿真的很小很小，不值得去,/Date(1558409380000+0800)/,0
78587539,人也太多了……进去转了一圈看的都是大家的脑袋,/Date(1549490007000+0800)/,1
34102135,晚上的夜景还是不错的，里面真心没有什么好参观的，10分钟就结束了,/Date(1489583304000+0800)/,0
5969220,感受下古文化的氛围，里面的环境感不是太好，收门票的人态度不是太好,/Date(1489303578000+0800)/,0
24698644,挺方便，携程任我游终于可以用掉了，搞个任我游和任我行，都一样多好,/Date(1489137499000+0800)/,0
54383871,自己出差慕名而来，总体感觉不适合大人一个人玩儿，带孩子受教育还不错。我y一个人出差真的不适合在这样的地方受教育。夫子庙附近的瞻园很好。适合游玩。,/Date(1465629628000+0800)/,0
1818442,夫子庙的地标之一可惜要门票，这是文化呀，谈门票看的人少一堆……,/Date(1474802849000+0800)/,0
20647450,在夫子庙里面&#x20;，一般很少人去，外地人来旅游会进去看看&#x20;，要买票呢,/Date(1408001824000+0800)/,0
13520982,供奉孔子的地方。院子里有个全国最大的孔子像。网上买门票划算点,/Date(1407897655000+0800)/,0
5573932,可惜大殿里的塑像已毁，只剩一点建筑了。&amp;#39;&amp;#39;,/Date(1504799654000+0800)/,0
3614309,换票很方便，到游客中心报名字即可拿到票进去景区，值得推荐,/Date(1355729189000+0800)/,0
165824530,去了也就这样，不去么到了南京没去夫子庙总觉得少了点什么,/Date(1520169336000+0800)/,0
414221,游船没什么意思，但中山门和科举博物馆还是蛮值得一看的。,/Date(1518458223000+0800)/,0
6995753,这一下上的古建筑都很有名，而且反复的修缮，所以很漂亮。,/Date(1488288370000+0800)/,0
152904,下雨天去的，天很冷，别有一番味道在心头。人很多，服务很好，讲解员耐心的给我讲解。就是地方不太好找，问了很多人，找了两三遍，才到到位置。,/Date(1465880476000+0800)/,0
89138859,还可以吧，古色古香，面积有点小，关于教育史介绍的不错,/Date(1515998097000+0800)/,0
24744099,买票要注意啦，最好还是在景点门口买，我们就差点没进去,/Date(1459745117000+0800)/,0
37242110,夫子庙，久仰大名，到实地一览，感觉徒有虚名，太小啦。,/Date(1444054557000+0800)/,0
6780928,在夫子庙，里面并不是非常好看，路过在外面看看就可以了。没必要进去，一会就出来了，挺没用意思的,/Date(1408609304000+0800)/,0
201619870,整体来说还可以，我是傍晚逛的，有点遗憾没有早点去。,/Date(1540294177000+0800)/,0
78554494,适合即将备战考试的孩子们来许愿,/Date(1496585316000+0800)/,1
38050629,夫子庙景区内，总体还算不错，来的话可以顺便逛一逛。,/Date(1471828861000+0800)/,0
58674027,好像就去贡院门的牌匾，好多人拍照，科举考试的地方,/Date(1465998920000+0800)/,0
193838972,就寺庙总体还行。去的时候人多了的&#x20;里面的老街不错,/Date(1559511455000+0800)/,0
67453935,还可以吧，里面有近代历史的学习进程，督促人学习,/Date(1523276070000+0800)/,0
14020234,感觉还不错，有点复古的味道，就是票价稍微偏贵？,/Date(1510705053000+0800)/,0
37214734,太小没什么可看的东西，不过景区内环境还是不错的,/Date(1438588120000+0800)/,0
77874693,位于夫子庙核心区，人流量很大，朝拜客人满为患,/Date(1495241163000+0800)/,0
96646845,有歷史價值，值得一遊，購票入場的過程簡單。,/Date(1541206115000+0800)/,0
7989935,文化气息浓厚，中华民族教育历史展引人向往！,/Date(1501485075000+0800)/,0
3776812,景点离市区很近。有人文历史的讲解，很满意！,/Date(1500864862000+0800)/,0
1895758,南京夫子庙在全国算比较小的&#x20;比较紧凑&#x20;前后院子,/Date(1491919976000+0800)/,0
54652236,景区有点小，都是高考学子许愿，还愿的地方。,/Date(1491456301000+0800)/,0
84638825,夫子庙就是有名，感觉一般。取票什么的挺方便,/Date(1489404936000+0800)/,0
4026180,大成殿位于大成门的北面，是祭祀孔子的正殿。,/Date(1483455023000+0800)/,0
28075300,必须买了门票才能进去，这个殿里有古典音乐。,/Date(1473583388000+0800)/,0
9051488,殿内有不少古字迹，还收藏了很多古代科举各种,/Date(1471444934000+0800)/,0
79589263,春节的夫子庙实在是人山人海，停车非常困难,/Date(1549842934000+0800)/,0
6918257,设计的挺气派的，雕刻也很到位，后期重建的,/Date(1483461494000+0800)/,0
71236444,去看看吧，毕竟是具有浓厚历史文化底蕴的。,/Date(1476579913000+0800)/,0
28075300,夫子庙里最宏伟的建筑，有宫廷乐师奏乐。,/Date(1470010420000+0800)/,0
53784362,没啥特殊的感受，游客挺多，服务还可以,/Date(1555743305000+0800)/,0
97205019,看的东西稍微有点少，不过收费也不贵咯,/Date(1527259494000+0800)/,0
106645187,不错的一次旅行，感觉不错。以后还会来,/Date(1524633405000+0800)/,0
22398696,感觉一般，里面不大，半夜小时就逛完了,/Date(1496120802000+0800)/,0
3736483,传统文化的代表，可以带着孩子去看看。,/Date(1489801098000+0800)/,0
41796032,适合领孩子转转！建筑都是仿古风格！,/Date(1552499924000+0800)/,0
72428727,夫子庙算是南京的必去景点吧&#x20;吃的很多,/Date(1514946350000+0800)/,0
45070865,还不错的地方可以去看看一个人去合适,/Date(1492443383000+0800)/,0
49061170,了解孔子对中国历史文化贡献必去地方,/Date(1478420142000+0800)/,0
15960615,儒家教义的体验之旅，免费讲解不错。,/Date(1469234687000+0800)/,0
5044615,为女儿考高中祈福，孔夫子很灵的。,/Date(1541435156000+0800)/,0
171972205,还行的还行的，人不多，地方小了点,/Date(1525791886000+0800)/,0
4339347,商业化多了点，如果能纯净些就更好,/Date(1518416696000+0800)/,0
86410880,可以，还算不错的一次旅行…………,/Date(1517794507000+0800)/,0
3349353,位于夫子庙内，是夫子庙的主殿，。,/Date(1508081336000+0800)/,0
111606868,很好，纪念孔子的地方，气势恢宏。,/Date(1506393899000+0800)/,0
31903883,当场买的，很方便，比门口买便宜点,/Date(1503125000000+0800)/,0
40854207,不错，挺好的地段，买票也方便的。,/Date(1502698889000+0800)/,0
20681980,这个一般般，毕竟这样的地方太多了,/Date(1499279844000+0800)/,0
79565485,也算挺气派的，但是都是后来重修的,/Date(1498060086000+0800)/,0
43216972,还可以吧，已经不是当年去的那样了,/Date(1497838150000+0800)/,0
85481281,我就是看看能赚多少积分，没其他的,/Date(1492078665000+0800)/,0
15847735,在夫子庙内，好像是孔夫子，尊师。,/Date(1482140172000+0800)/,0
42430421,夫子庙景点名声大，以贩卖小吃土特产为主。但是价格偏高，如果想买当地的土特产还是在居民生活区买更合适味道也更纯正。,/Date(1471149044000+0800)/,0
26379952,还可以吧，如果有灯展最好晚上去,/Date(1549599750000+0800)/,0
176211396,普通。。。。。。。。。。。。。,/Date(1536397453000+0800)/,0
115769286,一般吧，吹的有点过，没有那么好,/Date(1517583740000+0800)/,0
73574375,不错，到南京必游，南京标志景点,/Date(1507081827000+0800)/,0
30274343,夫子庙大成殿真的很不错的，看看,/Date(1504942683000+0800)/,0
56665743,十一出行人确实太多了，很拥挤。,/Date(1495609807000+0800)/,0
5367154,总的感觉还是挺好的，值得一游!,/Date(1488418856000+0800)/,0
2375722,就在秦淮河边，到南京必到秦淮河，到秦淮河随便一游而已，门票倒也不贵，网上订很划算，取票在门口一个单独的亭子里。,/Date(1466151883000+0800)/,0
1479018,夫子庙大成殿一般，里面全是用钱的服务，博物馆不错，里面可以学到很多东西，夜游是必游项目，但坦白说是真心失望。,/Date(1538716919000+0800)/,0
187185680,值得一去的地方&#x20;非常有历史意义,/Date(1537537013000+0800)/,0
1880649,还可以吧&#x20;没什么东西&#x20;周围挺热闹,/Date(1495946910000+0800)/,0
31548234,有点失望，现在的夫子庙功利性太重了，很热心的免费讲解员其实就是推销员，虽然不是强制消费，但感觉不是很舒服。,/Date(1514775372000+0800)/,0
5357481,没感觉有多好，天气热，人很多，商业气息浓厚，一切都是钱，没什么意思。下次不会再来了。,/Date(1503411821000+0800)/,1
120996444,带孩子的可以去了解一下,/Date(1591836391000+0800)/,0
517465,各地景点套路现在都差不多，宰的就是外地人。但游船卖票的大姐人很好，很随和，好评，这才是城市旅游的名片！,/Date(1489670212000+0800)/,0
66800895,大成殿不是很大，刚进去不到半个小时即可以走完，当然，可以停下脚步歇歇看看，但是确实价格偏高了些～～～,/Date(1466522374000+0800)/,0
606210,虽然入口处有提供免费讲解服务，但就这么点地方，收这么高的门票，感觉不值！不过这也符合咱们中国国情。,/Date(1479247192000+0800)/,0
162080272,非常不开心，买了两张票，想退掉成人票，只想兑换一张儿童票，窗口居然兑换的成人票，懒得计较了，,/Date(1518760502000+0800)/,0
117507811,说好的2小时，一分不差&#x20;这么守信用，我以为两小时是随口说说的呢，里面的敲钟和打鼓还是挺好玩的,/Date(1517743963000+0800)/,0
108992648,庙里很小，能看的内容不多，庙外的饮食一条街很好，很有情调，可以乘船游览，最好晚上去，很漂亮,/Date(1449317564000+0800)/,0
108788780,超级不好停车，用了一个小时完成，然后就没有兴致了,/Date(1507118563000+0800)/,2
24795467,景区比较小，主要讲述了孔子及其弟子的故事，趣味兴差点，景点内又没有人讲解，订票取票还方便,/Date(1481113297000+0800)/,0
31042138,也许是因为没有导游，没有解说，去看了看也不大明白里面想表达什么，如果求学业，可以去看看,/Date(1436885119000+0800)/,0
8528265,基本没啥看点，小，小，小，唯一可看的就是古代作弊技巧…携程买票稍微便宜点，还算方便…,/Date(1476923720000+0800)/,0
617263,位于夫子庙里，景区没有什么特别的，就是文化历史的学习，里面有各种的介绍，挺长知识的。,/Date(1459269308000+0800)/,0
1154077,取票很方便，景点很无趣，作为一个收费景点，我觉得不看也罢…………～……………………,/Date(1480066515000+0800)/,0
16198726,比想象中的小，人不多，里面比较小，几分钟就逛完了，！！！！！！！！！！！！！！！！,/Date(1473500174000+0800)/,0
8593662,订票很方便，在门口订好就去拿票，景点就一般了，想敲下鼓也要按下收费，到处都是收费的,/Date(1439897552000+0800)/,0
46975456,没啥好玩的，喜欢历史文化的可以去，带小孩子的就不要去了，小而且不好玩，！！！！！！,/Date(1439818714000+0800)/,0
35701102,没有什么东西可看&#x20;半小时就完了&#x20;性价比也不高。&#x20;&#x20;浪费时间和精力。&#x20;&#x20;时间紧的朋友就不推荐来了,/Date(1437229766000+0800)/,0
15826322,人太多，看的不是风景而是人海。不过小吃特别丰富，可以让吃货们一饱口福………………,/Date(1468033650000+0800)/,0
18480872,说有免费讲解，实际上没有，讲解员不知在哪。倒是收费的敲平安钟，撞状元豉有人很热心,/Date(1440282674000+0800)/,0
7119684,景点感觉一般般吧，灯会的灯也不是特别的好看，个人感觉,/Date(1549453584000+0800)/,1
53011982,国庆节去的，人很多，就是一个寺庙,/Date(1540357448000+0800)/,0
1605445,只能是人文旅游，里面很小，一个孔子雕像，写了些论语故事，没有太大的惊喜。,/Date(1492319195000+0800)/,0
179493985,一般般，没有特点，不建议去。。,/Date(1556976384000+0800)/,0
71706579,人很多，秦淮八绝在这都吃的到。,/Date(1475659638000+0800)/,0
69215809,一般吧！景点价格相对南京其他景点来说高。不过喜欢孔子文化的可以一去。,/Date(1534252113000+0800)/,0
,夫子庙，值的玩夫子角色扮演南季节性义无反顾的时候告诉我一声就行了呗你好像很忙吧我们都是中国人民解放军乱七八糟的事情况啊过敏性鼻炎,/Date(1498473096000+0800)/,3
29708532,服务态度差，找不到换票窗口，窗口顺序奇怪,/Date(1556692948000+0800)/,1
59840106,就在夫子庙步行街，里面有一些孔夫子生平事迹简介，可以看看,/Date(1523928620000+0800)/,0
21119218,有些古代学府的气息。里面只有教育史的发展研究，可以看看。,/Date(1491484587000+0800)/,0
161472075,太商业化，取票不方便，还要专门跑去李香居故居取联程表,/Date(1538815716000+0800)/,0
57963471,这样的建筑看多了，也就那样！&#x0A;就像寺庙，大同小异！！,/Date(1496059903000+0800)/,0
74674270,地方不大，燈会的展示也还可以，感觉比较适合小朋友玩,/Date(1551937512000+0800)/,0
6918257,建筑挺气派的，但是可惜都是比较新的，后代重建的,/Date(1484101586000+0800)/,0
94681375,供奉的是孔子，家里有孩子升学的家长去的比较多,/Date(1505299260000+0800)/,0
513973,这个景点比较一般，除了烧香没什么特别的感觉。,/Date(1357467015000+0800)/,0
27954972,夫子庙里面还需要收费的景点，没有什么意思。,/Date(1481698838000+0800)/,0
8176476,庙很小，不进也罢，这种景点好好意思收费？,/Date(1532702584000+0800)/,0
44446389,一天一地一圣人，书香之地，不去说不过去啊,/Date(1501390922000+0800)/,0
5057698,就是为了小孩子读书祈福去的！里面没什么！,/Date(1488808801000+0800)/,0
28075300,里面有个演绎，可惜不是每个人都能看见的。,/Date(1468944610000+0800)/,0
10622325,啥都没有，拿孔老夫子挣钱，没什么可看滴,/Date(1474759839000+0800)/,0
40775862,仅有孔子像和一些逸事介绍，环境有些乱,/Date(1538125103000+0800)/,0
1573301,夫子庙商业化现象太严重，有点失望。,/Date(1494051717000+0800)/,0
115516985,一般吧&#x20;谁什么好玩的&#x20;就是拜拜孔子,/Date(1545281182000+0800)/,0
187185680,地方比想象的小&#x20;不过还是值得一看,/Date(1539763328000+0800)/,0
9246329,人好多啊，莘莘学子去拜下孔圣吧,/Date(1496475696000+0800)/,0
4210212,口味好，环境佳，服务好，价格优,/Date(1492103474000+0800)/,0
8877492,门票贵晚上在外面看看就可以了吧,/Date(1474964450000+0800)/,0
86147438,最差的一次买票体验，携程上写的很清楚直接刷身份证就可以进，到了门口死活不让刷，说要去人口售票处换纸质票，我因为闲拿着票麻烦每次都是直接刷身份证或二维码的，买票时特意看了下是刷身份证，而且写着提前两小时网上预定才行，如果需要到人工售票处换票我直接到售票处买票不就好，还需要特意提前两小时吗？携程的规定和景区严重不符，你们之间没有沟通好嘛！差评！,/Date(1570356048000+0800)/,0
64288787,第一次去南京，一开始印象还不错，夫子庙也挺好，虽然不大，但是认真看还是可以感受到夫子文化的，但是这里的服务人员就真的是有失大雅，尤其是那位站在后门戴眼镜的中年男人，估计是工作太累还是有气撒不出，对游客那个态度我也真是服了，我们很有素质的问路，我问你：你好，请问这里出去是哪里？那条路？你不想说可以说你不知道或者问别人，你除了会说：外面，外面，外面……告诉你哪里你又不知道……我就这态度……就这样你还站在南京代表性旅游建筑门口，我的天哪，你是要像游客说明这就是你们南京人的待客之道吗？我花30块钱进来就是看着这张臭脸的吗？我不投诉你算是给你面子啦，我就想提醒一下有关旅游部门，这种服务态度真的会影响外地游客出来旅游的印象，他代表的不仅是个人，更代表了南京的形象！我觉得我不会再去也不推荐家人再去了，因为印象真的很差,/Date(1555292260000+0800)/,2
76364541,这个景点是最差的，不是不好，而是票价不值。,/Date(1571309954000+0800)/,1
194348206,忽悠，占地面积小，景点—点庄严肃穆都没有，商业化太浓厚，有很多地方孔庙都是免费的，明徳堂有个免费拍照的，取照片时告诉你大张二寸的要20元，小张二寸的十分之一大小的是免费的，要钱要到不要脸了，不是—次美好的旅游，另外江南贡院25元门票，里面根本就没东西，太坑人了,/Date(1558612578000+0800)/,3
26215874,因为相信携程，从携程上定的票，结果取票地点变更了，跑到携程提示的旅客服务中心，结果那的工作人员说不在那了取了又好一顿好找，找到了票务中心才兑出票来！很糟糕的购票体验！,/Date(1557407528000+0800)/,1
200504701,现场门票30元，携程买便宜4元，但是要过2小时后才生效。进去就是孔子像，后院是编钟，一些教育展览。就没有什么了。门票不是很值,/Date(1539761808000+0800)/,0
21192974,"门票40进去就看了几个灯，然后开始要你掏钱买个什么莲花灯100，我没买。进到大殿看到好多挂着卡牌，我一问30元可以接受于是打算买那种，好不容易来一趟，在想留个纪念也要的吧。给他钱，他说不在这收的。带我们到了旁边一间屋子，里面的人说卡牌不要钱，让我们买个莲花灯送个卡牌，我一想外面莲花灯要100,我不是赚了30了。开心！买！放好灯后带我们去了大殿，要你在金榜上写上你孩子的名字，籍贯后再写个数学，最少是要1就是100元，这个数字呢就是你要被逼捐的金额。不捐这么多人看着，还有孩子带着，连100元都不舍得花好意思嘛，而且还是给孩子花的。",/Date(1455293526000+0800)/,0
66295,为了到此一游吧，去南京不能不去夫子庙,/Date(1559007134000+0800)/,3
72185560,人很多，景区不大！感觉家里有小孩的，家长肯定会带孩子过去，我自己感觉对孔子没有太多的兴趣！,/Date(1478529430000+0800)/,0
64257987,在门口拍张照就可以了。里面商业气氛太浓地方太小人工痕迹太明显。尤其是点灯的服务。,/Date(1471795534000+0800)/,0
155141006,一般，很一般，非常的一般，无趣,/Date(1524065490000+0800)/,0
47907246,进入后就有工作人员借免费讲解骗你买香&#x20;然后买莲花灯&#x20;祈福牌&#x20;苹果&#x20;全是套路&#x20;再也不会去第2次了&#x20;该严打这种坑游客的旅游景点,/Date(1479427288000+0800)/,1
83050577,一般般的，一般般般的一般般般。,/Date(1526280529000+0800)/,0
66710095,只想赚游人票的地方，对孔夫子都是侮辱呀,/Date(1485940234000+0800)/,3
