26237862,游乐项目越来越多，就是分的人群越来越看不懂了。一会是90公分的小朋友项目，一会是身高110厘米的小朋友游玩项目，一会又要140厘米才能玩。有点烦！&#x0A;【景色】不错&#x0A;【趣味】有趣&#x0A;【性价比】一般,/Date(1591185155000+0800)/,3
231032448,大型游乐场，买了通票，185元一大一小（0.9m以上就要收费），可以玩所有自营的项目，小孩最喜欢的是儿童跳楼机、转的同时上下颠簸的那个、手动控制上下的转的、二楼的3D射击游戏和小蜜蜂肚子里的3D电影等等，记不清楚了。有一些会限制身高1.4米，我家1.2米多玩不了。还有一些有难度的要另外交钱，例如攀岩、高空的桥、一些射击项目、吊蹦床之类的，玩了攀岩，50一人玩三次。吃饭很方便，一圈都是吃饭的店。从上午玩到晚上。总体挺好玩的，就是票价小贵啊。有趣好玩，总体超赞，,/Date(1608776117000+0800)/,0
7550990,整体感觉，弘扬室外项目比以前少了，室内有所改动，但是，孩子们玩的还是很嗨，室内多了淘气堡，小宝也有玩的啦！给大宝买了一直学生套票，她喜欢玩的项目都玩了一遍，感觉不错！体验很好，有趣好玩，值得推荐，,/Date(1596667020000+0800)/,0
26237862,非常好玩的，小朋友都玩的非常开心，价格比较贵，如果上大玩具玩，就要花不少银子啦。吃的东西少，口干舌燥。&#x0A;【景色】一般。&#x0A;【趣味】非常好。&#x0A;【性价比】一般。,/Date(1598529172000+0800)/,0
26237862,好玩的游乐场，夏天暑假只能去这里了。估计是疫情的影响，游玩的人远没有以前多了。吃的东西也少了。&#x0A;【景色】一般。&#x0A;【趣味】非常好。&#x0A;【性价比】门票贵。,/Date(1597473728000+0800)/,0
3209095,非常不错，性价比高。最让人省心的是吃饭问题，不用担心好几百也吃不饱的尴尬，开放式游乐场，场内场外吃饭种类繁多，经济实惠性价比高，,/Date(1623595495000+0800)/,0
300351838,整整玩了一天，项目很多，虽然假日人还是不太多。完美体验。,/Date(1633217572000+0800)/,0
120437428,景色一般，可玩性低，性价比低，有待改进，排队时间长，单独收费项目多，联票项目趣味低。买联票也就是坐坐摩天轮，排队一小时，时间就过了一半了。还不如充200送200，但是又怕剩了钱，纠结,/Date(1620284809000+0800)/,1
78296344,夜场真的超级划算了，适合小孩子玩，人也很少，每个项目都能玩到，喜欢的可以多玩几次，孩子很开心。就是摩天轮只开到晚上七点四十五，我们中间玩饿了到二楼吃火锅，再出来的时候摩天轮已经不让上了。好遗憾，只在外面拍了照片,/Date(1561590872000+0800)/,2
2160890,已经从小玩到大的游乐场，值得拥有，但没以前玩的项目多了，畅玩中很多项目开始收费了，门票价格还上涨了，不是太满意这一点，别的都还不错～,/Date(1595558536000+0800)/,1
97136394,带小孩去玩的，孩子们玩的很开心，主要是室内的，不晒人。挺好的。还会再去,/Date(1620086125000+0800)/,0
98551351,非常好；可以带孩子一起玩,/Date(1627001217000+0800)/,0
287229131,挺棒的，小孩玩得很开心，以后还会再来,/Date(1619741913000+0800)/,0
32770304,周六去的，人不算多，除了攀岩、软体城，基本都可以玩，排队时间最多也就十分钟，孩子玩的很开心，二楼VR部分也可以不限次数游玩，通票很划算！,/Date(1574071605000+0800)/,1
625734,总体不错，项目挺多，覆盖幼儿儿童少年成人，但是自费项目也多。,/Date(1613521846000+0800)/,0
2160890,体验很好，值得推荐，景色不错，有趣好玩，,/Date(1595645561000+0800)/,3
1488707,还行吧，有的项目维修了，摩天轮很好，里面有空调。还有蓝牙可以连手机听音乐,/Date(1593054373000+0800)/,1
292142575,不喜欢，根本就不是套票，还有好多项目要额外付钱,/Date(1646048425000+0800)/,0
118960864,非常不错，景色很好，票价优惠，非常值得去看，非常不错的一次游玩，下次有需要还会再到携程买票，有机会还会再来这里，非常不错。,/Date(1581066070000+0800)/,0
39879365,未来世界蛮大的，项目也蛮多，有室内室外。有大人玩的，有孩子玩的，基本每个都要排队，但140孩子可以玩的排队更久。4d环绕影院，生命之旅，碰碰车，海盗船，激流勇进，很好玩。还有些项目没有来得及玩到，还是有点遗憾的，性价比来说是划算的，值得去。还有里面有吃有喝有玩的，饿不到。总体来说，蛮好。,/Date(1525920427000+0800)/,13
26237862,亲子票，有些项目受限制。但价格在携程定的还是比较实惠的。人不是很多排队不长。但那个我爱法拉利建议大家以后不要玩啦，两辆车开一圈，等半天！,/Date(1561819513000+0800)/,3
3812972,这地方特别适合幼儿园小朋友去玩，不像很多游乐场只适合大人或者青少年，很少有小朋友玩的设施，这边就不会，而且种类很多，作为外地人我带儿子和初中的弟弟过去玩了两次，两个娃都能有适合玩的，非常好。,/Date(1585035715000+0800)/,2
292142575,不会再去，好多项目额外付费，带了个1岁的小朋友坐个摩天轮，被告知这个小朋友必须额外付费60，想钱想疯了吧,/Date(1646228167000+0800)/,0
198341657,最后悔去过的第一个游乐场&#x20;首先去的时间不对雨天所有室外的项目不开&#x20;室内的待了半个多小时要冻死&#x20;小朋友回来就感冒了&#x20;&#x20;奉劝大家不要冬天去&#x20;其次&#x20;近两百的亲子票&#x20;可以玩的项目太少&#x20;还大部分对一米四以下的身高设限&#x20;&#x20;我们玩了四个项目后小朋友自己说要出去&#x20;不好玩&#x20;他玩过宁波和苏州的游乐场&#x20;一直在吐槽&#x20;然后就出去了&#x20;这里希望工作人员能看到&#x20;你们的员工欠工资吗？一个个的脸拉老长&#x20;尤其碰碰车和高空弹跳的那个&#x20;说话和脸色好像简直了&#x20;好端端的看着都难堪&#x20;&#x20;无论是性价比还是服务真的太不值&#x20;跟别的游乐场是没法比&#x20;永远不会再去也不会让朋友去&#x20;一次很不舒服的体验,/Date(1643242276000+0800)/,1
314240096,比之三年前去的时候，不如以前，四五个项目没有开，以前也没那么多自费项目。现在很多游乐设施为了收费，自费项目变得很多，通票变得毫无意义，自费项目还占用了以前通票想哭的位置。不如以前好玩了。应该不会再去了,/Date(1618198681000+0800)/,1
163067738,医务人员免票，说着医务人员相关证件均可免票，但是带着资格证不行，必须要执业证，而且要原件，好几个窗口都不行，最后把优惠政策找出来，才勉强可以,/Date(1601779791000+0800)/,0
63955564,怎么说呢东西蛮多的，也有我喜欢的电玩。就是我一开始进来迷路了。另外晚上的时候可以买畅游票随便玩还便宜58块钱不贵，附近还有便宜的宾馆好评～,/Date(1470546968000+0800)/,40
281512849,蛮好的，谢谢有趣好玩，性价比高，总体超赞，景色不错，,/Date(1619773728000+0800)/,0
4033272,好玩的项目很多，买畅游票可以一天之内不限制的玩所有项目，性价比很高，过年时人也不多，不用排队，很爽的，摩天轮很高，摩托过山车很刺激。,/Date(1455426590000+0800)/,60
26237862,人气很旺，孩子们奔走欢笑，不亦乐乎，尽情玩乐。大人们看着孩子们的疯狂也十分欣慰。空调控制的很好，冷热适中，孩子们不易感冒！&#x0A;【景色】&#x0A;【趣味】&#x0A;【性价比】,/Date(1566792246000+0800)/,1
323112209,带着小朋友还是值得去一次的，小朋友玩的很开心，,/Date(1620091109000+0800)/,0
3561956,总体超赞，性价比高，有趣好玩，景色不错，,/Date(1620204556000+0800)/,0
109202793,有趣好玩，值得推荐，,/Date(1601595860000+0800)/,1
71846322,值得推荐，体验很好，,/Date(1599177181000+0800)/,1
151754527,低于一米一小朋友玩的较少，高于一米四玩的比较多，摩天轮说晚上五点以后才开，对于白天去玩的人，没有坐到不开心，明明说是12点开，但是一直在检修，10点就想去玩项目，结果好多项目一开始要空开四五次说是测试，等测试玩都10点20了，还有一些项目也是说设备检修，立马性价比没了，一百多的票就玩三四样，冰世界比较小，主要就是个滑梯，像冷库一样冷，不带好装备坚持不了多久。性价比低，可玩性低，体验不佳，景色一般，,/Date(1597330417000+0800)/,0
58524502,好玩刺激孩子们都喜欢,/Date(1595913021000+0800)/,1
2160890,体验很好，景色不错，值得推荐，有趣好玩，,/Date(1595756035000+0800)/,0
4493311,弘阳欢乐世界的项目比以前多了不少，孩子能玩的项目也增多了！摩天轮里装了空调，太赞了！周围的风景和几年前比，美得太多了！还有就是这次终于做了空中摩托车项目，刺激！,/Date(1465598632000+0800)/,23
13113846,一起来挑战你的极限吧&#x20;&#x20;弘阳欢乐世界共拥有国际一流游乐设备近30台，其中“长三角”地区最高摩天轮——116米“弘阳之星”屹立于此，来自“风车王国”——荷兰的室内摩托过山车轨道长度近一公里，时速超100公里&#x2F;小时堪称国内之最。&#x0A;双层豪华旋转木马、飓风飞椅、激流勇进、海盗船、极速风车、挑战者之旅、旋风骑士、跳跃云霄、4D影院等近30项流行游乐项目。,/Date(1399295752000+0800)/,22
179224956,99元自营项目随便玩，多少次都行，还包括摩天轮，非常超值。,/Date(1571581788000+0800)/,1
208948460,玩的内容还挺多，适合带孩子去玩,/Date(1601729035000+0800)/,0
208948460,玩的内容还比较多，小朋友喜欢,/Date(1617496893000+0800)/,0
241874260,挑人少的时候去，可以玩个遍。,/Date(1605859507000+0800)/,0
218248619,值得推荐，体验很好，,/Date(1601466844000+0800)/,0
218248619,体验很好，值得推荐，,/Date(1600041062000+0800)/,0
72456445,有趣好玩，体验很好，,/Date(1592377922000+0800)/,0
4922003,还不错，鱼类也不少，海豚海狮表演也非常精彩，孩子玩的很开心，非常满意的一次游玩，,/Date(1561213832000+0800)/,3
238657463,比较适合家长带小朋友玩，设施大多适合六，七岁及以上儿童或青少年及小哥哥姐姐，没有欢乐谷那么刺激，但个人觉得弘阳更适合小孩子，游戏都很温和。,/Date(1566134894000+0800)/,0
5060816,携程各种套票比较划算，有刺激滴有摩天轮，适合带娃也适合年轻人去玩，旁边就是购物城，吃喝玩乐全部搞定,/Date(1408110401000+0800)/,10
36218441,就是游乐园，有各种各章的机动游戏，很多小朋友就是了，最好购买通体票，用起来会比较方便，室内游戏有空调吹着，这才是享受吧，玩得差不错，也可以去坐坐摩天轮，可动可静，玩得很尽兴很，,/Date(1562944598000+0800)/,0
185357010,听朋友说，有夜场票，就买了，70块玩全场，想玩几次玩几次，真的太划算了，摩天轮也可以，摩天轮单票就要80，,/Date(1559914103000+0800)/,1
14001825,70元畅玩，vR，摩天轮，5D电影，无限玩。十分超值，女儿happy.&#x20;&#x20;&#x20;&#x20;VR十分剌激，骑马，赛车，滑雪。,/Date(1561895956000+0800)/,1
36218441,适合亲子活动的地方，门票有点贵，周末排队的人很多，基本上每个项目都需要等待，工作人员好像都不大搭理人，里面游玩项目很多，一天也玩不完，摩天轮最好是选择晚上吧，景色会更漂亮，海盗船，冰雪城堡，各种表演都很精彩，里面配套设施完善，吃的，喝的，休息的地方充足，还是玩得比较尽兴。,/Date(1570980387000+0800)/,0
21599565,桥北弘阳广场旁边，做地铁到柳州东路下，还要再打个起步价的车就到了&#x0A;非常的好玩，成人票168，亲子票只能小孩玩，所以大人小孩想一起玩就分开来买票&#x0A;里面分为室内室外，一楼室内都是小孩子玩的可爱不刺激的项目，什么小飞船，小飞车，小火车之类&#x0A;这里还有室内的过山车，一定要去二楼玩VR游戏，非常丰富，而且很逼真&#x0A;还有真马大小的赛马，非常好玩&#x0A;室外有摩天轮，很浪漫的，还有大摆锤等刺激的大型项目,/Date(1527135966000+0800)/,8
8937868,先说说优点吧:1.游乐项目很刺激！几个项目如果没有什么心脏疾病的话建议都去试试，很刺激2.因为进出不需要门票，如果中午需要吃东西的话比较方便3.服务还是很到位的。工作人员很负责，还有存包处休息室什么的，比较贴心。我个人觉得还是有几个缺点:1.旁边有施工的楼盘，拍照的话背景有点不搭配。坐上摩天轮的时候底下也都是各种楼盘，没什么风景2.里面物价有点小贵，不过离购物中心不太远，还是可以克服的。给大家几个注意事项吧，最好不要吃太多东西，还是蛮容易吐的。如果是带孩子去自己不玩的话不需要买票了,/Date(1442280291000+0800)/,42
20469460,从早上11点玩到关门。玩了大概800块，很划算的，玩的孩子很开心，下次有机会还去，孩子是和爸爸一起玩的，今天不是周末人不是很多，每个项目要等10分钟才能玩，最好玩的是法拉利，孩子玩了很多遍，还有那个青蛙跳，真心不错。,/Date(1429672981000+0800)/,18
34438756,带着孩子过来玩，发现全是些小小孩玩的项目，大孩子玩的项目没什么了，大摆锤，转转杯，都没有了，有几个刺激点的还在检修不开，没意思。,/Date(1596442919000+0800)/,1
179012616,我们先来玩的，后来帮娃的同学订的票，&#x20;，两个小姑娘玩的开心坏拉,/Date(1559996125000+0800)/,0
4012782,1米4以上孩子那个学生票玩太划算了，10点半进去，一直玩到晚上快9点，不用大人陪同，全部都能玩，几乎没有自费项目。比小时候大人买票陪玩划算多了，玩的项目蛮多的，周五人也不多，摩托过山车刷了三遍，VR项目好多，遗憾的是激流勇进没有开。,/Date(1535724542000+0800)/,3
34999442,很适合小朋友玩，不过摩天轮总是开的很晚，下雨也不开,/Date(1613569675000+0800)/,0
156211846,摩天轮还是可以做做的，就是过山车坏了没做成，端午节人还可以，票价还行，不过里面吃的不算太多，坐车倒还是挺方便的，下次国庆再来吧,/Date(1559948119000+0800)/,0
231111085,小孩玩的游戏居多，去的时候是假期，但是并没有很多人，所以不需要排很久的队，买的畅游票但是室内很多项目都需要另外收费，碰碰车玩了好几遍，摩天轮还是值得一玩的，但是空调打得巨冷，玩了一半已经开始冷的想赶紧结束，可以连接蓝牙放歌曲和切换灯光，挺浪漫的，唯一可惜的是过山车没有营业，听说已经很久没开了,/Date(1561572210000+0800)/,0
185818261,带家人体验摩天轮，发现单摩天轮都要50元，于是不犹豫买了夜场，看了个小电影，准备排队玩海盗船，听到尖叫声一片，吓得立马没敢坐，倒是孩子们很开心，另外狂赞下携程，就是好用，同样的票，比**价格便宜，果段粉,/Date(1561351966000+0800)/,0
38726240,自营项目免费，其他很多需要花钱的，,/Date(1603277644000+0800)/,0
612912,少数不收门票的游乐场，虽然不大，但五脏俱全，最近因为长江大桥的封闭施工，也关闭重新整修升级了，预计2017年12月重开。周围配套商业体成熟，适合亲子游。,/Date(1486253367000+0800)/,18
223707872,性价比非常高，几十块钱竟然随便玩，虽然户内有点闷，但还是挺值得的，周末人多的要命，建议工作日去玩，省得排队。,/Date(1567165020000+0800)/,2
4033272,很好玩的地方，玩的东西很多，就是孩子1.4米不到，很多项目不能玩，比较可惜。,/Date(1437022914000+0800)/,3
26237862,一早就去了，携程门票大人小孩套餐要便宜一点。但玩的项目会减少一些。还好那个摩天轮在套餐内。恐高的人要注意安全。小孩玩的非常开心！,/Date(1561807344000+0800)/,0
179012616,夜场票很划算，玩的也超级过瘾，做一个摩天轮就值了,/Date(1559911479000+0800)/,0
185818261,孩子1.5米多了，游乐场开放的项目都玩了一遍，过山车检修没玩到，玩碰碰车遇到了同学，原本准备回家的，又陪同学玩了勇者大冒险，开心的一米，吐槽私人项目，单次体验价格好贵,/Date(1561644453000+0800)/,0
4797197,情侣出游最佳胜地，新年的时候人也不算非常多。服务很好，没出现什么状况，有公交车直达的，不用担心回不去。,/Date(1423364665000+0800)/,5
35446243,从早上11点玩到关门。玩了大概800块，很划算的，玩的孩子很开心，下次有机会还去，孩子是和爸爸一起玩的，今天不是周末人不是很多，每个项目要等10分钟才能玩，最好玩的是法拉利，孩子玩了很多遍，还有那个青蛙跳，真心不错。,/Date(1436683529000+0800)/,19
4023081,带着孩子和她的同学一起来这里玩，还好人不是太多，就是很多项目非要大人一起陪玩，明显就是为了多赚点钱，希望可以改改,/Date(1567208832000+0800)/,0
192473201,投资越大办的越好圈钱越快，还能得到好评(o^^o)，这是真理，希望商家都能这样想，花了钱买到乐呵，钱花的舒心，点赞，孩子1米4再来南京这里玩，不错！,/Date(1534694643000+0800)/,2
185818261,4点钟兑票的，玩到8点，摩天轮也可以坐，单摩天轮都80一次了，还玩了3次碰碰车，2次海盗船，其他小项目若干，超划算，晚上人不多，不用排队,/Date(1561209918000+0800)/,0
250876328,大部分都不太刺激，有点无聊，可能我的胆子比较大。,/Date(1607677922000+0800)/,0
189088243,随时团随时用，真的很方便并且比窗口买票还优惠，本以为周一会有好多项目不会开放，去玩了才发现真的很幸运，一去就赶上摩天轮刚刚开始，下午虽然下雨室外设备关闭，但重新装修过的弘阳二楼增加了好多项目，适合大小朋友去挑战，玩一天真的是物有所值！,/Date(1533136717000+0800)/,0
156114680,小孩子们聚集地，同时也是家长聚集地，氛围很好，调动孩子的积极性，增强欢乐感，还有各种各样的活动，拓展视野,/Date(1575036491000+0800)/,0
183953963,赞赞赞赞赞赞赞赞赞赞赞赞赞赞赞赞赞赞赞赞赞赞赞赞赞赞赞赞赞赞赞赞赞赞赞赞赞赞赞赞赞赞赞赞赞赞赞赞赞赞赞赞,/Date(1562755316000+0800)/,0
229631993,很好玩的，值得去玩一次的，最好带孩子一起孩子也可以玩的。哈哈哈哈哈，很开心的一天，哈哈哈哈哈哈哈哈哈哈,/Date(1561260190000+0800)/,0
48423046,溜娃好去处，已经果断入了年卡。泡上一整天完全没有问题，不用风吹日晒，不怕刮风下雨，孩子开心，大人轻松。,/Date(1538227365000+0800)/,2
70798328,这里的游乐项目非常多也很好玩，买票时有手环，门票的类型不同，手环的颜色也不同，进门是不看门票的，把手环戴在手上。玩项目时，玩一个项目刷一下手环，手环上有二维码。亲子票只有一个手环，是戴在孩子手上的，只能孩子玩时跟着孩子一起玩，不能单独玩项目。,/Date(1535293043000+0800)/,1
17574873,弘扬里面游乐场不错大人小孩都能玩新一城吃的很多也好停车,/Date(1438185974000+0800)/,2
10380175,孩子很喜欢玩，到景区活动价格161，好多游乐项目在建，不过孩子小，能玩的也就这么多，玩的时候遇到一好心游客，说到对面商业中心客服处可以领一张半价券，后来去果然领到了，玩的果壳里半价75，真划算，这个秘密我不告诉别人喔！要是早知道弘阳半价就更开心了！,/Date(1397150597000+0800)/,7
23251382,我们购买的是特价票，而且是畅游票，可以玩的游戏很多，有适合小朋友的，也有适合大人的。总体来说，非常不错，可玩性很强。,/Date(1564357076000+0800)/,1
179012616,帮朋友买的，他说玩的挺好。而且人也不是很多，每个项目排队时间也不是太长，总体来说还不错吧。,/Date(1561288963000+0800)/,0
36225571,夜场性价比高。绝大多游乐项目等候时间较长，不是因为人多，而是人少，要等人坐满了才开始！,/Date(1538661251000+0800)/,2
61732378,还不错的，我家宝宝小，身高有限制，110-120才可以玩，只能玩玩一楼的几个项目,/Date(1569948906000+0800)/,0
2673726,超值，可以随时换家长带孩子玩，但孩子上小学以后非常忙，只去了2次，有点浪费了。,/Date(1579859297000+0800)/,0
229484102,吐了咯啦咯啦咯啦咯啦咯啦咯啦咯啦咯了,/Date(1560517530000+0800)/,0
179012616,给侄女订的票，听她说玩的挺开心的，VR玩一个项目钱就回来了，夜场票真心划算,/Date(1560678264000+0800)/,0
179012616,姑娘们玩的开心极了，说下次还想过来,/Date(1528161782000+0800)/,4
23251382,弘阳未来世界分为室内和室外两个场地，激流涌进和碰碰车在外面。室内项目也不少。有刺激的也有适合小朋友的。总体不错。,/Date(1564557790000+0800)/,0
235719681,好多小孩喜欢的项目，孩子玩的开心！下次有时间孩子说带她同学一起来玩。,/Date(1564478392000+0800)/,0
22887204,夜场票比较划算呢，今天人很多，不过好多设备没开，摩天轮也没有开。,/Date(1588590690000+0800)/,0
183235195,票价比较合理，主要大人陪同不收费比较人性化，孩子玩的很开心！！,/Date(1570245409000+0800)/,0
40407598,小孩超级喜欢的地方，老大超过1.1m很多项目可以玩、老二才1m相对玩的项目少了很多。周末的人超级多，项目都要排队。大洋在装修都从里面走人很多很挤。吃东西还比较方便,/Date(1541490823000+0800)/,1
94384224,大量的设备都升级改造，小朋友（不超过140）基本上没有能玩的，同时有趣的是额外收费项目全部都正常营业，最后大人加小孩玩了3个项目就走了，做为附近的居民，看着弘阳世界的落败，成为赚钱的工具，这么大企业，既然这么多项目不开的情况下，居然还卖全额票，也不知道哪里来的底气！！！,/Date(1593162873000+0800)/,3
3669834,超值的价格，愉快的玩耍，美妙的体验，就是这么牛！！！！！！！,/Date(1567298668000+0800)/,0
4160978,整体非常好，但是之前不收费的项目现在竟然收费了，感觉不可思议,/Date(1567089302000+0800)/,0
181305996,买的夜场票很划算，自营项目随便玩多少次！,/Date(1561537251000+0800)/,1
5477714,不能算是一个大规模的游乐场吧，只能说是一个普通的商业圈旁边有一些游乐设施，规模不大，基本上就是什么摩天轮啦，旋转木马啦之类的，还是文艺青年喜欢的，真正刺激的基本没有，价格有些虚高，有团购时会比较划算，平时还是过去看看夜景逛逛商城吧。,/Date(1437458886000+0800)/,5
109969508,适合中小学生去游玩，特别是二楼的科技体验。购票方面，注意一下孩子的身高，毕竟有些项目是限高的。最最推荐的当属摩天轮。,/Date(1568623529000+0800)/,1
39437711,地方不算很大～一票制个人比较喜欢～小孩也玩得很开心～唯一美中不足的是网购兑票口才两个～排好久～！,/Date(1441610645000+0800)/,2
1635466,周末带孩子去玩玩还是不错的，不错,/Date(1563292275000+0800)/,1
10536115,玩的项目比较多，周围环境也不错，吃饭都比较方便,/Date(1561703980000+0800)/,0
19437458,弘阳欢乐世界是孩子们喜欢的地方，有很高的摩天轮，漂亮的转马等娱乐设施，很不错的游乐场。,/Date(1407226801000+0800)/,4
193267136,这个地方很适合带小孩子去玩，尤其室内的，科技类的也有，可以让孩子玩一整天，大人坐在外面悠闲得做自己的事，以后还会考虑去玩。,/Date(1534950615000+0800)/,2
121105481,性价比很高，吃饭也很方便，孩子很开心！,/Date(1570934657000+0800)/,0
165969549,玩的非常开心，价格实惠，下次再来！,/Date(1569807933000+0800)/,0
62018483,很好，不错，玩的开心，就是人多了点,/Date(1561949934000+0800)/,0
22826948,五一节前去的&#x20;单独收费的项目比以前多了不少&#x20;不过买的140的套票还是可以的&#x20;去的时候人不多&#x20;小朋友基本上每个项目都玩了两遍&#x20;适合4-7岁的小朋友,/Date(1556793582000+0800)/,1
32049744,不错不错不错不错不错不错不错不错,/Date(1563668134000+0800)/,0
82871606,很好玩孩子很喜欢有机会还会来的,/Date(1565142260000+0800)/,0
27379187,很方便也很好玩，感觉很实惠，，,/Date(1563543450000+0800)/,0
2639062,超赞，价格实惠，孩子玩的开心！,/Date(1562422578000+0800)/,0
229729381,请问而已哦**********,/Date(1560572593000+0800)/,0
96855233,很多项目可以尽情玩的痛快,/Date(1577893434000+0800)/,0
12005614,很好，离家很近，不过现在处于停业状态，到17年的圣诞节才会开业！,/Date(1484128962000+0800)/,10
28025459,弘阳广场交通很方便！地理位置好！不属于太刺激的娱乐设施，适合带小孩玩！当然大人玩也是极好的！可是摩天轮能不能不要装那么多人啊？？？是不是那样不浪费空间？？？！！！,/Date(1440153080000+0800)/,1
36783342,好。经济实惠，干净！,/Date(1579869200000+0800)/,0
5943946,欢乐卡可长期持有，免有效期，并可以多人同时使用，因此消费余额恕不退还。当消费余额为零或余额不足时，可以继续充值消费；欢乐卡5元起充，一次性充值100元送10元，一次性充值200元送40元，买多送多,/Date(1557529316000+0800)/,1
184065241,超级棒，原来学生票可以玩大部分游戏，很刺激。设施挺齐全的，玩了一整天。,/Date(1530854784000+0800)/,1
2937819,弘阳广场，适合各年龄段的人，有小孩的欢乐世界，有女人的美食，这里适合高富帅也适合屌丝，有高中低档的商场。来了肯定不会后悔，肯定有你想玩想吃想要的地方。,/Date(1426774418000+0800)/,1
4187152,"不怎么好玩,不用门票,就是进去玩的另外买票了,搭了摩天轮,平时100元一人,刚好特价才50,周围有点偏,搭了也没什么看的",/Date(1427779572000+0800)/,2
47923451,挺好玩，有玩有吃，电玩，西餐，游乐场，买东西也方便,/Date(1450962201000+0800)/,3
58524502,一般没什么好玩的不大的地方…呵呵干嘛非要15个字呢……能长肉吗,/Date(1570498007000+0800)/,0
32458613,一个以超级体验为主题的大型娱乐游玩中心、位置在浦口区大桥北路、很好找、适合儿童、年轻人、项目很多、很刺激、看的眼花暸乱、吃也方便、且价格实惠。,/Date(1445504353000+0800)/,4
35975714,玩的挺刺激的，如大摆锤，摩托过山车。还不错,/Date(1435754256000+0800)/,1
6573022,感觉还行，比以前玩的多一点了，但是还不够精致，希望越来越好！,/Date(1566721678000+0800)/,0
39219537,还是挺不错的，项目的制作还是可以的，过山车值得玩，主要是起步的速度不错，海盗船也还是比较好玩的，室外的大钟摆太刺激了，另外的室内的VR眼镜体验室还是可以推荐一下的票价其实也不贵，挺实惠的如果住市中心的话到那里还是有点远的，总体的体验感还是不错的,/Date(1529732159000+0800)/,1
36591704,弘阳&amp;#183;欢乐世界位于南京市浦口区大桥北路48号弘阳广场，由弘阳集团斥巨资兴建。&#x0A;弘阳&amp;#183;欢乐世界总建筑面积10万㎡，是超大型室内主题乐园与室外体验式嘉年华游乐项目相结合的顶级游乐场所。,/Date(1523141462000+0800)/,1
36150663,摩天轮非常震撼，其他太一般了，很小，娱乐设施少，不过靠商业区，吃饭什么的很方便。,/Date(1452517849000+0800)/,1
43284496,玩的挺多的！也挺刺激的！屋子里面有很多小朋友玩的！总体还不错,/Date(1451735338000+0800)/,0
5404640,有点小贵总的都很好室内不受天气影响,/Date(1581883796000+0800)/,1
18514581,很满意的体验，孩子们玩得嗨嗨，感谢携程网提供的优惠,/Date(1499178802000+0800)/,4
14447475,暑假开始添了不少新设备，挺好玩的，孩子很开心，边上就有麦当劳，肯德基，必胜客可以吃早餐,/Date(1405601847000+0800)/,0
1982364,马马虎虎。。。。。。。。,/Date(1588606944000+0800)/,1
166694567,超赞，新开业，带小朋友玩了一天。晚上还有表演,/Date(1525967953000+0800)/,2
36072831,弘阳欢乐世界算是我们这次旅行的重头戏了，里面除了有巨大的室内游乐场外，还有著名的“果壳里”儿童职业体验中心。坐公交时途经南京长江大桥，算是一个小小的惊喜，趁机把自己有限的知识传授给孩子,/Date(1437308739000+0800)/,1
212903438,新开业第一次去。果壳里没有了，保留了一些经典的游乐设施，也增加了一些新的设备。摩天轮更换了高大上的轿厢，可以蓝牙播放音乐，调节灯光，更加平稳。一楼的布局很紧凑，但是感觉太局促，不如以前宽敞，以前的一些景观也都没有了。这次买的亲子票，适合孩子玩的游乐项目都可以不限次游玩，挺划算的。大多数项目在室内，夏天玩起来挺合适。总体来说还挺不错的，硬件比以前有很大提升。,/Date(1559611152000+0800)/,0
36931149,项目很多，孩子玩得也很开心。但国庆人很多，游乐园管理地有些乱。飞行影院这儿，一个人排队，后来竟然陆续又来了五个人插进来，振振有词地说是代排队，哎，现在的囯人素质哟。没有人维持秩序，自觉的人还好，遇到不自觉的人，嗬嗬，只有自求多福了。,/Date(1443937901000+0800)/,0
35678266,一家人去玩，买了两大一小，有些项目不能玩，很失望，本来想座过山摩托，但是需要自己另外掏钱，这样很不爽哟！但是女儿玩的开心，小朋友开心就好！希望能玩更多项目就好啦,/Date(1436077393000+0800)/,14
35786704,买的是学生票&#x20;畅游全场&#x20;还算不错&#x20;小朋友很适合,/Date(1436021792000+0800)/,0
34516805,公园不大，项目不多，周六区的排队人不多，基本十分钟内可以玩到，服务没有常州恐龙园，方特，欢乐谷等大型游乐场好。&#x0A;摩天轮还不错，一圈半小时左右。碰碰车人比较多，但是要等分钟一轮。主要服务有待加强，其他都还不错。停车也方便，吃饭也方便。,/Date(1417530727000+0800)/,0
16231076,跟上海的欢乐谷差不多的一个地方，里面玩的项目很多，小孩子喜欢的玩的地方，小情侣们也可以去玩，我觉得娱乐设施还是比较齐全的一个游乐园吧，只是如果特地为了玩这个来南京的话就不值了，南京好玩的地方还是很多的~~,/Date(1397477770000+0800)/,0
15503549,景区在江北，自驾车去南京的话不能从长江大桥过江，只好停了车去挤公交了，南京的公交实在不给力，网上查的，实际报站时报的，然后是车上贴的站点都是不符的，然后就是报站根本听不清，景区还在建设中，室内室外都有，大人孩子都能玩到，就是觉得每个项目的时间都好短啊，除了摩天轮，如果不买套票随便孩子玩的话，花费不小的。人不是很多，基本不用排队.孩子玩碰碰车最开心了，过山车不敢玩，不过飞行影院里面的就是模拟过山车.,/Date(1397186979000+0800)/,0
194645620,。。。。。。。。。。。。。。。。。。。,/Date(1570348851000+0800)/,0
35786704,比较适合小孩子玩&#x20;因为刺激的项目不是很多,/Date(1441795975000+0800)/,0
22234439,小宝宝玩的项目占一半吧，吃的东西不多,/Date(1568971564000+0800)/,0
229181100,比较适合小朋友玩，大朋友可以去玩VR,/Date(1560329587000+0800)/,0
6064561,很远就可以看见他的招牌摩天轮，里面游乐设施不少，都是单个销售，小孩必须要家长陪同，现在套票只能一个人玩，并且充值后如果没有用完不能退钱，相当不爽！,/Date(1415419774000+0800)/,2
32835125,感觉还不错，项目比较多貌似是南京唯一一个游乐场吧，那天上午去的，大学生票比较划算，玩的也很��开心，不限时玩，还有几个项目不敢玩，出来以后整个人都不好了，不过他玩的很嗨????????,/Date(1432363088000+0800)/,0
4901553,弘阳广场最近一直装修没开业，今天去现场看看已经初具规模，看样子很快要营业了，还是很期待的，以前的游乐设施正在出现，从新刷漆,/Date(1524328131000+0800)/,5
60103806,价格很划算，带着宝宝任意玩！很开心，就是每个游乐设施人不多的话要等，最久等了15分钟，这个有点坑！,/Date(1466865460000+0800)/,2
48529239,性价比各个方面挺好&#x20;吃喝玩乐一应俱全&#x20;不需要跑很多地方&#x20;很方便,/Date(1451630968000+0800)/,2
43525354,如果说整个弘阳欢乐世界给我留下最深刻的印象，那就是里面的果壳里职业体验中心了，除此之外，我发现不了任何亮点，并且，门票的套餐简直就是坑！,/Date(1444242315000+0800)/,2
5351475,基本上都是家长带小朋友来玩儿的，大学生没啥可以玩儿的，除了摩天轮和大摆锤，摩天轮现在涨价了，要60一个人好像，不过风景还是不错的，可以俯瞰整个南京～,/Date(1426225867000+0800)/,1
26741717,儿童游戏的绝佳场所，小孩玩的非常开心~~~~~~！！套票兑换也非常方便&amp;#183;到了服务台，很快就能取到票，很快捷~~~~~~~~~下次还来玩，很不错的游乐城！！,/Date(1428024545000+0800)/,0
26352842,好玩&#x20;很适合年轻人和小朋友去玩&#x20;购物娱乐一体化,/Date(1419063189000+0800)/,0
16339693,很好玩，摩天轮很赞，附近吃的也很多，很好玩,/Date(1404109213000+0800)/,2
40397873,此评论仅针对本次出游，疫情以后头一天开放，又是工作日，人不多，摩天轮项目时，在没有其他游客的情况下，表示要再坐一次，工作人员明明看到我们抱着一岁多的小朋友，还带这个4岁的小朋友，还非要我们所有人从二楼出口出去再下到一楼，在兜一圈回到一楼入口再爬二楼上来，态度恶劣，无法沟通，全程只会说有不满意找领导，对于后来过来的领导，我只想说维护员工是好，但起码要先了解情况，换位思考，哪家没有小朋友，总的来说，开园是开园了，一件小事暴露了很多问题，员工应付工作，工作不积极，领导不作为，打个低分，希望引起重视，改进工作，毕竟是家门口的游乐场，希望以后可以越来越好,/Date(1631309756000+0800)/,0
55790210,大摆锤真的很刺激，游玩项目比较少，但是今天去人很少，都不用等,/Date(1462008792000+0800)/,1
15758011,家门口的景点，摩天轮很壮观，值得一游哦。,/Date(1431229322000+0800)/,2
32345960,与朋友一起去玩的，景色非常不错，大家玩的都不想回家了，下次一定要和家人也来玩玩。,/Date(1430059505000+0800)/,0
17733525,环境很好，天气好的时候，孩子特多，门口经常搞儿童活动，还是很值得带孩子们去的。,/Date(1452264325000+0800)/,0
35682356,现在很热闹。小孩也多。游乐项目宝宝很喜欢。附近环境也不错,/Date(1435141677000+0800)/,1
158694861,好好玩，很刺激很过瘾，下次还要再去,/Date(1554774909000+0800)/,0
24470733,在南京桥北桥头，下桥就能看到，里面设施很多，还有摩天轮,/Date(1432978454000+0800)/,1
9164024,值得来，游乐场，大洋，新一城，吃，玩，购物一体，很好。,/Date(1432907220000+0800)/,1
2064717,玩的项目很多，就是如果价格能再优惠点就更好了，刚开业时有年卡，现在没有。,/Date(1425961664000+0800)/,0
108985135,感觉还不错，前几次去孩子比较感兴趣玩的挺多的很划算????这次去没怎么玩但是170也算玩回来啦！觉得110以上的宝宝玩的会更开心呢！因为项目更多哦！,/Date(1444816008000+0800)/,0
18995566,不错不错不错，小孩特别喜欢，每个月基本都要来玩。,/Date(1434199764000+0800)/,1
33988411,非常好，适合年轻人玩，还有很多好玩的，感觉很好。,/Date(1433774521000+0800)/,1
29483167,还不错，该有的娱乐设施都有，比较适合小孩子玩！！,/Date(1432889742000+0800)/,1
25414552,去的时候特别happy，可是后来发现男票太高太壮，不好玩儿。很多项目玩不了。不过那个水上漂很刺激，虽然被溅了一身水，但是很刺激。,/Date(1426999546000+0800)/,1
8384483,大大的摩天轮是地标啊，可以买一张通票，好几个人玩，里面有很多小朋友玩的项目也有大人玩的项目，值得去玩。携程订票很方便，服务很好。,/Date(1419585812000+0800)/,1
32353007,价比太高了，就是人多到哪里都要排队，排5-10分钟就差不多了，里面卖吃的东西不是很贵，摩天轮里面有换气系统不会热和闷，海盗船好好玩，我们玩了4次。,/Date(1455631137000+0800)/,0
4207619,浦口最大的娱乐商业区，非常之大，游乐项目不多，勉强满足附近市民需求，旅游就没有必要慕名而来了，经常有一些活动，交通不甚方便。,/Date(1476515577000+0800)/,3
33833242,项目不多，主要适合儿童！较好的亲子活动场所！,/Date(1433401089000+0800)/,1
28943061,我喜欢刺激的，和我一样的人可以去玩跳楼机，摩托过山车和大摆锤哦！,/Date(1424260517000+0800)/,0
29483167,还不错，大人带小孩去玩挺好的！！刺激性的项目也有，反正很棒！！,/Date(1429343200000+0800)/,0
315568474,里面的装修味道很浓，里面到处充斥着金钱的味道，冷冷清清的，买个套票进去玩不到什么项目，有很多项目都要另外自己掏钱玩，而且非常贵，都给私人承包了，逛这个地方不如去新街口逛商场&#x20;失望无聊,/Date(1624705071000+0800)/,0
33807400,我是星期天带小孩过去玩的，人挺多的，玩了几个刺激的，如波浪翻滚，在翻滚过程中，只听见尖叫声此起彼服，真的很刺激。小孩这一天玩的还是挺开心的。,/Date(1440513606000+0800)/,0
219357319,有点差强人意，不过摩天轮还是很好玩的！,/Date(1576368161000+0800)/,1
14662769,昨天刚去，虽然没有恐龙园之类的游乐场大设备多，而且没有通票学生票，但是人很少玩得很尽兴，基本上不用排队。周围购物吃饭的地也多，值得一去哈。,/Date(1403403760000+0800)/,0
12061364,相比绿博园啊什么的还是可以的，虽然没有过山车、蹦极什么的，但是摩天轮值得一坐，视野很好，俯瞰南京。,/Date(1393300495000+0800)/,2
59255689,这次游玩是和朋友一起去的，感觉还可以，不过需注意一下，激流勇进这个项目自己还是带雨衣比较好，他那提供的雨衣质量很差，或者自己在带一件衣服,/Date(1437283507000+0800)/,0
67647023,因为好多设施都在室内，包括外面的空间都比较小，但是天热，真正还是室内的玩的多。买畅游卡很实惠，无限次玩，总共玩了15个项目才花160，,/Date(1469549732000+0800)/,0
8681608,大大的摩天轮是地标啊，可以买一张通票，好几个人玩，里面有很多小朋友玩的项目也有大人玩的项目，可以花一天时间好好玩一玩，大人小孩都开心哦,/Date(1394157301000+0800)/,0
46526644,错过高锋期，便宜。不用排太长的队，游乐项目都能玩得过来，人很少。职业体验，人少，很多因为人少玩不了，最好是几个家庭商量好一起计划着玩,/Date(1444187297000+0800)/,0
160817129,摩天轮的夜景真的超美&#x20;还有过山车也很刺激&#x20;&#x20;楼上充满童心的蹦床海洋球&#x20;&#x20;票价肯定是值回来了&#x20;就是能提供给大人玩的项目有点少,/Date(1536458071000+0800)/,1
51797465,"应该买1大1小的，能便宜一些，大人玩的比较少,下次可以带家人再来光顾。..............................",/Date(1455457523000+0800)/,0
5033818,玩的很开心哦！平时去不用排队，由于人少，需要等待10分钟左右，季卡很方便，第一次使用需要拍照办卡，以后再去只要交10元押金就可以了,/Date(1436513886000+0800)/,0
14677178,好，真不错，期待下次相聚的日子。好，真不错，期待下次相聚的日子。好，真不错，期待下次相聚的日子。好，真不错，期待下次相聚的日子。,/Date(1473042646000+0800)/,0
5119592,值得去，女儿去两次了，都玩得很开心，项目惊险刺激,/Date(1440810443000+0800)/,0
29241242,很赞，摩天轮很赞，摩托过山车很刺激，值得这个价钱,/Date(1424753179000+0800)/,0
25071636,女儿非常喜欢，改造后增加了很多涨知识的项目，吃喝玩乐都有，好几个朋友看见我发的朋友圈都带孩子去玩了了，,/Date(1534237626000+0800)/,1
45535666,非常不错的地方，很值得一游，我们经常去逛逛,/Date(1450192759000+0800)/,0
2539540,孩子游戏天堂，一天都玩不下来，还有摩天轮。,/Date(1435924329000+0800)/,0
35029903,总体来说还不错，只是感觉比起其他大型游乐场还是小了点，游乐设施还算齐全，差不多半天多一点就能全部玩完，摩天轮要排很长的队。,/Date(1430532691000+0800)/,0
39620883,终于到十二点半了，这里的门票可以玩一个刷一个，也可以买通票。小朋友买了学生票，自己开放式不用玩，也不用买门票，专门负责看手机拍照片，省了大人的门票了。嘿嘿！不过今天工作日很多设施不开放，在检修准备国庆节宰客了吧。&#x0A;       &#x20;吃完竟然下雨了，还不肯停，所以室外项目都不能玩了，可惜了，安排错误。中午应该先玩室外的，现在下雨再室内就好了。最后玩的是电玩城，小朋友玩得不亦乐乎！,/Date(1538302843000+0800)/,0
2768916,快中午才过去，兑换手环很方便，定的亲子的，项目小朋友都喜欢玩，无限次，玩的很尽兴，室内的想对室外气温好很多，室外项目基本太阳落山后进行的。摩天轮很舒服，有空调，坐在上面看看大桥，休息一下，孩子吃点饼干，下来继续疯狂！,/Date(1470720662000+0800)/,0
4738801,还是不错的，比较适合小朋友游玩，下次还去,/Date(1447626222000+0800)/,0
32168034,小孩子们的天堂，娱乐项目很多，适合亲子游,/Date(1444100872000+0800)/,0
27775333,带9岁儿子去游玩，不错，关键有室内游乐设施，不晒很舒服，小型室内过山摩托车尖叫声不断，就在头顶盘旋，儿子咋的死活不做哈哈,/Date(1440672740000+0800)/,0
4942169,入住的酒店和游乐场紧靠着，感觉很好，酒店下面就是商场，吃饭有很多选择，感觉一点都不累，特别适合带娃出行！游乐场我们是在吃了饭，睡好午觉去的，大概15：30左右，已经过了高峰期，不用排队，总体感觉还是不错的！答应儿子下次还过来！,/Date(1434862853000+0800)/,0
30032455,很齐全的可玩项目，价格还比较人性化！顶起,/Date(1433591445000+0800)/,0
33889676,还不错哦，玩的蛮开心的啊，下次还带宝宝去,/Date(1433517101000+0800)/,0
31483971,南京比较大的一个游乐场，很好玩，价格实惠,/Date(1428481885000+0800)/,0
25147918,很不错的小景点，晚上去看看效果就更好地。,/Date(1415755953000+0800)/,0
105541128,就等新开业光顾，不错的地方，期待已久！,/Date(1519144191000+0800)/,4
22765760,那边人不是很多。所以去的话，不用怎么排队。然而摩天轮最好了。格外高大。夜晚看的话，景色尽收眼底。哎，不过本人比较胆小…,/Date(1473894047000+0800)/,0
26025746,适合小孩子&#x20;还有跳舞机&#x20;还是不错哒&#x20;也挺大的,/Date(1449767285000+0800)/,0
108975927,身为江北人，第一次去自家门口的游乐场玩，虽然小了点，不过跟朋友还是玩的很愉快！&#x20;下次可以带小朋友去玩、总体感觉挺不错的！,/Date(1443405162000+0800)/,0
229181100,比较适合小朋友玩，大朋友可以试试VR,/Date(1560329769000+0800)/,0
59632789,非常好玩，由其是摩托过山车.....,/Date(1531586544000+0800)/,0
46759479,游乐园和商场结合的很好，虽然玩的东西没有大型游乐园那么多但是也够玩好久的了，玩累了旁边就是商场，吃的喝的都有非常方便,/Date(1471748038000+0800)/,0
5049900,很开心哦，七个人一起玩的，特别刺激，海啸很好玩，下次还会去。。。。就是天热，晒得有些吃不消。不过依然不枉此行！！！！,/Date(1434508299000+0800)/,0
40034783,感觉一般，不过孩子喜欢这是最重要的。出来以后整个人都不好了，不过他玩的很嗨,/Date(1443192735000+0800)/,2
4962408,真的非常好玩&#39;小孩子玩得都不走，下次还带他们出来玩！叫上几个朋友一起更好玩～，如果套票再便宜一些就更给力了，哈哈,/Date(1472723548000+0800)/,0
63114892,不需要排队，工作人员的态度也挺好，就是感觉小了一些，但用美团便宜了很多很多，有些项目玩了几次，大概大半天就能玩遍,/Date(1468327432000+0800)/,0
38570611,中午11:30到了玩到晚上19:00，室外项目刺激，室内平稳些但也很好玩，碰碰车最喜欢了，但是每次时间短就2分钟,/Date(1436149964000+0800)/,0
32600010,"因为去超市经过的,进去水用门票,就是玩的要钱,有一个摩天轮,但是因不&#x0A;为周围很荒,没什么看的",/Date(1430565033000+0800)/,1
100700935,免费的设施好多都是旧的。。。。,/Date(1562451959000+0800)/,0
10452261,太ＴＭ刺激了，尿都快要失禁了！,/Date(1531020520000+0800)/,0
32194645,**的一腿，买了亲子票，结果到现场发现绝大部分项目亲子都不让玩，亲子里面限制了身高为1.4以下，结果现场1.4以下能玩的项目现场买票都比这个票钱便宜,/Date(1633078192000+0800)/,0
193176565,还不错，比较适合140左右的大孩子玩，孩子玩的很嗨，前两年玩过，那时候很多项目身高不够不能玩，这次都可以了！,/Date(1555289648000+0800)/,0
8384483,携程各种套票比较划算，有刺激滴有摩天轮，适合带娃也适合年轻人去玩，旁边就是购物城，吃喝玩乐全部搞定展开更多。,/Date(1421033146000+0800)/,0
34606270,只要不是节假日，玩的都很开心，人少啊~孩子可以反复玩一个项目，要是节假日那可悲催啦，所以还是平常有时间最好,/Date(1432827128000+0800)/,0
29185710,我一个人去的，先玩了摩天轮，再去玩个大摆锤，就崩溃了。勉强再坐个旋转木马就忍不住离开了。一家人去比较合适。,/Date(1428113002000+0800)/,0
25578905,快傍晚坐了旋转木马和摩天轮，在高空看夜景还是不错的。有很高的摩天轮，漂亮的转马等娱乐设施，很不错的游乐场。,/Date(1417516325000+0800)/,0
18187997,真心感觉还可以，玩的东西比较多，现在还新增了几项小朋友玩的，只是价格还是比较高，大人小孩不分大小都是全票。,/Date(1404135934000+0800)/,0
18420085,还不错，适合带小朋友来玩，挺好的这个地方。。,/Date(1520784394000+0800)/,3
5411825,周一去的，人少，不用排队，但每一项也要从第一个人进去10分钟后才能开。4D电影恐龙化石的那个有点吓人，建议4岁以下小孩就别去了。注意4D电影是有固定放映时间的，去了先问好时间再做安排～,/Date(1430292462000+0800)/,0
3315956,门票相比其他游乐园也不贵，总体不错。就是最想玩的飓风飞椅没开好可惜小朋友也玩的非常高兴，下次还会再来玩！,/Date(1422432324000+0800)/,0
14157166,价格好贵呀，比上海的欢乐谷价格还高，不过他好就好在，没有那么多人，不是一个项目需要排队排个一两个小时这个是绝对没有的，里面的项目很大一部分都能玩到，而且有适合不同年龄层次的人的游玩项目,/Date(1392694093000+0800)/,0
116501345,玩的非常开心滴，但是今天去有几个项目没开。但是，摩天轮还是不错滴。其他的项目，还是很OK。下次还会去。,/Date(1557672690000+0800)/,0
89522478,有很多项目可以玩，一票通玩，不用跟团，还不错，玩一会儿，歇一会儿继续，玩多了会想吐。总体来说，挺开心的,/Date(1431651253000+0800)/,0
16915262,它不是门票里面包含的项目。而是你自己可以选择进去，然后看中哪个了就去买票进行娱乐项目。那个摩天轮真的是很大了！！那边也有商业区，去玩玩也很好！,/Date(1413638669000+0800)/,0
12422846,总体来说，还挺好玩的呢，价格也不是很贵，摩天轮还是很浪漫的呢。,/Date(1401614459000+0800)/,6
14674955,金额。锕呃(⊙o⊙)哦谢谢我就会好起来的早就说吧我的啊啊啊吧台风了我就是说呀呀呀呀我就在家吗嗯嗯呐呐,/Date(1471139011000+0800)/,0
42505417,很有趣，小孩子喜欢玩。2016年底重新装修，期待下次再去玩。1米2不到就能玩海盗船，还有小型跳楼机,/Date(1476575915000+0800)/,0
37952214,带小孩子去玩的，有室内的室外的，孩子喜欢玩，至于玩就那些&#x20;，就是一般游乐场，以下内容为凑字数，请忽略,/Date(1472439150000+0800)/,0
1099513,很热闹，小朋友很多，好玩的项目也很多，就是太吵了。套票划算,/Date(1404137007000+0800)/,0
1167122,地方不是很大，但游玩品种还是很多的，特别是刺激的项目，只能望洋兴叹了。家长陪同也不需要门票，挺好。,/Date(1401417401000+0800)/,0
1167122,地方不是很大，但游玩品种还是很多的，特别是刺激的项目，只能望洋兴叹了。家长陪同也不需要门票，挺好。,/Date(1400574694000+0800)/,0
12761374,玩得很过瘾，通票啥都可以玩，还不限次数，非常棒。还会再去的，但避假期是必须的，可以少排队????,/Date(1469789923000+0800)/,0
25367343,项目都还不错，只是，海盗船太刺激了。,/Date(1469173589000+0800)/,1
41305954,感觉还不错，一家人在里面玩！孩子也喜欢玩！已经去了第二次了！南京这边玩还行！主要是孩子喜欢去玩,/Date(1465650353000+0800)/,0
12820063,游玩很愉快，摩托过山车感觉还是很惊险的，还有海盗船，个人很害怕失重的感觉。总体感觉很愉快，很值,/Date(1434964200000+0800)/,0
17949713,因为南京只有这一家游乐场，所以只有去这。。当天十点多到的，下午一点多就走了，实在是没东西玩。除了那三四个刺激点的其他的都是小孩子玩的，早知道就买那可以玩几种的60票了，失望。,/Date(1401170478000+0800)/,4
37910071,本来带着一大包零食。想吃的。结果发现可以一直一直玩，把最重要的吃都忘了。你就知道有多好玩了。,/Date(1439387749000+0800)/,0
15005818,和男票一起出去玩~&#x20;&#x20;给他过生日~&#x20;&#x20;最喜欢的是激流勇进~&#x20;自己玩很开心看别人淋的满头水也很开心嘿嘿嘿,/Date(1433073324000+0800)/,0
226297705,挺好的。就是不熟悉路线隧道总走错。饶了一段路。哈哈,/Date(1558659652000+0800)/,0
66084622,在某团团的优惠券，很优惠，不到百元玩了二十个项目。,/Date(1543568722000+0800)/,0
48994447,4.29号重新规划好后震撼回归，真心觉得很不错哦。,/Date(1525216447000+0800)/,2
63172036,带小孩去还是比较好的，就是比较热！性价比也不是太高！室内设施较旧！最好的是摩天轮，时间也长,/Date(1470897823000+0800)/,0
20379220,不错，就是距离城南远了点，路上花的时间太长了，玩的设施再多点就更好了，还行，整体来说，还行,/Date(1467987650000+0800)/,0
50619678,很不错，陪儿子一直玩到天黑。。,/Date(1461978391000+0800)/,1
30664285,可以全玩，还不限次数，爽歪歪啊，小朋友开心死了，人也不是很多，玩的很尽兴，一直到下班才走呢,/Date(1444575101000+0800)/,0
19877571,人太多了，每个项目都要排队，小孩又小，没什么耐性，排的急死了！设备管理员，慢的跟老奶奶一样,/Date(1434932074000+0800)/,0
33502048,挺不错的。值得约会，度蜜月旅行游玩。物价不贵。好玩,/Date(1432542432000+0800)/,0
32023362,弘阳广场这里蛮不错的，周边游玩挺好的是个好玩的地方,/Date(1432342870000+0800)/,0
25732318,实打实的沙发松岛枫嘎斯剪短发善良劫匪卢卡斯剪短发了卡机山东龙口放假啊顺路快递放假啊考虑时间,/Date(1428547609000+0800)/,0
16029943,周末去的排队等待时间挺长的，1.2米以上买儿童票还挺划算的，小孩低于1.2米建议买充值卡,/Date(1535374602000+0800)/,0
108992825,就是离我们太远了，玩不尽兴就天黑了，真想天天去玩玩，有机会还要去的，挑战自我，挑战极限！,/Date(1449647444000+0800)/,0
3408652,比较不错，桥北已经很繁华了，这次和家人一起出游，孩子玩的非常开心????，下次有时间再去,/Date(1439747176000+0800)/,0
33262085,各种刺激的玩了两遍。就是玩的东西太少，不大值得。谨慎去。带小孩子可以去玩，很多都是儿童的,/Date(1431053186000+0800)/,0
2773424,离家不远，办的亲子季卡，每周末一有时间就过去玩，小孩玩的也很高兴，里面游乐设施也增加了。,/Date(1430525766000+0800)/,0
36486866,如果带孩子去，一定要140以上的孩子，不然就是基本没的玩，而且雨天的话室外的都是不开的，室内的没什么好玩的，另外收费的项目比套票的项目还多！辣鸡！,/Date(1601791598000+0800)/,1
1293257,已经想去很久了，这次终于去了。女儿玩的好开心，说是离家近，以后可以常来不用跑去方特了。,/Date(1403837226000+0800)/,0
1293257,已经想去很久了，这次终于去了。女儿玩的好开心，说是离家近，以后可以常来不用跑去方特了。,/Date(1402967393000+0800)/,0
15758011,弘阳广场，朋友都羡慕我们家就在边上，都说是我们家的后花园，尤其是带小朋友去玩，很开心。,/Date(1399525343000+0800)/,0
33927597,购买套票很方便，可以一个项目玩几次，算起来便宜很多，女儿玩的很开心，下次还是选择套票,/Date(1472568394000+0800)/,0
20379220,已经去玩过好几次了夏天天热这里是最好的选择，室内的，凉快的很，项目也很好玩，可以去哦,/Date(1470095877000+0800)/,0
108974143,跟朋友一起带小孩去玩的哦，宝宝很开心，不限次数，很划算，还能坐摩天轮，很好哦，不错的,/Date(1442901193000+0800)/,0
35802349,孩子的游乐场所，大型的，小型的，幼儿的，电玩都有，满足不同年龄层次的盆友，值得一玩！,/Date(1436588760000+0800)/,0
3355425,值得一去的好地方，周围有很多吃喝玩乐的选择,/Date(1522657831000+0800)/,2
37596609,不錯，女儿喜欢下次还要来&#x0A;周边配套也很多上午玩弘阳下午在果壳里玩得很开心中午吃牛排,/Date(1465452641000+0800)/,0
12159968,暑假期间，小朋友很多，玩了一天很开心，就是室内没有开空调有点热，去年还是开空调的呢,/Date(1439955480000+0800)/,0
612912,家庭亲子活动的好去处&#x20;，但游玩项目的门票有点贵了，无论大小都要票,/Date(1409874868000+0800)/,1
99987060,总体不错，就去的时候好多项目两个不怎么好玩。所以下次去可以多带点人和朋友一起最好,/Date(1537424689000+0800)/,0
44447395,很好的地方，大人小孩都可以找到合适自己的,/Date(1481730264000+0800)/,2
18386966,项目挺多的，人很少，有的项目因为人不多所以不开，比较可惜。总体来讲还是划算的呢的,/Date(1479560060000+0800)/,0
50619678,假期去玩有些项目需要排队，好几个项目限身高，小孩子没能玩，有些失望……其他都很好,/Date(1475251061000+0800)/,0
19131618,环境不错，看上去不大，小朋友玩足够了，服务挺好，室内有点闷，摩天轮，海盗船，都有,/Date(1472264418000+0800)/,0
28363224,一个字爽！！环境不错，人少，不用排队，旁边就是吃的！很赞很赞！！！！！！！！！！,/Date(1469949862000+0800)/,0
21155015,孩子过段时间就会想去弘阳玩一次，特别喜欢坐海盗船，总体不错，孩子喜欢，取票方便，使用也方便，如果是还着孩子一起，建议就买这种，真的划算，玩的基项目越多越划算哟。,/Date(1465993449000+0800)/,0
53445529,好玩的项目很多，摩托过山车很刺激，其他的也都很好玩，很刺激，晚上的游乐场很漂亮！,/Date(1458623066000+0800)/,0
36546291,感觉那地方有点小，毕竟靠着房地产，巨大的摩天轮被楼房掩盖，与想象的有些落差。。。,/Date(1439765935000+0800)/,0
,这次玩很不错，项目也挺多了，过山车很刺激，以后有机会再去玩一次哈，哈，。！嗯嗯嗯,/Date(1437583912000+0800)/,0
29328242,地方太小，有的设施还不开，没有人气，不过摩天轮还是很棒的，很高，里面环境也很好？,/Date(1435314449000+0800)/,0
34639166,就是不太刺激，像是给小朋友玩儿的。其他的还过得去，价格高了一点点。总体还不错。。,/Date(1433133463000+0800)/,0
152501337,看着挺好玩的，设备也多，欢迎大家去玩啊,/Date(1509450954000+0800)/,2
8432801,这里是旅游休闲最佳之地，我自己经常去。,/Date(1454548006000+0800)/,0
18237090,吃喝玩乐，小孩子玩的地方。附近购物也不错，就是地段不好，大桥容易堵车很费时间。,/Date(1404713974000+0800)/,0
3993391,玩的项目很多，极速风车、大摆锤、过山车等项目都很刺激。摩天轮也很给力，还有舞蹈喷泉、鬼屋。旁边就有金盛可以逛街，吃饭。,/Date(1392918776000+0800)/,2
54813477,挺好玩的&#x20;吃的也多！都很不错的&#x20;休闲场所,/Date(1461063687000+0800)/,0
29094129,过年初三去的，人不算太多，小鱼池子略微有点脏，其它都挺好，服务态度挺好，侄子不小心把膀子碰破了点皮，医务室的工作人员立刻耐心的替孩子消炎、贴创可贴，赞一个！,/Date(1427601133000+0800)/,0
14638355,携程取票很方便呢，带小孩子来玩的，一家三口玩的很开心呢，挺刺激的，一直尖叫,/Date(1406772913000+0800)/,0
11364956,个人感觉非常好，适合各种群体游玩，欢乐世界更是欢乐无穷，孩子们都十分快乐。,/Date(1396592852000+0800)/,0
19326326,项目管理太乱，一个游乐场几家收费,/Date(1632107665000+0800)/,0
311319951,比7年前来时差了很多，太🐻人了,/Date(1625892799000+0800)/,0
193727137,还行&#x20;&#x20;蛮好玩的&#x20;&#x20;就是对小孩要求太多了,/Date(1535190689000+0800)/,2
12214802,最喜欢来这种地方玩了，跟上海的欢乐谷差不多，喜欢玩刺激的游戏项目，适合情侣或者带小朋友玩&#x20;&#x20;&#x20;&#x20;&#x20;&#x20;&#x20;&#x20;&#x20;&#x20;&#x20;&#x20;&#x20;&#x20;&#x20;&#x20;&#x20;&#x20;&#x20;&#x20;&#x20;&#x20;&#x20;&#x20;&#x20;&#x20;&#x20;&#x20;&#x20;&#x20;&#x20;&#x20;&#x20;&#x20;&#x20;&#x20;&#x20;&#x20;&#x20;&#x20;&#x20;&#x20;&#x20;&#x20;&#x20;&#x20;&#x20;&#x20;&#x20;&#x20;&#x20;&#x20;&#x20;&#x20;&#x20;&#x20;&#x20;&#x20;&#x20;&#x20;&#x20;&#x0A;,/Date(1412924062000+0800)/,3
612912,非常适合家庭亲子游，有吃有玩，就是小朋友无论大小都跟大人一样的票价，小贵,/Date(1399589478000+0800)/,0
6025896,很不错，家门口的大型游乐场，完全可以不用去方特，便宜还不用死命排队！！赞,/Date(1379346686000+0800)/,0
205960922,刺激好玩，设施完善，值得一试哦,/Date(1544413648000+0800)/,0
82680111,快乐的玩耍了一天，娃儿们开心哦,/Date(1537622703000+0800)/,0
8448174,可以，家门口的欢乐世界。可以只玩一两个项目，也可以买套票，性价比很高。,/Date(1405606013000+0800)/,0
15158745,家门口的游乐场~最最喜欢看宝贝们在青蛙跳上的表现，或开心，或小小害怕~,/Date(1404126015000+0800)/,0
5738763,设备设施齐全，最喜欢那个摩天轮，在高空俯瞰大地，心情一下变得开阔起来。,/Date(1399908537000+0800)/,4
4901553,下雨天，好郁闷，也没完成，不过还是给退订了，还电话过来确认，还是不错的,/Date(1375441323000+0800)/,0
58365679,带孩子玩的，所有项目娃儿都能玩，只是大型游戏每次要等20分钟才放人，建议爸妈给孩子排队。孩子玩了两次过山车、海盗船、室外的太空冒险、UFO.....,/Date(1535333624000+0800)/,0
16567648,住在这边，所以周末都去逛，牌子挺多的。也很方便。,/Date(1476154809000+0800)/,1
15352447,游乐场不算很大，大部分都在室内所以感觉不怎么好玩，游玩项目不算很刺激,/Date(1402720875000+0800)/,0
15352447,游乐场不算很大，大部分都在室内所以感觉不怎么好玩，游玩项目不算很刺激,/Date(1401844910000+0800)/,0
1818442,江北为数不多的真正娱乐主体公园，小朋友们喜欢,/Date(1480249404000+0800)/,1
222911589,游乐园人不多，适合小朋友，周围吃饭，逛街都很方便！是个好去处！,/Date(1556935516000+0800)/,0
4969001,真的超级好玩。过山车玩了8次，海盗船6次。,/Date(1539396747000+0800)/,1
59109761,玩的很尽兴，小朋友从早上10点玩到晚上9点，做了n次星际颠簸。,/Date(1536649255000+0800)/,0
8295485,带小孩好去处，美食，购物很全面，值得一来，唯一不好就是大太堵。,/Date(1418002663000+0800)/,0
5003968,这里的魔天轮又高又漂亮，晚上灯光绚烂，一览长江大桥及市区美景！,/Date(1410751969000+0800)/,0
16823076,江北地区非常不错的欢乐谷，很不错，本人已去过好几次了，强烈推荐,/Date(1404134003000+0800)/,0
98609671,带宝贝去玩的，不错的地方，尤其夏天去不错，又不热，玩得又开心,/Date(1534865987000+0800)/,0
62015706,弘扬很好玩，只是人有点多，排队是个大问题,/Date(1532611820000+0800)/,1
71395965,特别好玩，值得去看看，情侣，家庭都适合哦,/Date(1476035532000+0800)/,1
50875437,性价比不错，很适合周末带小朋友来玩，摩天轮很大，但是景色一般,/Date(1468796161000+0800)/,2
35283824,场地还是太小了~但是传统项目，如大摆锤，波浪翻滚还是棒棒哒~,/Date(1444182909000+0800)/,0
1794199,交通稍不便，关键看长江大桥堵不堵。小孩喜欢玩，吃饭比较方便。,/Date(1405782924000+0800)/,0
15690391,很不错，在桥北已经属于不错的地方了。玩的东西也挺多了。很喜欢,/Date(1399331626000+0800)/,0
2421045,不错，人不是很多，价格适中，也挺好玩的。适合小学生，中学生。,/Date(1378873534000+0800)/,0
18420085,还不错环境挺好的这个地方，可以啊。。,/Date(1528736517000+0800)/,1
74828777,挺好玩的&#x20;不错&#x20;下次带朋友一起来&#x20;故地重游,/Date(1479628554000+0800)/,1
12556350,不错，好吃，好玩，好开心，美女多，衣服多，好吃多，好玩多,/Date(1414203151000+0800)/,0
65840082,海星我可去你的还需输入十三个字了吧,/Date(1537789953000+0800)/,1
31391892,好！值得一玩，游玩的尽兴，服务好！,/Date(1474013324000+0800)/,1
12422846,周末的时候经常会去的地方，里面项目还是蛮多的呢，每次周末都有好多人去，个人是不敢玩这些项目的呢，但是看着人家玩，也是非常的有意思的呢。,/Date(1472019491000+0800)/,0
6823186,带孩子去玩的好地方，交通也方便，车也好停，周围美食也多,/Date(1454656153000+0800)/,0
3519615,室内游乐场所，是孩子，的天堂，推荐可以带孩子们去玩一玩,/Date(1453341810000+0800)/,0
40510419,房间很满意，外景漂亮，很热闹同时也方便，唯一就是太难团,/Date(1448212054000+0800)/,0
26336929,很好，去了几次了，欢乐世界里面玩的很刺激，适合周末游玩,/Date(1422107259000+0800)/,0
8161112,离家近，人气很高，玩的东西也很多。小孩子很多，挺不错的,/Date(1417921228000+0800)/,0
193942780,总体来说还可以吧！但相比16年整改前少了好多项目，感觉项目水平档次降了，价格倒是升了不少，水上项目以前是送一次性雨披的但现在也不送了,/Date(1535329332000+0800)/,0
15129109,里面很凉快&#x20;&#x20;&#x20;项目也挺多的&#x20;&#x20;孩子玩的开心&#x20;&#x20;&#x20;&#x20;下次有机会还会去吧,/Date(1534065941000+0800)/,0
60650166,挺好玩的，排队时间比较短小朋友比较满意，每次都要玩好长时间，不舍得回家，交通不是特别方便。吃饭也挺方便的，披萨，水饺，肯德基等等都有,/Date(1477563361000+0800)/,0
68478077,说好晚上十点结束，七点半就结束了,/Date(1473338106000+0800)/,1
13179081,项目很新颖，&#x20;小朋友很喜欢。答应下次还要带小朋友去玩。,/Date(1402722275000+0800)/,0
13179081,项目很新颖，&#x20;小朋友很喜欢。答应下次还要带小朋友去玩。,/Date(1401859785000+0800)/,0
185357010,很棒的体验，很有趣的一天，玩的很开心，吃喝玩一条龙,/Date(1559427867000+0800)/,0
47926003,总体还可以，比较安全，就是太吵，一天玩下来嗓子疼。,/Date(1450536234000+0800)/,0
1837126,去的时候下午，户外都没开，但是大家还是要的很开心，,/Date(1441854835000+0800)/,0
13701815,还可以吧！规模再大一点，票价再低一点，才会更理想！,/Date(1436653209000+0800)/,0
35572976,性价比比较高，什么都可以玩，喜欢激流勇进，旋转木马，摩天轮，摩托车那个很刺激，去过两次了，中午在附近吃的饭，晚上吃的饭，有点小贵。,/Date(1435118489000+0800)/,0
4470057,很好玩呢，工作日去的，都不怎么排队，基本上什么都玩了～～这个天气不冷不热的，最适合去游乐场了，而且走驴妈妈能省好多钱，又方便…～～,/Date(1425968527000+0800)/,0
9164024,玩的还蛮多，人也多，景色好，还有商场，超市美食，棒,/Date(1414203287000+0800)/,0
15758011,就在家门口，很不错！每个周末都必须带小朋友出游下！,/Date(1404139730000+0800)/,0
21831762,两个家庭一起去的，孩子玩得很开心，周边吃饭也很方便,/Date(1402881547000+0800)/,0
63233875,还是有很多项目的，带孩子过去玩的，就是孩子太小了,/Date(1558701129000+0800)/,0
6962800,真的好玩，不仅适合小孩子，大人也可以，玩的好开心,/Date(1417409083000+0800)/,0
23151011,很好，在家门口，办了套票，天天可以去，女儿很高兴,/Date(1416979864000+0800)/,0
17878624,跟上海的欢乐谷差不多，喜欢玩刺激的游戏项目，适合情侣或者带小朋友玩&#x20;，除了大摆锤和摩托过山车就没有别的刺激的了，人少，不用排队，,/Date(1415586722000+0800)/,0
14166642,时代发展太快了，这里以前什么都没有，现在搞的很好,/Date(1409791660000+0800)/,0
13227069,和朋友一起去的，环境很好，几个孩子都玩得很开心！,/Date(1407215318000+0800)/,0
89170684,带女儿去玩，女儿非常的开心,/Date(1492653241000+0800)/,1
33073943,地方有点小，很多设施因为没人玩没开，觉得还是去大一点的游乐园比较好吧&#x20;，在别的游乐园是排队等别人，在这边是等别人来玩你才能开始。,/Date(1437564804000+0800)/,0
15339150,吃喝玩乐不用愁的地方，登上巨型摩天轮一看南京城,/Date(1396608669000+0800)/,0
184041754,还是很好玩的&#x20;很值得这个价钱的小朋友玩的很开心,/Date(1539492445000+0800)/,0
121387948,游乐设施不是特别多，但人非常多，周末都要排队,/Date(1533713034000+0800)/,0
31893841,孩子一米整，说实话适合三四岁的娱乐项目极少。,/Date(1449997777000+0800)/,0
26855423,家边的游乐场，很好！交通非常方便，小孩喜欢！,/Date(1421421776000+0800)/,0
2946260,非常不错，吃喝玩乐一站服务，改写桥北新格局！,/Date(1414219548000+0800)/,0
19354415,很不错，孩子玩得很开心，但是价格稍微有点小贵,/Date(1404775738000+0800)/,0
17656312,里面的娱乐项目，比较全面，能够满足儿童及大人,/Date(1400046341000+0800)/,0
17656312,里面的娱乐项目，比较全面，能够满足儿童及大人,/Date(1399183660000+0800)/,0
2421045,不错，价格适中，人也不是很多，适合中小学生玩,/Date(1378956279000+0800)/,0
8240484,非常方便&#x20;到了就可以换&#x20;地铁➕公交到那里也很快,/Date(1495541247000+0800)/,0
46759479,集游乐、餐饮、商场于一体的大型综合性游乐园,/Date(1473225065000+0800)/,0
6337879,带姐姐和小朋友去的，还可以，暑假还蛮热闹的,/Date(1442045141000+0800)/,0
36753378,不错，特别儿童比较适合，相对比较安全，全好,/Date(1437059810000+0800)/,0
14456098,都挺好的，设施其全，服務周到，好玩的也挺多,/Date(1401980505000+0800)/,0
1449255,设施齐全，服务较好，室内项目非常适合小朋友,/Date(1399431221000+0800)/,0
5080364,携程预定很方便，还比较便宜，旅游景点不错。,/Date(1399111884000+0800)/,0
162731614,花172元买的亲子套票，身高1.2米，早晨下雨了，但是中午去的时候已经不下雨了，外面的活动都没有开，只有内部8个项目可以玩，去掉3个不想玩的，还有5个项目可以玩，其余都是身高不符，下雨天不开放，额外收费的项目，除了坑，不会再去第二次，不如单买划算。,/Date(1614252364000+0800)/,0
270028568,宝宝个子只有1米，好多项目不能玩，排队的人还特别多，宝宝也不配合，里面好玩的都是单独要付费的，票价也没回来，时间还耗在那，还不如去里面单独玩付费的呢，差劲👎👎👎👎👎👎性价比低，体验不佳，可玩性低，,/Date(1597624572000+0800)/,0
8342498,我一般不写评价，但是这个游乐场真的是太垃圾了，买的入园票，只能玩一些***的项目，而且项目很少，好玩的项目都要额外收钱，都要额外再收取50-80块钱不等！冲着这个室内过山车来的，还在维修！根本玩不起来！不知道我们花了几百块钱到底是来干嘛的,/Date(1597376963000+0800)/,0
7128317,带孩子去的，玩的很开心，附近吃的也很不错,/Date(1557270042000+0800)/,0
47460484,孩子喜欢摩天轮，韩国馆，就是场馆里太冷了,/Date(1548205935000+0800)/,0
68478077,希望可以对顾客说实话，不要欺骗，说话晚上十点结束的，结果晚上7点半就结束了，人太多，排队都要好久，有几个喜欢的项目都没玩,/Date(1473253204000+0800)/,0
4306535,里面的设施比较多……好玩……特别是过山车,/Date(1427507570000+0800)/,0
12716746,较偏，玩的东西比较少&#x20;不过适合小孩子过去玩,/Date(1414998997000+0800)/,0
14287884,在游乐园来看的话属于一般，比较不如江苏的恐龙园，苏州乐园，春秋乐园那么有名。但是适合南京和周边城市的人来玩。价格我觉得有点高，玩的还可以，不过游乐园就那么多项目，对玩过很多地方游乐园的人来说就那样，对很少玩的人来说还是很新奇的。,/Date(1392799621000+0800)/,0
9364107,弘阳欢乐世界地理位置优越，交通便捷，可能名气还不是那么响，真正来玩的也都是本地人，里面设施号称是斥巨资，但是感觉一般般吧,/Date(1384652834000+0800)/,0
224837314,还可以&#x20;就是室外有的在维修&#x20;总体还是不错的,/Date(1556889069000+0800)/,0
35248761,重新装修升级的弘阳给人不一样的感觉，与其它游乐场所不一样的是，可以买畅游票，也可以买单个项目票，入园免费。根据需求吧！,/Date(1550292640000+0800)/,0
109263510,非常超值，孩子很喜欢，下次还会光临的！,/Date(1533682180000+0800)/,0
1954359,项目很多，玩的开心，比较适合小朋友们。,/Date(1531735605000+0800)/,0
184940595,家门口，方便，蛮好的，带两个孩子玩的，,/Date(1531279039000+0800)/,0
34542072,虽然比较小&#x20;设备不太多&#x20;但还是玩的挺开心的,/Date(1466326830000+0800)/,0
3685375,去过了，还想再去，非常好玩，也非常有趣,/Date(1381281539000+0800)/,0
24756643,服务很热情，项目也很好玩，停车很方便,/Date(1557153475000+0800)/,0
26588424,总体不错，孩子玩的很高兴，套票很划算,/Date(1539092673000+0800)/,0
6366687,是桥北商业娱乐中心，儿童游玩好去处。,/Date(1464508758000+0800)/,0
8292545,值得一去，很超值，里面有巨大的摩天轮,/Date(1457232350000+0800)/,0
50622761,总体不错就是买的学生票售票的工作人员非说要学生证我说身份证上面有生日不行吗&#x20;工作人员不懂得变通好在最后还是给我们进去了,/Date(1454634010000+0800)/,0
35609282,果壳里人不多，但也只玩了五个项目，游乐场也增加了不少额外的收费项目，让人惊讶的是小吃也搬进了室内游乐场，有点不伦不类,/Date(1434980307000+0800)/,0
6443111,南京的迪士尼乐园值得一去还不错设施多,/Date(1396234130000+0800)/,0
7571951,很好玩，值得推荐，有机会会再来玩！,/Date(1553586808000+0800)/,0
26140756,游乐园很好，超过1.1基本都能玩了,/Date(1543217024000+0800)/,0
3459077,还行吧&#x20;&#x20;我就住在弘阳&#x20;&#x20;亲戚带孩子来玩的,/Date(1538525768000+0800)/,0
186190666,适合带着小孩子去，大人去没什么玩的,/Date(1536075511000+0800)/,0
64492908,用学生证很优惠！以后还会用携程订票,/Date(1532915527000+0800)/,0
187870498,很好玩，不错，设施很好，里面很凉快,/Date(1532789440000+0800)/,0
185494268,很好！！！！！！！！！！！！！！！,/Date(1531539868000+0800)/,0
557432,规模还算蛮大的，感觉不错哦，点赞。,/Date(1515665166000+0800)/,0
46759479,在弘扬广场里，有吃有喝有玩什么都有,/Date(1473824521000+0800)/,0
3069203,游乐项目中有个极限飞车挺刺激，其它项目与别的游乐园大同小异。最大的好处是周围吃饭，逛街真的很方便，适合带孩子全家行,/Date(1404116153000+0800)/,0
15539419,还不错，玩的项目挺多的，挺不错的,/Date(1542091443000+0800)/,0
50922999,"出票快使用方便,下次还会继续使用",/Date(1536719361000+0800)/,0
158612844,排队的人很多，便宜一点就更好了。,/Date(1534925911000+0800)/,0
185344255,玩的还行，建议平时来玩，人少一点,/Date(1531463932000+0800)/,0
2468359,一如既往的好玩。好玩。离家又近。,/Date(1490794547000+0800)/,0
23685227,好玩&#x20;有趣&#x20;就是有一点小&#x20;其他都不错&#x20;好,/Date(1412756234000+0800)/,0
3719388,有好吃的，好玩的，很适合全家来玩,/Date(1399891768000+0800)/,0
162694566,孩子夏天的好去处！！！！！！！,/Date(1548674551000+0800)/,0
191062227,还可以╮(￣▽￣)╭啊啊啊啊啊,/Date(1547603386000+0800)/,0
5954097,还不错，给小朋友玩玩挺好的，，,/Date(1545519859000+0800)/,0
7273435,还可以吧，周围修路，打车不方便,/Date(1542070542000+0800)/,0
41518319,小孩喜欢，玩了还想继续，会再来,/Date(1538745571000+0800)/,0
90787772,好好好好好好好好好好好好好好好,/Date(1530416166000+0800)/,0
69037219,很好玩，非常满意！！！！！！！,/Date(1499067464000+0800)/,0
31391892,还好，玩的人多，热闹，较经济。,/Date(1454248203000+0800)/,0
14074971,太好玩了，能看到整个南京发展！,/Date(1391962030000+0800)/,0
956197,很好玩，开心值得一去赞赞赞赞赞,/Date(1381282136000+0800)/,0
7309542,小孩子很喜欢，&#x20;玩得不肯回来，,/Date(1542793528000+0800)/,0
7165523,感觉这个乐园的所有工作人员态度都一般，更有其中一个和客人吵架，还有一个讽刺我:有没有驾校……其实是那车坏的，不听使唤。感觉很不开心，各种设备都有固定的开放时间，很不方便，唉，下次不会再来了,/Date(1475754032000+0800)/,0
184335376,在室内有点小&#x20;不过麻雀虽小五脏俱全没有特别要求拾够玩了。适合年龄比较小的孩子玩，如果年龄比较大不是特别推荐。,/Date(1555898326000+0800)/,0
4174257,弘阳欢乐世界就是一个非常大型的游乐场，但是里面的游玩项目还是非常齐全的，有刺激的也有适合小朋友的，种类繁多,/Date(1384498627000+0800)/,0
4245189,好多项目1.4米以下玩不了，订的时候应多做说明。携程可详细的做解读，以免大家买了套票有种觉得上当的感觉。,/Date(1431565222000+0800)/,0
62506411,里面是小孩子玩玩的外面还不错，大摆锤，激流勇进，跳楼机……总体还行吧，就是还有一些要单独买票的不太顺心,/Date(1469763422000+0800)/,0
6064561,商业化氛围重，价格不便宜。较小的孩子都需要大人陪同，关键是一张200块的票只能一个人用，不能一票多用。,/Date(1404130254000+0800)/,0
1111493,这里的游乐设施很多，从刺激的过山车类项目到儿童类的小乐园这里都有，适合周末带孩子来玩，排队人也不算多,/Date(1392978695000+0800)/,0
62659557,第一次用携程，感觉还不错，果壳里体验中心不错&#x0A;，孩子们比较开心，只是半天的时间不够玩完所有的项目。,/Date(1471007270000+0800)/,0
35683367,人真多排队时间好长，玩一个项目几分钟排队要排几十分钟…亲子票只能玩部分项目。激烈的项目亲子不能玩！,/Date(1436139830000+0800)/,0
241219036,很多项目都没开，服务员态度也差，游玩体验最差的一次，里面最好玩的地方应该是自己掏钱玩的游戏厅😂,/Date(1616379656000+0800)/,0
38992465,玩的项目挺多的，团购价格也便宜，过山车，大摆锤，激流勇进等太刺激了，下点小雨还可在室内玩，很好！,/Date(1439193343000+0800)/,0
8154749,1米4以下孩子能玩的不够刺激，户外项目好多项不开，4d影院的效果差，总体还算可以，孩子玩得开心,/Date(1470530435000+0800)/,0
33312087,超大型的室内主题公园，里面游玩的设施很多，基本上能玩的都玩了，除了个别身高不符合要求的就没完了,/Date(1435117185000+0800)/,0
17949713,因为南京只有这一家游乐场，所以只有去这。。当天十点多到的，下午一点多就走了，实在是没东西玩。除了那三四个刺激点的其他的都是小孩子玩的，早知道就买那可以玩几种的60票了，失望。,/Date(1400163931000+0800)/,0
13113846,携程预定很方便&#x20;拿票快不需要排队&#x20;就是希望价格能再低点就好&#x20;假期来玩人太多&#x20;基本排40分钟玩3分钟&#x20;哈哈,/Date(1399123242000+0800)/,0
43135286,桥北唯一的游乐广场，要求不高可以来玩玩，不过现在在装修，年底会重新开业。,/Date(1511059383000+0800)/,1
8514524,小孩玩的太少，收费相对有点高！！！！！！！！！！！！！！！！！！！！！！！！！！！！！！！,/Date(1434460814000+0800)/,0
24702020,江苏南京弘阳欢乐世界真的是很好玩，全家人都玩的很开心门票相比其他游乐园也不贵，总体不错。,/Date(1416750557000+0800)/,0
7368405,地方就在浦口，离家不远，所以就带小孩去玩了下。总体还是不错的，就是东西比较少也比较旧。,/Date(1471929457000+0800)/,0
37228918,总体来说是一次愉快的出行，里面东西很好玩很刺激，但游戏项目太少，希望可以增添一些项目！,/Date(1434075815000+0800)/,0
12020219,值得一玩，周围的购物餐饮配套也很完善，交通便利，带上孩子约上朋友度周末，是个不错的选择,/Date(1387889682000+0800)/,0
25147918,总得来说还是不错的，景区不大但是玩点比较全。,/Date(1416100713000+0800)/,0
61594736,还行吧，带孩子去的，项目不多，反正排队等，小孩子还是比较感兴趣的，里面稍微有点热。,/Date(1473082679000+0800)/,0
53308868,中等规模吗算是，因为项目有些没体验，不能以偏概全，就结合自己玩的几个项目，给80分,/Date(1465399302000+0800)/,0
100115772,玩的内容挺好的，就是时间短，没玩几个项目，以后有机会还会带小孩去。。。。。。。。。,/Date(1439184405000+0800)/,0
17878624,到对面商业中心客服处可以领一张半价券，后来去果然领到了，玩的果壳里半价75，真划算,/Date(1414633334000+0800)/,0
2382996,南京弘阳欢乐世界游玩的项目挺多的，人也非常多的，附近还有好多美食。下次可以再来。,/Date(1403152413000+0800)/,0
14284500,南京的游乐场，里面有很多的游乐设施，休息的时候就来这里玩儿，尤其是摩天轮很好玩,/Date(1392535896000+0800)/,0
1125043,里面项目比较多，而且挺好玩的，相对来说人不是特别多，所以玩的还算尽兴，还不错的,/Date(1392181737000+0800)/,0
288591460,没什么好说的&#x20;&#x20;&#x20;&#x20;200亲子票就玩几样&#x20;&#x20;&#x20;其他都要另外收费&#x20;&#x20;&#x20;&#x20;&#x20;&#x20;&#x20;不如直接进来玩收费的&#x20;&#x20;&#x20;套个毛票,/Date(1605685712000+0800)/,0
86596328,家里孩子太小，好多限制身高的都不能做,/Date(1540639188000+0800)/,2
5499243,跟大部分游乐场差不多，一些差不多的游乐设施，小朋友会喜欢。有些设施有点旧了。,/Date(1392182377000+0800)/,0
190888301,还可以，吃的东西挺多的，不过游乐场和我小时候玩的不一样了感觉少了一些项目,/Date(1533972238000+0800)/,0
21830921,地方小。不如一般游乐场大。可玩性不大好。基本没什么人。不过摩天轮挺大的。,/Date(1409237136000+0800)/,0
266833114,可玩性低，性价比低，有待改进，VR都玩不起来，室内基本联营&#x20;买套票不划算,/Date(1614322208000+0800)/,0
76569097,体验不佳，可玩性低，性价比低，&#x0A;收费项目占到了一半，里面就像个大农贸市场，好多摊位租出去另外再收费挣钱！钓金鱼30，气垫加海洋球搭积木39，攀爬80……,/Date(1596930807000+0800)/,0
15971844,项目还蛮多的，很适合孩子们去玩，父母累了的话，附近也有吃喝看电影的地方,/Date(1396597632000+0800)/,0
14784733,很适合小朋友玩耍，爸爸妈妈陪着小朋友一起也很好，过山车适合大一点的孩子,/Date(1396591738000+0800)/,0
10509679,在南京算是比较大型的娱乐活动的场所了，可能名气不如像恐龙园，欢乐谷来的响，但是老实说内部设施各方面还算齐全，游玩的项目也挺多的不算很少，只能说还可以吧,/Date(1390196221000+0800)/,0
10352641,大型的游乐场，和其他地方的都差不多，人也不是特别的多，这是最大的优点了,/Date(1384934381000+0800)/,0
108806229,项目比较少，肯定没法跟欢乐谷的比。而且没有80的票，但是携程还没更换。,/Date(1383491523000+0800)/,0
24406846,这里面是非常好玩的，很多人来这里娱乐，整体上市非常不错的，来过几次。,/Date(1415423733000+0800)/,0
1967998,朋友和带孩子来的最多，环境也很不错的感觉，可以到这里玩玩，建议自驾。,/Date(1397391716000+0800)/,0
24360420,好玩，团购很便宜，南京周边的可以试试。附近的小吃也还好，价格公道。,/Date(1417662294000+0800)/,0
12636363,分室内游乐场和室外游乐设施两部分，最抢眼的就是摩天轮。价格略贵。,/Date(1404178364000+0800)/,0
11950746,主要是购物广场，有大洋百货，还有弘扬欢乐世界，主要是给小孩玩的。,/Date(1399610323000+0800)/,0
17064992,温泉种类繁多！就是池子有点小！娱乐设施太少了！泡完就没得干了……,/Date(1398934924000+0800)/,0
2280019,有百货大楼，电影院，还有小游乐场，值得一玩,/Date(1472343826000+0800)/,1
13701815,还不错，挺好玩的！周末人更多，更热闹些，但排队的时间也会更长！,/Date(1404568308000+0800)/,0
19079406,整体来说还不错，就是有时候人有点多，平时消遣一下还是不错的,/Date(1404134445000+0800)/,0
74343298,儿童乐园，适合周末带小朋友去，美中不足就是周末附近会堵车,/Date(1534912178000+0800)/,0
43889373,小孩去玩的比较好，成年人觉得不够刺激,/Date(1476496339000+0800)/,5
744967,超大型游乐场，游艺项目很多，价格偏高，没什么与众不同的。,/Date(1393250723000+0800)/,0
582483,跟一般的大型游乐场有一点不一样，可以单项买票，不用买大门票一票制，外面有一些惊险的游戏，但总体地方不是很大，旁边有大洋百货，弘阳广场。,/Date(1395150062000+0800)/,0
36150663,果壳里服务和项目都是值回票价的。弘扬欢乐世界的项目太少，只能说是商业街边的附属设施，而且孩子太小除了摩天轮可以玩其他都有身高限制。,/Date(1452518016000+0800)/,0
116529,超大型的室内主题公园，里面游玩的设施很多，各式各样的娱乐。一般周末来这边的人很多，可以玩的很尽兴。但是个人觉得吧还是比较适合小孩子,/Date(1431242364000+0800)/,0
156283261,可玩性低，性价比低，景色一般，有待改进，相当不推荐，所谓的畅玩票，里面大部分需要二次掏钱，这么贵就没几个能玩的，还不如单个买呢。,/Date(1613443873000+0800)/,0
21504914,挺不错的，不需要门票，比较适合家长带小朋友过去玩,/Date(1408621371000+0800)/,0
202568722,有的项目人不多，有的人多，还行吧。里面设施挺好,/Date(1541943876000+0800)/,0
20173629,带小朋友玩不错，配套挺好，有吃有玩，环境不错。,/Date(1414207607000+0800)/,0
6610356,人比较少，不用排队，不过适合小孩子玩的东西较多,/Date(1398916096000+0800)/,0
6610356,人比较少，不用排队，不过适合小孩子玩的东西较多,/Date(1398090457000+0800)/,0
424368,真心不错，游玩项目很多，适合8岁以上的小盆友,/Date(1399888380000+0800)/,0
7231364,还不错！1.3-1.4米&#x20;小朋友最适合去玩！,/Date(1530517316000+0800)/,0
36172604,小孩玩，大人陪还要钱。很多地方陪是不要钱的,/Date(1436100682000+0800)/,0
17470583,小朋友比较喜欢，适合双休日全家一起去玩玩。,/Date(1399419049000+0800)/,0
281512849,性价比低，可玩性低，有待改进，景色一般，,/Date(1620131264000+0800)/,0
274113172,差评。各种小孩不给玩。说一票通又单独项目,/Date(1598159900000+0800)/,0
49574313,弘扬这个未来世界越来越差了，是体验感最差的一个游乐园店，买个亲子套票压根就没几个能玩的项目，之前含在套票里面项目，全部改成另外收费了，那你们里面还标什么未来世界的牌子啊，明明之前一起的，把孩子感兴趣项目都标成单独收费，弘扬的游乐园真是为了挣钱脸都不要了，随意更改,/Date(1559963904000+0800)/,6
798784,人太多，有点破旧感，不过周边吃饭特别方便,/Date(1557304817000+0800)/,0
28113920,完全失望，地方很小，玩的设备也很少，而且最让人无语的事，我们周四去的，居然所有游乐设施都是规定时间开的，哪怕是人都坐满了也要等到他规定的时间才开。这样也就算了，基本所有设备出发时间点都是一个，比如激流勇进和大摆锤都是11:15和11:45运作，要想两个都要就要多等30分钟，还真是第一次遇到像电影院一样排场次的公园。有的设备人少，干脆就挂牌子说检修，明明上午还让等时间,/Date(1434030925000+0800)/,28
12979721,不错的啦，小朋友玩的很开心！整体都还不错,/Date(1412104130000+0800)/,0
4801264,购年票比较划算，整体还不错，玩的东西多。,/Date(1409743173000+0800)/,0
7493896,弘阳欢乐世界比较适合小孩子玩耍，里面的有了设施都是一些相对平缓的，类似摇摇车、摩天轮之类的，要想找刺激估计是来错地方了。,/Date(1401169018000+0800)/,0
37952214,没怎么玩，就是一般的游乐场，没什么特色,/Date(1535548778000+0800)/,0
176078148,摩天轮还可以。跟女朋友坐挺浪漫的。,/Date(1553440250000+0800)/,0
46989325,地方好小，游乐设施也不多，最关键是里面的东西卖的好贵，死贵死贵的！！！游乐设施不大，一眼望去全是楼房工地，风景不好,/Date(1447326932000+0800)/,0
4171619,性价比一般，价格较高，趣味性一般,/Date(1504434125000+0800)/,0
6780928,很普遍的一个游乐场，在寸土寸金的地方搞个这个也不容易了&#x20;一般大，在桥北沿岸，当然和上海那些大欢乐世界比起来，太小了,/Date(1408348237000+0800)/,0
616804,孩子喜欢就是好，价格不是太实惠,/Date(1552438378000+0800)/,0
59980609,周末人较多，气氛不错，值得一玩,/Date(1466780056000+0800)/,0
2057144,比较类似上海的欢乐谷或锦江乐园&#x20;有不少游乐设施&#x20;不乏刺激的&#x20;名气比大响&#x20;因为没有什么故事&#x20;所以没有什么外地游客,/Date(1387415100000+0800)/,0
62776370,游乐场的比较小，去的时候几乎没有人，不过玩的还算开心，应该增加开机器的频率，不然真是是一直在排队啊。。。。,/Date(1454667836000+0800)/,0
7451284,有大大的摩天轮，在浦口最繁华的地方，算是非常好玩的游乐项目了，差点没把我的小心脏给颠出来，但是还是挺好玩的,/Date(1404736177000+0800)/,0
365841,很小的游乐场，票价却不便宜,/Date(1399692509000+0800)/,0
59916238,景区员工个别态度不是很好，游乐设施小孩玩的项目不是很多，玩的所有项目中只有海盗船刺激，小孩喜欢。,/Date(1467098965000+0800)/,0
90422616,里面很一般，不需要买票，随便出入，玩项目的时候才需要出示购买的手环(需提前到售票窗口兑换手环),/Date(1549676737000+0800)/,0
7394091,其实没什么好玩的，都是游乐设施，没什么风光，吵闹非凡。周围商场不少，还有电影院，钱不够啊。。。,/Date(1399353921000+0800)/,0
3530572,&#x09;里面有很多项目太刺激了，我下来的时候腿直接在发抖，发誓这辈子再也不玩这种项目了，太怕人了。,/Date(1392361346000+0800)/,0
517465,摩天轮还算壮观，就在路边，稍有点不上档次的感觉。,/Date(1505836512000+0800)/,2
15719246,没啥好玩的，适合带小朋友来玩玩，没其他的游乐场好玩，旁边有个大洋百货和新一城，有些吃的,/Date(1403711115000+0800)/,0
854318,限制太多，太杂乱，又是手环，又是卡，玩的时候还要刷卡，很麻烦，场馆里空调也不开。,/Date(1471023803000+0800)/,0
3535060,弘阳欢乐世界个人觉得还不错&#x20;娱乐项目挺多的，而且游客也比较多，携程购票也很方便,/Date(1405399040000+0800)/,0
199886200,大人不玩的话千万不要买票，直接进来就好，在旁边看着,/Date(1538635439000+0800)/,1
2066278,也算挺好玩的、就是节假日人太多了、需要排队很长时间、建议避开节假日过去,/Date(1403873650000+0800)/,0
17092564,游乐场不大，周末玩玩挺好。挺适合小朋友，成年人可能觉得有点不太刺激。,/Date(1400751703000+0800)/,0
83434895,摩天轮很好啊，离我家也很近，弘扬广场里吃的很多,/Date(1488024776000+0800)/,1
4857053,大型游乐园，项目还是很多的，但是通票价格太贵了，感觉不太值得。,/Date(1393074129000+0800)/,0
22674497,一个不错的室内空间，雨天去玩是最佳选择！,/Date(1534688333000+0800)/,1
3707067,去过哪里，还不错，当然比不上常州恐龙园和欢乐谷了，不过比较近,/Date(1403009031000+0800)/,0
13103911,场景挺粗躁的，两个12岁的小姑娘淡定地出来，说根本不吓人,/Date(1540217143000+0800)/,0
3491980,设施一般，摩天轮不能玩，4D电影太短，水太脏，有点失望,/Date(1375623542000+0800)/,0
174981158,吃喝玩乐，综合一般！商场多，周六周日交通特别拥挤！,/Date(1526682278000+0800)/,0
155740835,风景不怎么样。摩天轮设施很棒。时间大约20分钟,/Date(1556884040000+0800)/,0
3244332,可娱乐性一般，价格不便宜，小孩玩的东西比较多,/Date(1404607678000+0800)/,0
2523970,娱乐设施齐全，带着女友去玩特别开心。。喜欢,/Date(1397096192000+0800)/,0
191953570,买了通票很多项目都没办法玩，别的就还可以,/Date(1558583847000+0800)/,0
2487307,带孩子一玩玩，家门口的游乐场。还可以。,/Date(1500777956000+0800)/,0
1484428,很一般不值得推荐，我不喜欢。人太多。,/Date(1470609291000+0800)/,0
51158738,不怎么样贵的一逼给小孩玩玩也就！,/Date(1455600400000+0800)/,0
18023839,南京唯一一个大型项目众多的游乐场,/Date(1401181912000+0800)/,0
193027060,适合小孩玩，成人玩的比较少！！,/Date(1535285474000+0800)/,0
199188850,1米1以下宝宝没有多少能玩的项目，今天玩了7个项目，4个需要家长陪同，2个小朋友可以自己玩，都是20一个人，除了360幕布影院50一个人，其他真没啥玩，玩的几个项目钱和票价差不多了，携程好坑白天票价166，晚上就144,/Date(1563712287000+0800)/,0
65434962,玩的呢就那几个，差劲的是8点之前要退卡，卡是要押金的，给卡的时候不给说，过时就退不了，8点准时去退的，人家提前下班了，什么鬼啊，要你的卡有什么用啊，谁明天还专门跑一趟去啊！差评！！！去的人注意了，7点30就去退卡，不然就被坑！,/Date(1471050916000+0800)/,45
4012782,差的要命，人多要等理解，人少也要等！而且人都快坐满了，还让你等十分钟！还写的什么坐满一半就不用等，狗屁！不管座没坐满都等十分钟！不止十分钟，十分钟后那些工作人员才懒洋洋的去检查安全带，实际十几分钟后才开，耗时间磨洋工！图片上都坐这么多人了还不开！,/Date(1454643149000+0800)/,21
63911248,真的好贵的，一个摩天轮一圈五十，过山车一分钟五十，游乐园想钱想疯了。,/Date(1474064903000+0800)/,11
16125243,这几年带着小孩专游各式游乐场所，弘阳是最差的！买了票，很多项目都不开放，经营惨淡，人气不足，一个总共十几项的游乐设施，当天最起码五项不开放，我们不是亏很大？建议大家千万别去千万不要上当。,/Date(1545975761000+0800)/,1
67835870,这叼地方我真是够了，一开始看网上那么多不好的评论还以为是喷子，来了之后发现从服务台到售票员到服务员特么都什么态度，真特么花钱找气受，还有那么多没法玩，这一天简直了，像我买淘宝都是好评的你们看着办吧，有一句假话我就是傻逼，,/Date(1472893723000+0800)/,38
98172480,一般，就是室内游乐园，其实也没多少人玩，项目也没太多意思,/Date(1573816862000+0800)/,0
37256865,不想说太多，一半的设施在维护，**的不如关门维护好了再开业，坑人嘛不是。想玩的考虑一下吧，不推荐,/Date(1561799687000+0800)/,2
2499308,差评，买了票，结果6个大项目都检修、停运，且订票时毫无告知！一共也没多少项目，剩余都是小宝宝玩的，六年的孩子们都觉得没意思。,/Date(1563605043000+0800)/,0
238215203,如果有成年人来的话，千万不要来，这里就是小孩子游乐园，很小，很烂,/Date(1566010379000+0800)/,1
250884690,实在是不咋地。说的是1.2米以下的不要票。可是不让玩。差评。,/Date(1573268823000+0800)/,0
152595778,节假日千万别开车去，花两百元一辆车就当去排队耗油的，车多但是也不限流，一直排队，坐小火车线路会有很多动物，早知道就不花钱买车票直接坐小火车了，自驾区域动物不放出来，放出来的也被管理人员驱赶不让接近。。。车辆体验极差！花钱买罪受！,/Date(1554508565000+0800)/,1
2499308,去了两次，重点几个项目不开，价格依旧不优惠，不值！,/Date(1567779691000+0800)/,0
210855516,很差很差很差！景区电话打爆都没人接，入口极其隐蔽，室外游乐设施只有几个，都没有开启，室内游乐设施都是供小孩子玩的，也都没有开启。没有人检票，没有人引导，一个工作人员都没有。随意穿行，灯火通明却像荒废了一样。跨越半个南京好不容易找到地方，真的是一脸懵逼。让我震惊的是网上还在正常售票，想钱想疯了吧？什么辣鸡玩意儿？,/Date(1547748609000+0800)/,2
8435356,那么多东西都是另外收费的，不好，有点坑,/Date(1570420942000+0800)/,0
47588834,如果就在附近的话可以去玩玩，如果隔得远就不值得跑一趟了，除了摩天轮没什么特色,/Date(1449881212000+0800)/,0
6485067,网上买的票有一个单独窗口拿票的，&#x20;超级烂&#x20;标记也不清晰&#x20;乱七八糟的&#x20;！好不容易排对排到了说手环没有了，又要等半天，&#x20;不建议玩，性价比低,/Date(1553908388000+0800)/,4
161377220,买的夜游票，给娃买的票，90身高，想着玩摩天轮，没有想到19点不到就关闭了，说好的21点关闭呢，也不提前通知一下，太不值得了,/Date(1539328011000+0800)/,0
120974443,票是提前网上买的，结果当天下小雨，去了以后才知道户外项目都不开放，结果售票处不给退门票，钱都浪费了，啥也没玩。门票就是个纸做的手环，没有任何纪念价值。建议去大一点的游乐园，银杏湖，珍珠泉，都挺好的。,/Date(1545754734000+0800)/,0
1530368,位于浦口，离大桥不远，周边是建材市场，是个大型游乐场，主要是照顾江北人民的，也仅此而已。,/Date(1393343899000+0800)/,1
22514418,一塌糊涂！还畅享票，比其他平台贵了好些不说，到了才发现根本就没有几个可以玩的，基本每个都是要额外收费的，就几个不用另外付费的项目排队全部要一两个小时以上！最后基本没玩，简直就是超级巨坑！,/Date(1556780123000+0800)/,0
30769145,花了几百元买了门票发现根本不需要门票就可以进去！免费项目跟门票价值相差太远！大都是自费项目！携程承接这个门票简直对消费者不负责任！希望你们能给消费者一个合理的说法,/Date(1554536930000+0800)/,0
176530189,携程门票用不了，打电话给客服，居然给我个电话号码叫我自己联系，果断卸载携程,/Date(1537759875000+0800)/,4
109231446,项目总体来说很不错，但是某些工作人员态度恶劣，特别是幸福摩天轮,/Date(1536995465000+0800)/,0
19221199,特别是买票服务员的态度，一副爱理不理，像我们欠他钱一样,/Date(1403962448000+0800)/,0
4808862,人太多，吃饭排队2小时，小朋友玩得地方还可以,/Date(1425795168000+0800)/,0
2925261,好多都私人承包了，玩不了了体验极差。骗人的弘阳再也不会再来了，,/Date(1548039865000+0800)/,1
