68906492,春节后南京迎来一场大雪，雪停后第二天立马来到了朝天宫。因为气温不够低，雪基本化的差不多了，虽然积雪不多，但朝天宫仍然是别有一番风韵。不少姑娘穿着古装来拍美照，有种穿越回古代的错觉，雪落下的声音的bgm似乎在耳边循环播放。另外就是虎年特展非常值得一去，陈列了许多与虎有关的文物和工艺品。,/Date(1653125725000+0800)/,0
84141970,朝天宫&#x20;|&#x20;600年银杏&amp;南京最美赏秋&#x0A;&#x0A;—&#x20;—&#x20;—&#x20;—🍁南京赏秋地&amp;朝天宫🍁—&#x20;—&#x20;—&#x20;—&#x0A;-&#x0A;“秋天一到，南京就变成了金陵。”今天和大家分享的南京赏秋地是历史悠久的朝天宫。&#x0A;-&#x0A;这里曾是乾隆六下江南，先后五次登临游览的朝天宫，每次都会提诗寄兴。素有“金陵第一胜迹”的美誉。&#x0A;-&#x0A;景点介绍🌈:&#x0A;1️⃣朝天宫是江南地区现存建筑等级最高、规模最大、保存最为完整的明清官式古建筑群落。&#x0A;2⃣️朝天宫之名，由明太祖朱元璋下诏御赐，取“朝拜上天”、“朝见天子”之意。&#x0A;3⃣️朝天宫二进院内的东南隅一角的银杏树，相传是明太祖朱元璋亲手种植的，至今已经600多年了。后来曾国藩重修朝天宫，将这棵树定立在文昌阁，重新确定了朝天宫今日的格局，“一座朝天宫，半部南都史。”&#x0A;-&#x0A;拍照指数⭐️⭐️⭐️⭐️⭐️:&#x0A;️☑️&#x20;秋日银杏的金色与黄釉琉璃瓦的金色，整个朱红古色的墙壁，彻底地营造在铺天盖地的金色氛围之中，简直让人沉醉其中。&#x0A;☑️&#x20;宫内，一棵棵银杏与一幢幢古建筑既相依为伴，也相得益彰，更相映成趣。落叶不扫铺满地，形成了“黄金毯。”&#x0A;☑️往后面走，后院的徽派亭阁，小池岩石，青砖白墙，还有一片竹林，在阳光照射下，形成一片片光影。&#x0A;-&#x0A;如果你错过了春天的玉兰花盛开，千万不要再错过着披着金甲的银杏啦~&#x0A;-&#x0A;游玩攻略🚥&#x0A;景点名称⛩:朝天宫&#x0A;门&#x20;&#x20;&#x20;&#x20;&#x20;&#x20;&#x20;票🎫:25元(学生半价👨‍🎓)&#x0A;地&#x20;&#x20;&#x20;&#x20;&#x20;&#x20;&#x20;铁🚇:1号线张府园3口&#x20;步行800米左右&#x0A;时&#x20;&#x20;&#x20;&#x20;&#x20;&#x20;&#x20;间⏱:9:00~~18:00&#x0A;-&#x0A;敲黑板💥:&#x0A;需要预约&#x20;佩戴口罩&#x20;有序观赏&#x0A;周1⃣️闭馆，不要跑🈳️了。&#x0A;银杏最佳的观赏期在每年的11🈷️中旬左右。&#x0A;玉兰花最佳观赏期在每年2⃣️到3⃣️月份左右。,/Date(1638231800000+0800)/,2
205479826,朝天宫是依山而建，整组建筑分为三列，当中是文庙，东侧为江宁府学，西侧为卞壶祠，此外还有棂星门、大成殿、敬一亭、飞天阁等景点。雨中的朝天宫，草木茂盛，繁花点点，别有一番景致。,/Date(1651803358000+0800)/,0
261022220,朝天宫位于南京市秦淮区朝天宫街道水西门内冶山，是江南规模最大、保存最为完好的一组古建筑群，现为南京市博物馆。南朝时曾为总明观太学所在地，明朝时为朝廷举行盛典前练习礼仪的场所，也是官僚子弟袭封和文武官员学习朝见天子的地方。清代以前建造的朝天宫毁于太平天国战乱期间,/Date(1640402065000+0800)/,0
335218059,不同于夫子庙，鸡鸣寺（这些都是重建的）朝天宫是真正的明清建筑，岁月的痕迹是仿古建筑无法仿制的。,/Date(1639316444000+0800)/,0
1530368,曾国藩没想到这曾经庄严的江宁府学的台阶已成为市井百姓欢乐的场所。,/Date(1647517577000+0800)/,4
3667600,朝天宫，同时也是南京市博物馆。&#x0A;⚠️首先要区分南京博物馆、和南京博物院是有区别的。接下来，由我来带你们走进南京市博物馆——“朝天宫”。&#x0A;📖首先为大家科普一下：&#x0A;“朝天宫”是江南地区现存建筑等级最高、面积最大、保存最完整的古建筑群，朝天宫之名，系明太祖朱元璋下诏御赐，取“朝拜上天”，“朝见天子”之意，现为南京市博物馆。朝天宫其历史可以上溯至春秋时期吴王夫差修筑的冶城，现已列为全国重点文物保护单位，国家AAAA级旅游景区。&#x0A;“一座朝天宫，半步南都史”&#x0A;💕在南京的繁华中，都市内一墙之隔内的博物馆内，红墙黄瓦、高耸的红墙让人恍若隔世、犹如穿越。&#x0A;💕回廊大殿、宫墙绵延，花墙环绕，四角魁首。每一处都有宫廷深深的历史感和古典韵味。&#x0A;💕馆内有多个展点，南京历史馆、历史主题馆，陈列着六朝古都的发展历程及文化历史的遗迹。&#x0A;💕了解一座城市，我认为去博物馆再适合不过了。虽然十一月已无玉兰点缀，精致的风景依旧惊喜满满。“朝天宫”——南京博物馆，强烈推荐各位小伙伴前往！！&#x0A;💕千年前的的工艺、瓷器、金簪玉镯，每一件都特别的精致，令人窒息，叹为观止！！&#x0A;‼️‼️另外，在通往园林的路上，有三只一摸一样的小黄猫，虽然可爱，切记不要触摸！我刚见到的时候被她的可爱吸引了，喵喵的围着我转圈，躺下后露出了肚子。在我摸的那一下，‼️却被抓了！！非常棒，22块钱的门票，升级了500块的疫苗，真是个难忘的记忆！！！虽然可爱，切记不要触摸！！！&#x0A;❤️开放时间：9：00——18：00（周一闭馆）&#x0A;🎫门票：25元&#x2F;每人&#x0A;祝大家玩得开心！！不懂再来问我！,/Date(1636248353000+0800)/,16
25063734,南京的标志景点&#x20;距离新街口的核心商圈并不是很远&#x20;&#x0A;古色古香的建筑本身就富有独特的帝王之地气质&#x20;&#x0A;也成为目前南京当地博物馆的所在地,/Date(1646957270000+0800)/,0
380398566,朝天宫，离新街口不远，步行二十分钟就可以到，最喜欢这里的古玩市场，有几家不错的书店，没事可以淘淘，说不定会有惊喜！,/Date(1645492994000+0800)/,0
119873434,秋天去的，超出预期，银杏树加红墙出片，拍照必去,/Date(1646663448000+0800)/,0
17677830,号称：南京的小故宫，真的太适合古装造型拍摄，出片率最高！,/Date(1640133178000+0800)/,1
204191553,是江南地区保存建筑等级最高、规模最大、保存最为完好的明清官式古建筑群落。,/Date(1650071775000+0800)/,0
17677830,去不了北京故宫，就来南京小故宫吧！最适合拍照的地方,/Date(1638678189000+0800)/,1
251304619,很适合周末和朋友们一起来呀，度过一个快乐周末！也推荐大家来呀,/Date(1646583589000+0800)/,0
6508139,朝天宫是当地的著名旅游景点之一，来这里逛逛旅游一定不虚此行。,/Date(1646569695000+0800)/,0
9192335,朝天宫地理位置优越，历史文化气息浓厚，值得一去！,/Date(1647511957000+0800)/,0
261885618,整个逛下来感觉还可以，建筑形式优美，特展馆里展示了感应舍利，学习了！,/Date(1648185653000+0800)/,0
32455571,秋天的树叶很美，适合拍婚纱照！,/Date(1646299131000+0800)/,0
34198346,里面有南京博物馆，内容很不错而且人不多,/Date(1642638380000+0800)/,1
150229210,名胜古迹！！！！！！！！！！！！！！！！！！！,/Date(1639698205000+0800)/,0
322729257,每天在这边锻练，环境优美，还，有人文历史可看,/Date(1641178418000+0800)/,0
172691427,非常值得回忆的地方，到了十月，还有桂花飘香,/Date(1639181027000+0800)/,0
32455571,还可以，里面有人拍婚纱照，风景还不错,/Date(1637767806000+0800)/,0
111187225,一个闹中取静的历史景点，离新街口近,/Date(1641425437000+0800)/,0
234919429,地理位置方便，环境不错，很适合游玩,/Date(1639956818000+0800)/,0
8877492,古玩市场的地方&#x20;秋天的景色不一样,/Date(1640761957000+0800)/,0
925679,南京朝天宫多次游览，这次觉得有大变化，已经今非昔比。没有了小店地摊，里外显得特别清爽。正在举办的《从南京到北京》明代精品文物展，还是很上档次的。展品是首都博物馆、南京博物院、南京博物总馆集中的，对喜爱明朝历史故事的人们很有吸引力。参观的人的确比较多。不过，不理解的是：为什么这样的博物馆为啥不免费？,/Date(1615120931000+0800)/,5
665074,很多人去南京都会错过朝天宫，相比其它景点，朝天宫可能并不算大景点，但如果有时间，十分推荐去看一看。&#x0A;&#x0A;首先，建筑本身就很好看，黄色绿色琉璃瓦在阳光的映衬下十分抢眼。也是很多当地人休闲的场所。&#x0A;&#x0A;其次，朝天宫分为免费区域和收费区域，收费区域是南京市博物馆，虽然照片数量不及南京博物院，但同样能了解南京城的历史和观赏精美的展品。,/Date(1617270535000+0800)/,3
11412046,公园比我印象中大不少，里面还有个博物馆，闲暇时逛逛不错的。,/Date(1642382915000+0800)/,0
16400977,这个是非常棒的博物馆，对南京的历史文化有全方位的介绍，喜欢历史的朋友可以看看，建筑很有特色，有山有水有林，前有照后有靠体现了古人智慧,/Date(1626767043000+0800)/,0
1530368,朝天宫现在是南京博物馆所在地，设有南京六朝、南京大明、南京民国等专业展厅，馆藏文物超过10万件，这里专注于天究南京的历史沿革、民俗。此来还是为花，玉兰花依然娇艳得开着，衬托着万仞宫墙，琉璃瓦屋面，穿越历史，来到现实的美丽。无论是曾有的威严，民众的欢乐，都化入了的花的世界，一花一世界。美是存在的，等待去发现。,/Date(1615688086000+0800)/,4
47068679,南京朝天宫，一个具有明清建筑风格的博物馆，一月初去的，那时候门票免费。面积不是很大，但还是值得一逛。正好遇到一个文物展览，在最里面，有很多各个古墓出土的文物，好多饰品，宝石，金簪、琉璃、绿琉璃、玛瑙、琥珀，特别精致，都看花眼了。,/Date(1614995342000+0800)/,2
13098922,朝天宫可以分为两大部分：南京市博物馆和几个大殿。江宁学府现在是办公用，不可参观。根据我的经验，几个大殿主要欣赏它们壮阔的气势，逛下来半小时足以。南京市博物馆分为四个区，大概两个小时。值得注意的是，虽然整个景区是晚上6点关门，但是博物馆以及服务中心却是五点关门，所以要租借讲解设备的同学要早点去，我当时4:20到的时候，服务中心已经不外借了。大家要引以为戒啊。,/Date(1483193787000+0800)/,31
16227099,我是2016年1月去的，因为金陵长干寺出土文物展已经撤展，门票从原来的60元降为了25元。朝天宫的几间大殿里都有展览，不一间间进去看容易错过。面朝大成殿，右手偏殿是游客中心，可免费拿旅游册子，免费租语音讲解器。面朝崇圣殿，左手边是南京博物馆，展品不如南京博物院精美，但若了解了展品背后的故事还是蛮有趣的，最棒的是二楼有个房间免费连续轮播《乌鸦与麻雀》这样的黑白老电影，三楼的玉堂佳器展大门比较隐蔽，里面有镇馆之宝。朝天宫外有很多爷爷奶奶与被子一起晒太阳，相比南京博物院的高大上，这里有一种接地气的人文氛围。,/Date(1452960328000+0800)/,18
6411957,没事可以逛一逛城市中心的地方,/Date(1638419180000+0800)/,0
39314105,朝天宫位于江苏省南京市秦淮区水西门内&#x20;是江南地区现存建筑等级最高&#x20;规模最大&#x20;保存最为完整的明清官式古建筑群落&#x20;素有金陵第一胜迹的美誉&#x20;南京市博物馆坐落其中,/Date(1612180214000+0800)/,3
1530368,南京博物馆（南京博物院在中山门里）一般指朝天宫那里，朝天宫位于南京城水西门内冶山，是江南规模最大、保存最为完好的一组古建筑群之一。&#x0A;现在朝天宫的主体建筑为棂星门、大成门、大成殿、崇圣殿，崇圣殿的一侧是南京市博物馆的主展厅。&#x0A;有道是“一座朝天宫，半部南都史”，此处又被称为“金陵第一胜地”，古迹掌故不胜数，然景致也是极佳的，秋日里600余年的银杏树金黄灿烂，而春日里，玉兰花开得正娇艳，衬着朝天宫的古建筑，风情别样。,/Date(1615436620000+0800)/,2
207555981,没啥看头，不过有很多新人拍照,/Date(1649096655000+0800)/,0
17677830,去不了北京故宫，就来南京的小故宫吧！出片率很高！意外碰到她们，经过她们同意！给她们拍了几张,/Date(1637151520000+0800)/,2
3848137,朝天宫位于&#x20;南京市秦淮区&#x20;水西门内，是江南地区现存建筑等级最高、规模最大、保存最为完整的明清官式古建筑群落&#x20;，素有“金陵第一胜迹”之美誉。朝天宫之名，由明太祖&#x20;朱元璋下诏御赐，取“朝拜上天”、“朝见天子”之意，是明代皇室贵族焚香祈福的道场和节庆前文武百官演习朝拜天子礼仪的场所，与&#x20;神乐观同为明朝最高等级的皇家道观。,/Date(1624495496000+0800)/,0
20093049,非常喜欢朝天宫，东西牌坊分别提有，道贯古今，德配天地。斜坡是我老婆小时候经常当做滑滑梯玩的，据她回忆，那个时候的条石，现在更光滑了。朝天宫是当年礼仪培训基地，以便晋见的时候不要失礼。里面的珍宝都是真的，我必须要好好学习一下。梅瓶，玉壶春瓶，冰裂纹，仔仔细细品，各种器型仔细观察，缠枝牡丹，折枝牡丹都学会了。留下深刻印象的是八仙酣畅图，只找到七个。不好意思只有请教保安，原来趴着一个。看样子我得来好几趟才行，太丰富了，赞不绝口。,/Date(1611557950000+0800)/,0
4644698,朝天宫也就是南京市博物馆，面积不是很大，25元门票，因为有一个免费的南京市博物院，来这里的人不多。从张府园地铁站出来大约走十几分钟就到了。&#x0A;展馆有三层楼，每层都可以走到外面的天台，房间里开暖气的时候有些闷，灯光昏暗，应该是保护文物吧。展品还是不错的，真品多于仿品，值得看看。&#x0A;银杏树是这里的特点，叶子黄的时候落下一片金黄，非常美。,/Date(1480556000000+0800)/,10
55998032,朝天宫之名，由明太祖朱元璋下诏御赐，取“朝拜上天”、“朝见天子”之意，没到银杏发黄的季节，金黄色的银杏与古朴的建筑相映成辉，错过就要等一年,/Date(1609232884000+0800)/,1
119927989,朝天宫相传是江南现存规模最大、保存最为完好的一组古建筑群。朝天宫现为南京市博物馆所在地。朝天宫现为南京市博物馆，有着很深的历史典故和意义。展示品中93年在汤山溶洞发现的南京猿人头鼻化石，是迄今发现最早的南京人的祖先，是很重大的发现。,/Date(1591095054000+0800)/,1
27664403,裡面很大，買票的地方可以拿導覽圖。裡面有好幾個臨時展廳。不過主要的東西都是在後面的龍盤虎踞那裡，講述南京城的歷史。那個竹林七賢的石碑非常坑爹，而且在林子裡，飛蟲很多。裡面大部分都是圖片展或者是個人作品展。,/Date(1493648163000+0800)/,5
255641464,博物馆里的部分展品，每3个月换一次，值得经常去参观参观，里面的宫殿式建筑值得一看，小公园里的红梅、二月兰、玉兰花都开了，也是早春踏青的好去处。总体超赞，性价比高，有趣好玩，景色不错，,/Date(1613641910000+0800)/,1
219376988,朝天宫位于南京市秦淮区水西门内，是江南地区现存建筑等级最高、规模最大、保存最为完整的明清官式古建筑群落，素有“金陵第一胜迹”之美誉。朝天宫之名，由明太祖朱元璋下诏御赐，取“朝拜上天”、“朝见天子”之意，是明代皇室贵族焚香祈福的道场和节庆前文武百官演习朝拜天子礼仪的场所，与神乐观同为明朝最高等级的皇家道观。,/Date(1622422445000+0800)/,0
272876669,朝天宫真的是爱了爱了，喜欢历史的这么可以去参观，五一的时候人也没有那么多，风景也不错里面参观的人也很自觉，都安静的参观，真的特别值得推荐，本来五一人多，特别容易感到烦躁，但参观完朝天宫真的治愈了我。手残，照片拍的不好,/Date(1620129256000+0800)/,0
669557,从玄武湖回酒店，从张府园地铁站出来路上经过朝天宫，当时已经四点十分了，见朝天宫大门来开着，就进去转了一会进门后是一个很大的院子，院子北边坐北朝南的是棂星门，南边朱红色的万仞宫墙下面是半圆形的泮池，院子东西两侧牌坊上面写着“德配天地”和“学贯古今”，是曾国蕃亲笔手书。到了第一进院子的棂星门，台阶下面有两个石狮子，门前门后各有四个，其中门前最左边的狮子好像腿都断了。每个位置的狮子表情、动作和所带的物品都不一样。进了棂星门内，长长的院子内左右是两排厢房，最北端是二进院子的主殿“大成门”，通往大成殿的甬道上立着孔子行教像，院内不是有穿汉服的青年女子在走路或拍照。来到大成门下，这里有验票的工作人员了，里面就是崇圣殿了。从这里折返回去，看到刚才登的棂天门下的台阶上有许多家长带着小朋友在玩滑梯，把台阶左右两侧往下有个斜面的石台阶磨的铮亮。出了景区大门，继续往酒店方向走，外面南侧红墙上写“万仞宫墙”，外面的广场上许多家长孩子老人在休憩。,/Date(1618073354000+0800)/,0
1325294,人少、景美、底蕴深的好地方。里面的展馆展品非常值得看！我是周五下午去的，这天免票，一只逛到展馆清场，意犹未尽......,/Date(1591966488000+0800)/,0
266155660,受疫情影响，目前只免费开放室外，红墙建筑感觉很有皇城根的旧貌，毕竟这里曾经是朝拜天子的地方吧！入门有孔子雕塑，室内展馆等开放后可以来参观。,/Date(1596552006000+0800)/,1
47039320,很值得去，刚开始还以为就是一般的寺庙、宫殿什么的，进去之后才发现还有一个展览馆，进去的时候还看见好几对在那里拍结婚照的，总的来说是一个值得一去的地方,/Date(1625480464000+0800)/,0
156243115,历史悠久，值得一观！环境幽雅，又不少的历史文物，下次再去好好看看！,/Date(1624791735000+0800)/,0
179075834,朝天宫，南京，南京市博物馆，位于秦淮区冶山附近，南京市博物院是位于中山门的哦，朝天宫是安静的，游客不多，但风景美，特别是樱花开的季节，一片宫墙颇有故宫的味道&#x0A;【景色】&#x0A;【趣味】&#x0A;【性价比】,/Date(1616767473000+0800)/,0
228217864,里面还不错&#x20;跟南京博物院相比东西少很多，不过人也少很多啊&#x20;朝天宫加博物馆展览，中规中矩吧，我们计划的时间还比较充裕，慢慢看还是很有意思的，值得推荐，如果时间很紧的话看了南京博物院可以不看这里，有时间的话慢慢看还是有不少好东西，还有很多在那里拍古装的，很上相,/Date(1601313571000+0800)/,2
94144056,个人第一次去朝天宫，感觉还不错，票价也不会贵，景区没太多人，游玩很舒适，大成殿没开放，这里连同南京市博物馆，有很多南京本地出土文物，我个人比较喜欢瓷器，尤其是萧何月下追韩信，太漂亮了！黄色琉璃瓦衬托红墙，很有故宫的感觉！,/Date(1573201098000+0800)/,14
16010670,悠久历史。故宫文物南迁时，就把部分文物藏在朝天宫下，被日本霸占朝天宫，经过记者爆出后，朝天宫的文物从此曝光，从而使得日本不敢霸占文物……这是一段历史,/Date(1632810443000+0800)/,0
41240975,金秋时节强烈推荐！美丽的银杏树，网红宫强，都是拍照打卡的好地方！看完室外美景还可以看看历史博物馆！附近还有安乐园可以品尝美食！,/Date(1603629479000+0800)/,1
202294644,很不错，朝天宫其实也是一个博物馆，真的挺不错的，好看不错好看,/Date(1624348021000+0800)/,0
104383077,俄去过。好象这里还有国军烈士记念馆&#x0A;【趣味】&#x0A;【景色】&#x0A;【性价比】,/Date(1621669758000+0800)/,0
184173639,非常好的地方，明朝皇帝敬天的地方，古代仪式感很强，现在是南京的地方古代皇宫特色，古老的建筑现在还有一部分保留，其它的都是翻新后建的。,/Date(1621520180000+0800)/,0
1822155,朝天宫位于南京市秦淮区水西门内，是江南地区现存建筑等级最高、规模最大、保存最为完整的明清官式古建筑群落[26]，素有“金陵第一胜迹”之美誉。朝天宫之名，由明太祖朱元璋下诏御赐，取“朝拜上天”、“朝见天子”之意，是明代皇室贵族焚香祈福的道场和节庆前文武百官演习朝拜天子礼仪的场所，与神乐观同为明朝最高等级的皇家道观。,/Date(1620044610000+0800)/,0
23657052,每去一次都有新收获～朝天宫值得一去再去～1420从南京到北京，这个展览实在太好了！明朝的百姓们真的很伟大！,/Date(1616941861000+0800)/,0
30609814,南京本土，特色历史的文化传承，保护很好超赞👍👍👍👍👍👍👍👍👍👍👍👍👍👍👍👍👍👍👍👍👍👍👍👍👍👍👍👍👍👍👍👍👍👍👍👍👍👍👍👍👍👍👍👍👍👍👍👍👍👍👍👍👍👍👍👍👍👍👍👍👍👍👍👍👍👍👍👍👍👍👍👍👍👍👍👍👍👍👍👍👍👍👍👍👍👍👍👍👍👍👍👍👍👍👍👍👍👍👍👍👍,/Date(1608576154000+0800)/,1
1096133,虽然不如南京博物院展品多，但也算是小而精了。带着孩子仔仔细细的一路参观下来，竟然也用了两个多小时。,/Date(1598167616000+0800)/,0
233058402,曾国藩所题，“德配天地”匾额的四个字竟然错了两个，“德”字右半部中间缺少一横，而“配”字的酉字里却多了一横。曾国藩认为：为人一定要谦虚，任何人都不能说自己道高德馨，因此他故意将德字中的一横写进配字里面去，以此激励年轻人要永远保持谦虚谨慎。,/Date(1609972880000+0800)/,0
97120735,朝天宫，比我想象的要大。一直想找时间好好了解南京的文化历史，不然真的不好意思说自己在南京带过四年。南京是六朝古都，但昨天，我才真正知道是哪六朝，东吴（三国）、东晋、宋齐梁陈（南朝，上接魏晋，下启隋唐）。&#x0A;突然感觉很奇妙，自己离历史名城如此之近。朝天宫康熙来两次，乾隆为其题诗六次，王羲之谢安、后主李煜、李白、陆游、文天祥等名人都来过此地，我敲的青铜钟，是清朝文物，不知经过300年，钟声是否依旧，我听到的钟声，和皇帝、古人听到的是否一样。我踏过的砖石所在的这片土地，这么多闻名的古人也曾经经过，这是多么奇妙的体验。朝天宫不仅是理解南京历史的很好的博物馆，更是不可多得的明清建筑群，建筑异常精美，尤其是屋顶，黄绿相间的琉璃瓦在灿烂的阳光下泛着剔透的光芒，煞是好看，实在是不可多得的的美景，很值得一去。间或有明清文物展出，其中清代金饰品很是精致，做工十分精美。还有扇面书画展，字画很美，有独特的东方韵致。,/Date(1561542636000+0800)/,6
204191553,是江南地区现存等级最高、规模最大、保存最为完整的明清官式古建筑群。,/Date(1625125202000+0800)/,0
85717266,很多人忽视的南京博物馆之一，带着历史去学习参观，还是很不错的,/Date(1608822440000+0800)/,0
177430307,去的时候朝天宫的宫殿在维修，啥也没看到。好在里面还有个博物馆，可以了解南京的前世今生。里面的建筑还是很有特色的，红墙绿瓦很适合打卡拍照。,/Date(1624786836000+0800)/,0
1122301,这里是南京的根，历史可以追溯到三国时期吴国建都开始。,/Date(1635248301000+0800)/,0
23117969,入园很方便，有历史韵味又很适合随意摆拍的好去处~,/Date(1590915141000+0800)/,0
56457406,就在我预订的酒店附近，明式建筑。有评论说像故宫，其实是故宫像朝天宫。朝天宫，顾名思义，是晋见天子之前停留学习礼仪的地方。宫殿所在地区历史悠久，还有吴王夫差的痕迹哦。,/Date(1604930188000+0800)/,0
226194292,非常不错，值得去玩，下次有时间了还会来玩的,/Date(1635531799000+0800)/,0
120714696,第一次给差评，体验感极差，首先，医务人员免政策早就没有了，你还写在公告上误导消费者，现场买比预定还贵，其次，地方极小，很多地方在维修，有的场馆也不开，不拍照半个小时就能出来，除了几个网红点拍拍照真没啥可看的。。。,/Date(1647186416000+0800)/,0
1112839,不用花多少钱，可以找到不少有趣的玩意儿。,/Date(1634277681000+0800)/,0
65749477,一般般，没有重量级展品，人比较少，可以休闲游，如果没订单南京博物院的票，***，不值得专门过来看！！！！！！！！！！,/Date(1626447073000+0800)/,0
163949107,朝天宫作为江南保存比较完整的古代建筑，很有历史底蕴和人文故事，这里的人相对来说较少，原来管理比较混乱，但现在管理很好，没事的时候带孩子来转转，还是挺不错的选择。,/Date(1599119784000+0800)/,0
114212517,朝天宫位于南京市秦淮区朝天宫街道水西门内冶山，是江南地区现存建筑等级最高、面积最大、保存最完整的古建筑群。朝天宫之名，是明太祖朱元璋下诏御赐，取“朝拜上天”、“朝见天子”之意。&#x0A;朝天宫所在的冶山是春秋时期吴王夫差修筑的冶城所在地，是南京主城的发源地之一，之后历经沧桑，或为寺院、或为道观、或为学宫。明朝时期，朝天宫是朝廷举行盛典前练习礼仪的场所，以及官僚子弟袭封前学习朝见天子礼仪的地方,/Date(1574870413000+0800)/,4
108167947,广场夜里还是比较热闹的，老人小孩都蛮多,/Date(1635931261000+0800)/,0
1517218,一个不大的景区，也算别致，可以看看。,/Date(1624118363000+0800)/,0
85153707,南京市博物馆，小而精，里面没有乾坤。,/Date(1623633356000+0800)/,0
166892899,人少，小众景点，很美。真正的明建筑。,/Date(1605936663000+0800)/,0
9192335,周一闭馆，其它时间免费！值得推荐！,/Date(1630593904000+0800)/,0
4581507,南京的繁华地带，很好，常来逛逛逛,/Date(1631547977000+0800)/,0
32405883,很漂亮的明朝建筑，有古玩可以看看,/Date(1631346194000+0800)/,0
3139624,安静，适合休息，历史典故，风景美，安静安安静安静，可以可以可以.........................,/Date(1627120708000+0800)/,0
108167947,古董比较密集的地方，想淘淘就逛逛,/Date(1625185384000+0800)/,0
203220895,博物馆的东西很丰富，如果仔细看的话，需要看很久，对于喜欢文艺知识的人来说，是一个不错的景点值得推荐，外面的景色也不错，古色古香的年代感，建筑物也很大气。,/Date(1603180393000+0800)/,0
34198346,非常好的景点，闹中取静的博物馆,/Date(1632977386000+0800)/,0
4911632,风格突出，静心之处，无怨无悔。,/Date(1623496250000+0800)/,0
8877492,南京的古玩市场交易所在地&#x20;不错,/Date(1632291470000+0800)/,0
8877492,很多的宝贝&#x20;古玩市场的地方&#x20;不错,/Date(1624235299000+0800)/,0
3017774,朝天宫也叫南京博物馆，注意是博物馆！！不是中山门那里的南京博物院，不要混淆哇，哈哈哈哈哈&#x0A;也是多年南京古玩交易的聚集地，不是很大，一会就可以逛完～,/Date(1609388950000+0800)/,0
286685724,现存明代建筑典范，故宫的&quot;祖宗&quot;。南京人儿时的味道，城南一带老人活动的场所，外地游人打卡的地方，传统文化传播的课堂。,/Date(1609979570000+0800)/,1
13887297,南京朝天宫规模较大，好像还是江南地区规模最大的古建筑群之一，有种小孔庙的感觉，我觉得这边算是南京本地为数不多保存完好的古迹了。,/Date(1602809304000+0800)/,0
40738956,六朝古都南京太多故事，文化底蕴很浓，小朋友还不太能理解，等大一些再带过来,/Date(1627633796000+0800)/,0
55347471,一个名气大，但人气小的景点，很多都是南京人自己回去游玩，景区内郁郁葱葱，推荐秋天和冬天去看看，一定不会失望。,/Date(1592317705000+0800)/,0
12803918,朝天宫是现存完整的明朝官式建筑群，现为博物馆，位于水西门内。游人不多，宫内安静，风景美，宫墙有故宫的感觉。,/Date(1617691659000+0800)/,0
1810546,总体超赞，景色不错，性价比高，在市区的景点，有时间可以穿汉服去拍照,/Date(1607391272000+0800)/,0
25129806,不值得，什么也没有，还收25元门票，真不值得，什么也没有，说什么有南京的博物馆，除了几张照片，一点点看不懂的实物，真没有什么好看点&#x0A;【性价比】,/Date(1641957459000+0800)/,0
35007977,南京行选择了朝天宫和附近的小吃。老城南才能代表南京！！！！！,/Date(1606221382000+0800)/,0
109670404,朝天宫最早给我印象是总有很多卖假冒文玩的集散地，当然现在这里管理很好，特别是疫情以来五月一日正式开放，可以刷苏康卡免费入园，当然作为博物馆室内的暂时没有开放，看看十二进古宅也不错！,/Date(1589115875000+0800)/,0
60020045,这处建筑群的规模相当庞大，整体的格局也非常考究。最外侧的城墙是淡淡的瓦红色，上方覆盖有浅黄色的瓦片。随着院落走势的变化，宫墙的高度也会有相应的调整和变化。在建筑和墙体连接的地方，会有灰褐色的石砖墙进行过渡，所有的痕迹都裸露在外。尤其是在圆形的雕窗处，除了周围积累下来的灰尘，上面的花纹依然非常清晰、漂亮。,/Date(1571762242000+0800)/,1
2101120,第二次来朝天宫了。真的很喜欢，这里来的人少，但品质绝对有保证。里面的市博物馆值得一去。宋明服饰展展品质量高，品相极好。这个馆不能拍照，保安管得很严，工作态度认真；再往里走，有个常规馆，还有个特展馆，这一次长沙窑让我过足了瘾，别忘了二楼还有一个馆，东西也很好。总之我喜欢市博物馆胜于南京博物院。,/Date(1566296641000+0800)/,1
61410549,人不多，内有南京市博物馆，知名度低于南京博物院门票，且因为门票收费，挡住了不少人。里面的很清静，标准孔庙的布局，空间很大，建筑华美，红墙黄瓦，气派非凡。南京市博物馆的展品也很好，东西很多，有南京人头骨化石，王、谢家族墓志等等，尤其是后来拐上二楼有一个精品展，展品很惊艳，内府款梅瓶，官窑、哥窑的瓷器，明代金镶玉白玉带板，花梨木桌椅，徐渭的画，还有几件我不太懂，但看起来感觉特别舒服的文物，是好东西。在一件大殿内，还有宋、明出土的丝织衣物，保存完好，有机物能保存这样，实在太珍贵了，同时展览的首饰也很漂亮。边看展览边和工作人员聊了一路，学了好多东西，受益匪浅。强烈推荐此处景点。遵守馆方规定，文物未拍照。唯一的遗憾，据工作人员说，萧何月下追韩信瓶和琥珀杯入库了，无缘一面。,/Date(1564838104000+0800)/,1
7137570,朝天宫景区是我当时很意外去的一个景点，但是走了以后发现特别特别的棒，虽然没有买门票到里面去，但是门外面的景色就已经足够了，很有日本的。枫叶系的感觉。这边的最大的特色就是银杏叶。和梧桐树当时那是11月底去的，因为是出差，住在那个新街口的父亲，然后早上大概还有一个小时要去机场，就信不看了，下酒店附近走路十多分钟，有朝天宫就走过去了，哇，满地的银杏叶，特别特别的漂亮，特别的美。,/Date(1561131658000+0800)/,1
19177328,当年文臣下轿武将下马等候入朝觐见皇上，如今是南京市博物馆,/Date(1630728811000+0800)/,0
40053412,南京位于新街口附近的一个热门景点，里面没有古玩市场，爱好古玩的朋友没事去逛逛会有意想不到的收获！,/Date(1601429570000+0800)/,0
39645527,南京博物管就在朝天宫里面，博物馆里面珍藏了很多珍贵的出土文物，让人了解过去的历史以及历史的发展过程。深受教育。朝天宫里面环境很好，很有一种霸气。孔子塑像更让人觉得儒雅风韵。,/Date(1602484378000+0800)/,0
83722338,没啥看头，公共院子里很多人在拍古装照片，需门票进入打是一个笑博物馆，藏品挺美的，但是跟南京博物馆比东西少了点，除此之外没啥好玩的。,/Date(1606117240000+0800)/,0
20145178,非常值得去参观的博物馆，还有古建筑，少有还在收费的博物馆，但是也有可取的地方，人少了很多,/Date(1591359959000+0800)/,0
65052559,蓝天碧瓦红墙，见证南京历史文化底蕴，占地面积七万，规模宏大气势宏伟，清代文化建筑群。里面可以游览一番，门票25元，推荐去吧！,/Date(1595577932000+0800)/,0
44485019,朝天宫在南京并不算大景点，免费区可玩性不是特别强，主要就是看看一些牌楼之类的，而南京博物馆为收费区，感觉参观的人不是很多。,/Date(1617376389000+0800)/,0
51661771,有底蕴的博物馆，人也不多，展品值得一看！,/Date(1635842209000+0800)/,0
10541493,体验很好，景色不错，有趣好玩，值得推荐，,/Date(1597276707000+0800)/,0
55567550,朝天宫，位于南京市秦淮区水西门内，是江南现存建筑等级最高、规模最大、保存最为完整的明清官式古建筑群落，有“金陵第一胜迹”美誉。朝天宫之名，由明太祖朱元璋下诏御赐，取“朝拜上天”、“朝见天子”之意，是明代皇室贵族焚香祈福的道场和节庆前文武百官演习朝拜天子礼仪的场所。,/Date(1584154218000+0800)/,0
208404215,这个时节朝天宫的银杏满树金黄，和典雅的建筑物特别相称。&#x0A;早上景区还没开门我就在外面等着了，当时人比较少，拍照取景好，等我中午出来的时候人已经很多了，光线也太亮了。一进门是对公众免费开放的，聚集了好多小朋友在门口的石阶上滑滑梯，石板都磨得光溜溜的。&#x0A;周末早上10点游客中心提供免费讲解，到了10点才发现等待的只有我一个，于是志愿者小姐姐就对我进行了一对一服务～通过她的讲解我了解到了朝天宫的历史价值，还看到了镇馆之宝。&#x0A;近期的临时展是源流，用99件文物来展示南京城，这也是一个非常有价值的展览。下午参观六朝博物馆，讲解员也常常提起朝天宫和源流展，颇有一种呼应的感觉。,/Date(1575853439000+0800)/,0
192399817,先在程上參考了網友的旅遊記述，決定前往此景點，提前一晚先在程上預定門票，非常方便。朝天宮是以前祭祠的地方，整體來說地方很大，而且人也不是很多，參觀非常舒適，因為連著南京博物館，現在正好有展覽，各展覽品充分展現江宁的歷史底藴，十分豐富，可以藉由展覽學到很多知識及歷史典故，貫穿古今，非常推薦的一個好景點。,/Date(1572099986000+0800)/,0
1818442,几乎每日路过散步之地。&#x0A;白天有白天的美丽，晚上有晚上的魅力！&#x0A;白天可进入南京博物馆内部慢慢欣赏各类名贵文物散发出来的动人心弦。&#x0A;晚间在红墙外欣赏大妈们错落有致的广场舞，孩子们的欢声笑语，大叔们的高谈阔论……✔&#x0A;一切祥和，万物生光辉。&#x0A;&#x0A;【景色】,/Date(1569607279000+0800)/,0
21881151,朝天宫是南京博物馆所在，以前是孔庙。&#x0A;号称这里很小众，所以就来了。&#x0A;八月份的南京，今年真算不上火炉，但大太阳下还是好热，赶紧躲进博物馆。&#x0A;不知道为什么那天特别累，在博物馆里走几步就坐下。&#x0A;最棒的展厅在最高层，都是精品。&#x0A;感觉南京有意思，这里好多是复制品真品在南京博物院，比如大报恩寺琉璃塔门。&#x0A;南京分一部分展品给南京博物院，一部分给六朝博物馆，一部分给南京博物馆。,/Date(1566813087000+0800)/,0
38035880,原定去博物院的，可惜没有预约到当天票，到了那里被告知预约满了明日再来。临时改变行程就选择了朝天宫。网上提前订票，到了那里才感觉选择是正确的。经过安检进入发现不一样的安静，游客不多。很多景点都在室内而且都有大空调。感受六朝古都的文人雅士在此的惬意。,/Date(1566694910000+0800)/,0
32455571,位于市区里面，下雨景色就一般般,/Date(1629812243000+0800)/,0
440327,风景非常好的一个地方，建筑很美,/Date(1628164180000+0800)/,0
22651745,离夫子庙很近，特别有历史的景点,/Date(1624502435000+0800)/,0
23657052,了解南京的历史，看到了很多惊喜,/Date(1595670244000+0800)/,0
21592908,朝天宫最早是春秋时期的冶城，一直延续到明朝的朝天宫，到民国是最高法院。,/Date(1595047613000+0800)/,0
64824289,地方不大，现在是南京市博物馆，保存完好的古建筑群,/Date(1601354321000+0800)/,1
14750800,【景色】江南第一大园可不是吹嘘的呢！风景如画，怡然自得！&#x0A;【趣味】还不错，亭台楼榭，景色雅致！&#x0A;【性价比】一般，感觉不收门票才合理！,/Date(1586706885000+0800)/,3
204191553,以前，是有名的古玩交易市场，时常有好货出现，几年前被整改取消了。,/Date(1610239540000+0800)/,0
20145178,非常喜欢，就在市中心，孔庙的建筑，南京博物院的收藏，只是要买门票,/Date(1604225203000+0800)/,0
13633124,来了很多次了，还可以的,/Date(1626425899000+0800)/,0
174873712,南京朝天宫是和南京博物馆在一起的，就博物馆一天也看不完。值得去体验。不过南京博物馆和博物院是二个地方。值得推荐，体验很好，,/Date(1598828837000+0800)/,1
56396607,南京博物馆在朝天宫，和南京博物院不是一回事。&#x0A;建筑体量也很大，门口的区域免费开放，第二进院落和展厅需要购票进入。&#x0A;镇馆之宝是萧何月下追韩信的梅瓶。,/Date(1565830786000+0800)/,2
218221212,朝天宫离新街口很近，其实是一个很有历史底蕴的地方，但是因为战乱还有没有重视的原因，一直没有很大的知名度。有免费参观地带，也有要买门票地段。,/Date(1576074615000+0800)/,0
70650443,内容丰富&#x20;景色优美,/Date(1625739846000+0800)/,0
239877309,明太祖的夙愿在今日得圆。虽去今未远，历史的气息依然流露。登临绝顶，极目远望，于楼之上俯瞰滚滚长江，远眺如虹的南京长江大桥，其喜洋洋者矣！,/Date(1616518684000+0800)/,0
190600184,原来的南京文庙和府学，这里有很多汉服活动，基本都是南京高校汉服联盟的人，几乎每所高校都有汉服社团。感觉比共青团还活跃,/Date(1612665473000+0800)/,1
48671846,南京总博物馆，非常大，很多奇珍异宝,/Date(1590958682000+0800)/,1
209787937,这地方去了两次，一次比一次漂亮。,/Date(1621786435000+0800)/,1
22252292,孩子去画画买票进去的，景色不错。,/Date(1603872990000+0800)/,1
34198346,市中心最好的景点之一，里面有市博物馆，建筑也很漂亮,/Date(1612532144000+0800)/,0
31911789,靠近新街口&#x20;&#x20;上海路地铁站出口出来&#x20;很热闹繁华&#x20;有文化气息,/Date(1607438618000+0800)/,0
210947171,很有历史韵味，景色也很漂亮，是个值得一去的好地方,/Date(1621925727000+0800)/,0
299484391,很棒的讲解员！！精彩！！！回味无穷啊！想下次再来,/Date(1611978546000+0800)/,0
6581115,挺好的，就是去里面要收费，要是全部免费参观就好了,/Date(1607357885000+0800)/,0
5562734,陪小朋友完成作业去的，有点小，人文历史文化较多,/Date(1595397907000+0800)/,0
4293177,非常值得推荐的南京特色景点，此景点意义非凡,/Date(1608192265000+0800)/,0
25943452,不错的，大家去看看，挺好的地方，喜欢就来吧,/Date(1597475101000+0800)/,0
13633124,体验很好，值得推荐，景色不错，交通便利，南京博物馆也在里面，里面有着很多珍贵的核心文物，朝天宫素有“金陵第一胜迹”之美誉,/Date(1602130978000+0800)/,0
115942555,非常棒，很有历史情怀的地方。&#x0A;^_^^_^,/Date(1597847352000+0800)/,0
167436650,环境不错，里面的文物数量也挺多。虽然没有南京博物馆大，但是也值得一来。朝天宫逛完基本上一个多小时，后面还有一个小园林。,/Date(1604133440000+0800)/,0
4372276,可以的，闹中取静一个好地方，值得一去,/Date(1619862738000+0800)/,0
440327,一个冷门景点，风景很好，银杏让人惊艳,/Date(1612275325000+0800)/,0
226861734,是江南最大、保存最为完好的古建筑。,/Date(1621491802000+0800)/,0
63386832,适合过来散散步，感受一下历史的气质,/Date(1615995478000+0800)/,0
20145178,又是孔庙又是南京博物院，非常有文化,/Date(1612277204000+0800)/,0
440327,景色非常好，建筑非常漂亮，值得一去,/Date(1604318306000+0800)/,0
108167947,带着小孩玩的一个好地方（老地方）,/Date(1615346432000+0800)/,0
79858357,很有历史感的地方，面积不是太大。,/Date(1610344384000+0800)/,0
470614,南京人文景点，古玩非常多！！！！,/Date(1609035296000+0800)/,0
269815804,历史悠久，景色可赏，观景学史！,/Date(1617813544000+0800)/,0
234919429,挺好看的一个景点，经常去逛逛啊,/Date(1610325984000+0800)/,0
108167947,各方面都还不错，感觉蛮好的哦。,/Date(1606305595000+0800)/,0
35374203,一般般吧，除了大门口看着爽，里面一般般，在大金陵不算顶级景区,/Date(1628085381000+0800)/,0
245854736,秋天的南京太美啦，值得一去噢！游玩时间不长，但是可以多多拍照,/Date(1607996633000+0800)/,0
1531033,现场买门票成人一张25元，儿童免票，60-70老人半票，携程23元，不过还是要到售票亭扫码兑换票子，不能直接扫码入场，有点不方便。70岁以上和所有带学生证，献血证，军官证等等可以免票。之前不知道，否则我也带献血证啦。,/Date(1570324831000+0800)/,1
43934348,以前是个假货横行的古玩市场，现在好点了，如果要门票就不值了,/Date(1625727380000+0800)/,0
180727674,值得信赖的朋友都可以接受的哦。很棒哦。值得关注➕。好评满满正能量爆棚。,/Date(1601389543000+0800)/,1
109371637,整体感觉很不错，让人放松的好去处。适合散心,/Date(1627458035000+0800)/,0
220026665,南京非常出名的地方，建筑非常的独特和漂亮，交通也非常方便，来南京的话一定要来看看。,/Date(1599964237000+0800)/,0
69521176,孩子学到不少知识，之前没想去，但来到朝天宫以后，还是特意外的。推荐带孩子去看看，虽然小，但是里面还是很气派的，还有欧洲站。,/Date(1579788617000+0800)/,0
255201470,景色不错，有趣好玩，性价比高，总体超赞，,/Date(1621667387000+0800)/,0
284899378,可玩性低，性价比低，景色一般，有待改进，园林部分未开放没有提前在入院时进行说明，给游客体验感比较不好，建议提高服务水平。,/Date(1603808348000+0800)/,0
5376619,从朝天宫看到了南京的文化底蕴！古老的建筑凝结成厚重的历史！每一块砖石都在诉说着传奇的故事！《源流》的展览实在是太精彩了！,/Date(1577960718000+0800)/,0
4804358,在酒店旁边，真没啥人，可以静静参观。建筑分三正殿，依山而建，徐徐向上。到最高处的敬一亭。可以稍作休息，相当于一个后花园，坐亭中，柳荫相伴，下有池鱼戏水，习习凉风吹来，好不静心惬意哉。馆中还有一个瓷器家具展和宋明衣饰展，没有熙熙攘攘的感觉，可以笃笃定定仔细观赏。,/Date(1566462630000+0800)/,0
1530368,朝天宫也是现在南京博物馆的所在地，位于水西门内的冶山，这里春秋时期吴王夫差修筑的冶城所在地。这里是江南地区现存建筑等级最高、面积最大、保存最完整的古建筑群，虽然有的是后来翻建的，但古建筑依然很美。2018年的第一场雪来的时候，朝天宫披上了银装，衬托着古建筑，似乎来到影视剧中的世界。,/Date(1546864673000+0800)/,8
4742405,确实比中山路的南京博物院好，不过那个是免费的，展馆的人文信息更丰富一些，文字说明更全面，不过展品和南京博物院有许多雷同的，不知道哪个是真品，去的那天下雨人很少，博物馆在朝天宫一角，差点没参观到，携程上买票21，门市25，付款后很快就确认了并发了短信。,/Date(1447675113000+0800)/,4
51437801,非常有意义的地方，建筑非常有古代特色，这地方也是有历史故事的地方，可以来看看。,/Date(1594905100000+0800)/,0
365912983,作为新街口附近的景点，只能说差强人意,/Date(1635479151000+0800)/,0
8730945,博物馆部分导览指示还可以改进,/Date(1623635407000+0800)/,0
259680379,面积不是很大，一下子就逛完了，很有古代那种气息，适合拍各种照。,/Date(1617033088000+0800)/,0
88620327,第三次去了&#x20;朝天宫的常设展和特展都看了&#x20;很喜欢的一个博物馆&#x20;建筑也赞,/Date(1609859070000+0800)/,0
115511,朝天宫景色不错，是了解南京历史的好地方。还是值得一游的。推荐。,/Date(1608374579000+0800)/,0
36218441,门票不贵，还是很值得去看看的，殿外就是孔子的雕像，里面展出的还是很多的，看到穿着汉服的游客，气息很搭，也会看到很多在拍婚纱照的，比较古典，室内空调很强，都吹得起鸡皮疙瘩了，可以慢慢看看，也值回票价了。,/Date(1562943381000+0800)/,1
229079664,很好的景点，风景不错，里面有不少藏品，可惜有的不让拍照，学到了不少知识，儿童和学生免票，适合带孩子去,/Date(1560071115000+0800)/,0
216488984,和其他景点相比知名度不高，然而却十分漂亮。特别是里面的庭院怎么拍都好看，吸引了不少汉服爱好者到此取景。里面也对外展示部分与南京相关的城市记忆展品，不想去人太多的地方游玩，或许朝天宫就是个不错的选择。,/Date(1562981783000+0800)/,1
14064671,非常推荐，交通便利，人少景美，市博物馆藏品亮眼，展览规格高！个人认为不比省博逊色。元青花萧何月下追韩信在展，梅女士的头面在展。超级棒！！,/Date(1572073776000+0800)/,0
25063734,朝天宫是南京市区内保存的明代建筑中最完整的院落格局区域&#x20;这里如今依然也是南京市博物馆的所在地&#x20;陈列着很多南京市级的文物&#x20;不过也为这个原因&#x20;博物馆不是免费的很可惜,/Date(1589538108000+0800)/,1
167282680,江南现存建筑等级最高，面积最大，保存最完整建筑群。,/Date(1614766586000+0800)/,0
205479826,朝天宫依山而建，整组建筑分为三列，当中是文庙，东侧为江宁府学，西侧为卞壶祠，此外还有棂星门、大成殿、敬一亭、飞天阁等景点。雨中的朝天宫，草木茂盛，繁花点点，别有一番景致。,/Date(1587860275000+0800)/,0
2891819,到南京先来此处，完整历史全知道，配好语音边走边听,/Date(1610863103000+0800)/,0
19177328,南京市博物馆所在地，朝天宫古建筑群，值得来看看,/Date(1593840088000+0800)/,0
112462802,红墙黄瓦的文庙宫殿，这里环境古朴，有机会在这里参观，了解古人对孔子的敬仰！这个朝天宫里还有个南京市博物馆，有很多文物可以观看！,/Date(1570786278000+0800)/,0
69262606,很多地方都有朝天宫，不过南京这个还挺大。,/Date(1621262022000+0800)/,0
6500344,马马虎虎的一个地方，很多大殿都闭门不开，景区里面空空荡荡，建议不懂历史者免来。&#x0A;让游客最感觉不爽的就是，因为***宫门口免费进入，这里有很多小孩子在滑石阶，对于外地来的游客来说，无法在门口拍照合影，强烈建议景区都改变这一状况。有待改进，,/Date(1620276836000+0800)/,0
79467373,有趣好玩，性价比高，景色不错，总体超赞，,/Date(1620199336000+0800)/,0
33824648,值得推荐，体验很好，景色不错，有趣好玩，,/Date(1602391076000+0800)/,0
3548097,朝天宫现在叫南京市博物馆，里面藏品不错。,/Date(1593765872000+0800)/,0
113583655,景色不错，有趣好玩，值得推荐，体验很好，,/Date(1591674107000+0800)/,0
59645759,国定假期为数不多的没有人山人海的景点，南北朝时期已存，后朱元璋扩建成祭天场所，后曾国藩扩建成文庙，所以占地规模其实挺大的，建筑群落也很正气，里面兼做南京博物馆，将价值连城的展品单独呈现，取名玉堂佳器，展览布置的非常走心，还做了三个特展，海上丝绸之路和宋明时期的服侍饰品，以及陈作仪画展，真的很不错。当然对这类文化类景点不感兴趣的就可能觉得无趣了。,/Date(1507458854000+0800)/,6
50168842,朝天宫很大&#x20;建筑高大气派！院子四四方方的&#x20;很有中国古建筑的特色&#x20;这里游人很少&#x20;显得很清净&#x0A;南京市博主馆在里面&#x20;这个博物馆很有趣味性&#x20;讲了南京从古至今的历史&#x20;从六朝&#x20;隋唐&#x20;一直讲到民国&#x20;里面的藏品也很丰富&#x20;有很多古建筑里的石雕石刻被直接运进了馆里&#x20;给人强烈的震撼&#x0A;总之&#x20;朝天宫可能没有那么热门&#x20;但是很值得一去！城市里难得有一片这么古老而清幽的地方,/Date(1487050580000+0800)/,14
19274035,南京公园年卡是可以使用的，去的人不多。,/Date(1612056467000+0800)/,0
69262606,有很多文物，神圣而庄严。值得一游。,/Date(1604709048000+0800)/,0
4225939,挺喜欢朝天宫的，人不多，可以慢慢逛,/Date(1604034682000+0800)/,0
275718132,就是看一看老建筑，藏品不是很吸引人,/Date(1599626065000+0800)/,0
3525532,历史景点，南京博物馆在这，一般般吧,/Date(1592638601000+0800)/,0
84655811,交通方便，值得去看看，也比较安静,/Date(1614859111000+0800)/,0
2791706,景色很美，红墙砖瓦拍的照片很漂亮,/Date(1605588123000+0800)/,0
104483730,没事看看还是可以的，票价有点高了,/Date(1594627736000+0800)/,0
13623098,来南京那么多次，这是第一次进朝天宫，非常好玩，而且特别凉快，最后面的小花园很有意趣，布展也很棒，就是地标稍微不太明显了一点，有一个常展厅竟然让我迷路了。,/Date(1567480432000+0800)/,0
7389071,本来想去南京博物院，导航时输成南京博物馆，结果就进了朝天宫。心里一直嘀咕南京博物院不是免费的吗？&#x0A;雨天进朝天宫还是不错，人很少，几乎包场。景色也不错哦！,/Date(1448369869000+0800)/,8
440327,风景其实非常好，而且人比较少。,/Date(1620052644000+0800)/,0
80918585,景色不错，有趣好玩，性价比高，,/Date(1616912004000+0800)/,0
19090877,去看看萧何月下追韩信的梅瓶吧！,/Date(1614299748000+0800)/,0
280960323,体验很好，值得推荐，有趣好玩，,/Date(1601890844000+0800)/,0
111175509,很值得去看，节假日人会比较多。,/Date(1599915011000+0800)/,0
273320291,景色不错，体验很好，值得推荐，,/Date(1597820534000+0800)/,0
2639062,很有文化底蕴，市内，交通方便。,/Date(1590926718000+0800)/,0
112270022,现为南京博物馆，建筑很有特色，展馆布展新靓，展品丰富，非常喜欢的展览。,/Date(1572489752000+0800)/,0
238952483,朝天宫不算大，2个小时差不多都看遍了，逛了几个博物馆，有个很小的后花园。印象最深的是门口被滑出滑痕的二道石阶,/Date(1599458353000+0800)/,0
211915602,不愧是六朝古都，特别有文化底蕴，有种在大明皇宫穿梭的感觉，景色优美。,/Date(1562048174000+0800)/,0
53109226,亦有现代的喧嚣&#x0A;亦有古典的柔美&#x0A;可以有高耸入云的紫峰大厦&#x0A;也可以有历史悠久的朝天宫颐和路公馆,/Date(1568866734000+0800)/,1
148504784,闷热的下午去的，人不是不多，里面关于南京城市的介绍还是非常舒服的。,/Date(1567940088000+0800)/,0
348501,性价比高，，景色不错，,/Date(1620106855000+0800)/,0
3139624,环境整体可以，适合拍照,/Date(1604274958000+0800)/,0
103729167,很好看，还有很多拍照的,/Date(1603169429000+0800)/,0
76963960,不错体验很好，有看头。,/Date(1600948980000+0800)/,0
59527137,环境不错，有国宝在里面,/Date(1598077558000+0800)/,0
209413721,里面的文物展览馆很丰富,/Date(1596260180000+0800)/,0
362624,也叫做南京博物馆，展览非常好，建议租一个语音讲解器慢慢看展览。,/Date(1575364382000+0800)/,0
108239867,景色不错，性价比高，,/Date(1617527815000+0800)/,0
44113320,性价比高，景色不错，,/Date(1617430186000+0800)/,0
26835247,景色不错，有趣好玩，,/Date(1617188992000+0800)/,0
15056256,总体超赞，景色不错，,/Date(1609809711000+0800)/,0
279960883,这个适合情侣去的地方,/Date(1604924080000+0800)/,0
281776963,值得推荐，体验很好，,/Date(1602946072000+0800)/,0
118212216,太棒了，南京top1,/Date(1600136899000+0800)/,0
2511853,内有乾坤啊体验很好，,/Date(1598445904000+0800)/,0
29659892,值得推荐，有趣好玩，,/Date(1596358635000+0800)/,0
3776220,暴雨之后去的，人不多,/Date(1593345092000+0800)/,0
243156751,美轮美奂，清净自然，人不多显得安静，很适合情侣，家人一起游玩,/Date(1568948837000+0800)/,0
3908954,有十几年没进朝天宫了，十几年前在这里做了我人生第一个瓷器，然后每次经过那里，看看门口卖古董的小摊子，望望那红墙，就走了，再也没进去过，这就叫家门口没风景，总觉得风景在远方。&#x0A;冬日暖阳甚好，揣着公园年卡兴致勃勃得去了，发现不收门票了，发现不叫朝天宫了，叫南京市博物馆了，进门发现卖古董的小摊子都没有了，里面的小店全没了，感觉宽阔宏伟，面积虽没有南京博物院大，藏品没有他多，依然有庄严大气，气象万千的感觉。&#x0A;门口的石梯一帮小屁孩排队玩滑滑梯，暖洋洋的冬天，大家玩得超级开心，石头被多少代人磨得油光锃亮的。&#x0A;院子里的银杏叶树上尚有，地上更多，阳光下金灿灿的，甚美。&#x0A;两个展览，一是云裳簪影，文物都是从南京出土的，首饰非常精美，更让我惊诧的是宋朝的丝织衣物，保存那么完好，光泽那么柔和，好像刚从箱子里取出来一样，太神奇了。&#x0A;另一是海上丝绸之路沉船与贸易瓷器大展，瓷器基本都是民用的，精美程度与皇家御用不能比，了解一下历史，看看曾经沉了那么多船，感觉历史还是很奇妙的。&#x0A;往东边走，冶山上还有敬一亭、御碑亭，竹林七贤雕塑群、清代铁炮、明代琉璃窑，这以前都没看过，感觉朝天宫变成了一个新景点&#x20;。&#x0A;&#x0A;朝天宫，位于南京市秦淮区朝天宫街道水西门内冶山，是江南地区现存建筑等级最高、面积最大、保存最完整的古建筑群。朝天宫之名，系明太祖朱元璋下诏御赐，取“朝拜上天”、“朝见天子”之意。&#x0A;朝天宫所在的冶山是春秋时期吴王夫差修筑的冶城所在地，是南京主城的发源地之一，之后历经沧桑，或为寺院、或为道观、或为学宫。明朝时期，朝天宫是朝廷举行盛典前练习礼仪的场所，以及官僚子弟袭封前学习朝见天子礼仪的地方。清同治年间，在原址上改建，从宋元明代的道教建筑变成了儒家的文庙和江宁府学（江宁府学旧址则改为南京武庙）。,/Date(1513004577000+0800)/,5
58103245,建筑古朴典雅，宋明服饰展览值得细细欣赏，游客不多，可以慢游,/Date(1572826002000+0800)/,0
224806105,朝天宫位于南京市秦淮区朝天宫街道水西门内冶山，是江南地区现存建筑等级最高、面积最大、保存最完整的古建筑群。朝天宫之名，是明太祖朱元璋下诏御赐，取“朝拜上天”、“朝见天子”之意。,/Date(1577296150000+0800)/,0
1520371,朝天宫内巧遇一对拍写真的年轻人，挺有意思的。&#x0A;【趣味】,/Date(1590333407000+0800)/,0
1951837,朝天宫位于南京市秦淮区水西门内，是江南地区现存建筑等级最高、规模最大、保存最为完整的明清官式古建筑群落，素有“金陵第一胜迹”之美誉。,/Date(1587390756000+0800)/,0
242116859,拍照圣地，不虚此行！随意抓拍都是美景，遇到了好几对拍婚纱照的准新郎准新娘，开心。而且在校生，包括在读研究生，免费参观哦，推荐。,/Date(1569081316000+0800)/,0
1890021,价格优惠，去到不用取票直接刷就可以进去方便价格优惠，去到不用取票直接刷就可以进去方便价格优惠，去到不用取票直接刷就可以进去方便,/Date(1566002415000+0800)/,0
2441304,如果不说古都，金陵是十朝都城，今常说六朝，就贵在这个古上。所以南京的古文化是值得一游的。&#x0A;这个朝天宫位于市内，是很恢宏的一片建筑，算是南京城里的一座小故宫。里面博物馆趣味性知识性都很强。,/Date(1510298498000+0800)/,5
76494545,最近对红墙蜜汁热爱，也变成了网红景点，外地的朋友也可以列入计划清单，跟南京其他博物馆不是一个画风，来都来了，打卡可以去看一看,/Date(1577931953000+0800)/,0
97221766,朝天宫也是江南现存比较完整的明清官式建筑群，很气派，也保留保护的不错，朝天宫之名来意是朝拜上天，朝见天子，有朱元璋亲赐。,/Date(1581794922000+0800)/,0
18596584,朝天宫是南京具有特色的古建筑群，主要是祭祀孔子的文庙。主要有两大看点，一个是南京市博物馆，讲述南京两千多年的城市发展，里面瑰宝文物不计其数，是最好的城市博物馆。另一个是秋天的银杏，满地的金黄，美的不要不要的。门票价格也很便宜，学生只要9元。,/Date(1455080687000+0800)/,4
76903329,非常喜欢朝天宫，可以看到明朝的建筑，里面还有博物馆，个人觉得比南京博物院好玩儿,/Date(1563970349000+0800)/,0
80924090,还行。去看看挺好，主要看你时间,/Date(1568966320000+0800)/,0
1509280,是明朝时期官员们聚集朝拜的地方，地方不大，环境清幽，是个发呆冥想的好地方，南京市博物馆在里面，以前也是文玩古物教育厅的市场。,/Date(1584402397000+0800)/,1
303016101,殿都没有开&#x20;性价比不高,/Date(1626001098000+0800)/,0
56081331,朝天宫也是南京博物馆所在地，因为要收门票，所以人不多。不过朝天宫在历史上可是大有名头，乾隆六下江南，五次到朝天宫，并且每次都题诗寄兴，现在还有御碑亭。清朝同治五年（1866年），两江总督曾国藩将此处改为孔庙，并把原在成贤街的江宁府学迁至朝天宫，于是就形成了中为文庙，东为府学，西为卞公祠的格局。我们从东门进去，一进门先是一个很开阔的场地，左边是“道贯古今”，右边是“德配天地”，中间是棂星门，后面是泮池。站在场地中间，红墙黄瓦，青砖拱门，一种历史的厚重感扑面而来。沿着散发着古味的青色路砖慢慢地往里走，透过屋角、门洞、红柱、花窗，静静地感受着历史沉淀下来的王者之气。各个殿内有不同的历史文化和历代文物展览，值得细细品味。,/Date(1507284266000+0800)/,7
35593886,来南京那么多地方，我最爱的就是朝天宫。&#x0A;游人稀少，历史感凝重。&#x0A;看到门前那几个憨态可掬的石狮子，觉得有几分不严肃。走在里面任何一个台阶上，都是踩着几百年前的历史。里面的展出很多。建筑华丽。安静，鸟语花香，风轻云淡。坐着发呆，思考人生，都可以。唯一一点，就是我一个人自由行，没人拍照。这个地方非常适合拍照，一步一景，都是一幅画。,/Date(1497791247000+0800)/,3
99971985,中规中距的一个中式建筑群也不是很大，可以简单的转一转。,/Date(1593231486000+0800)/,0
71210993,历史内容不多，景色还可以，整体感觉不是很值得,/Date(1615953479000+0800)/,0
19090877,博物馆有不少好东西，还是值得一看，可是不免费,/Date(1592899911000+0800)/,0
7226913,朝天宫里的博物馆好好看，好大哦。有趣好玩，,/Date(1621759029000+0800)/,0
272790579,需要门票的二进园区两个展区没开，两个展区全是图文，就一个还不错，跟济南德州免费的博物馆一样，但是既然你收费了，玻璃能不能偶尔擦一擦？灯能不能都打着？部分地区能不能多加几个射灯？这是炫耀你们南京人眼神好吗？大南京吃个面条都20多30多的消费水平差那几个电字吗？😄😄😄下方有部分图，正常肉眼可见亮度为图片百分之五十可能还不到。😃😃😃,/Date(1636096912000+0800)/,0
70747844,非常推荐的景点，这其实是家地级市的博物馆，首先它完整地保留了明代的建筑风格，喜欢拍照的朋友可以大肆地拍古装照，其实它的侧殿展示了很多明代、清代的物品，衣服、多为陪葬品，佛教等等，全是真迹。很用心。从古至民国。本人超级爱《金陵十八景》很有带入感，笔杆细腻，很能体现当时的南京风貌。,/Date(1571757268000+0800)/,0
49016084,1.这里名字叫朝天宫，主体建筑也都是明清风格，也曾经被用作各种用途，但现在的名字是“南京市博物馆”；&#x0A;2.除了朝天宫的历史、南京的历史文物，这里还有珍宝馆，有镇馆之宝“元青花‘萧何月下追韩信’梅瓶”；&#x0A;3.2017年10-11月，有幸参观了难得一见的“海上丝绸之路沉船和贸易瓷器大展”，都是从全国各个博物馆借来的宝贝，在欣赏国宝的同时，顿时南京市博物馆还是很有实力和面子的，赞！,/Date(1511615090000+0800)/,2
1634048,朝天宫分两块区域，外围是免费开放的，有网红的石梯滑滑梯，小朋友们特别喜欢。内院是需要门票的，每月10号可以免费参观，见下图中。每天有两场志愿者讲解，上午10点，下午14：30，讲解开始前会有广播通知。里面有常设展览，南京城市发展史馆，强烈推荐。这里主要有六朝时期的珍贵史料，但最好能赶上讲解，官方的志愿者讲解特别详细，让我们很好地了解了那段历史。临设馆有丝绸之路相关的沉船打捞展品，相当精美。,/Date(1510559845000+0800)/,2
56513615,市中心莫愁路闹中取静的一个好去处，年卡可以免费的，平常去人不多，这里是景区，也更是历史古迹，很有历史韵味，最里面还有一个南京市博物馆，有长干寺地宫出土文物特别展览，另外售票，40元&#x2F;人，空闲的话可以看看。,/Date(1507368569000+0800)/,4
2189572,南京博物馆在朝天宫里，于是被征收了25元门票费，话说现在导游证的含金量越来越低了。我又要说了，了解一座城市，先从它的博物馆开始。大概是还有个博物院撑着，这个博物馆着重介绍的是作为六朝古都的南京城的历史。南京会被称为龙蟠虎踞原来是出自诸葛亮之口；南京开始建造城墙是源自明朝朱元璋时期......,/Date(1485733096000+0800)/,6
1035235,博物馆不错，就是一些展品是复制品或借展,/Date(1605360504000+0800)/,0
83233858,值得去玩，安静适合，去的时候天气好的，,/Date(1577879936000+0800)/,0
98623963,是个博物馆，很容易遗漏展厅，还不错！,/Date(1605411397000+0800)/,0
23566511,朝天宫人较多，有几处适合拍宫廷风照片,/Date(1563158424000+0800)/,0
4936365,朝天宫是江南地区建筑等级最高、面积最大、保存最完整的古建筑群。朝天宫之名，是明太祖朱元璋下诏御赐。来到朝天宫，古建筑本身就是镇馆之宝，保存完好，修缮精致。,/Date(1566051041000+0800)/,0
154498912,是拍照的好地方，可惜技术太差而且里面的博物馆史料还是挺丰富的，值得一去,/Date(1575373933000+0800)/,0
32455571,遇到雨季，而且叶子没长出来,/Date(1621767802000+0800)/,0
1515155,南京博物馆所在地，值得一看,/Date(1595746361000+0800)/,0
160341390,当地人才知道的冷门景点吧，最大的好处就是没有人头攒动，全是游客。悠闲的下午，可以一个人，慢慢走慢慢看，感受一下古往今来历史变迁,/Date(1575177271000+0800)/,1
16296056,人不多，但是很有观赏性，里面文物非常多，值得去看看，有故宫的感觉。,/Date(1570193179000+0800)/,0
2968406,南京博物馆整体不大，本来想去南京博物院，没预订着票，这个也不错！,/Date(1571024428000+0800)/,0
28686349,不错，之前想来一直没来，终于来了。遇到好多漂亮的小姐姐穿着汉服在拍照，好美哟！好想也回到学生时代，然后也穿着汉服拍照，哈哈哈哈，现在太胖啦！！,/Date(1574238255000+0800)/,0
88010863,来到朝天宫打卡，朝天宫位于治山，历朝历代都扮演着重要的角色，整个园区绿树成荫，鸟语花香，建筑风格严正规整，让人肃然起敬。每天10点和两点半有两场免费讲解，我听的是虎踞龙蟠，全程一个多小时，志愿者小姐姐讲得很认真。,/Date(1559372512000+0800)/,1
19058926,朝天宫向来人少，闹市中的安静之所，东西不是很多，但是布展很优秀，宋明服饰的展应该可以吸引不少汉服爱好者吧。在宁的大学生是可以免费进去的。隔壁是江宁府学，也就是省昆所在，每周六兰苑会演四处折子戏，票价实惠，学生票同样半价，常去之处。,/Date(1556584909000+0800)/,1
3389315,朝天宫位于南京市内西南面秦淮区的一座小山上（古时叫冶山，2500年前古人在这里铸剑等，是南京主城的发源地之一。），现在是南京市博物馆，地址是建邺路朝天宫4号。历史上曾经是个道观，后改为文庙，朝天宫是朱元璋起的名字，明朝时是朝廷举行盛典前练习礼仪的地方。太平天国时被毁。清朝后来重修时，把这里改成孔庙（文庙）和江南学府。民国时期是高等法院。1949年后，为南京市博物馆。收藏文物10万件。朝天宫是典型的明清殿宇式建筑，主要景点有照壁、牌坊、泮池、棂星门、大成门、大成殿、崇圣殿等，前些年还有礼仪表演。里面有六朝南京、大明南京和民国南京等展览。旁边还有古玩市场，在国内蛮有名气的，有人前来淘货收藏。过去小孩没什么玩的，这里棂星门前的石头台阶成了小孩玩的滑梯，这一风俗有上百年历史。朝天宫是全国文保，4A景区。门票25元。知道朝天宫历史的人不多，都去夫子庙了。所以这里游客不多。值得来看看。,/Date(1547260262000+0800)/,1
1316649,朝天宫现在已经成为了南京博物馆&#x0A;并没有购票&#x0A;所以仅去了免费开放的一进院落&#x0A;图9是宁N代在门口滑滑梯&#x0A;斜坡已经被磨出了两道光滑的印子&#x0A;这也许是古建融入现代的一种方式吧&#x0A;在甘家大院偶遇拍照的新人&#x0A;这里现在是民俗博物馆&#x0A;一个可以触摸历史和文化的地方&#x0A;至于总统府&#x0A;此行最不推荐&#x0A;人太太太多了,/Date(1536490280000+0800)/,1
21974380,继续逛朝天宫的大殿，没想到旁边崇圣殿里的展品，又一次震撼了我们几个，一件件完美精致的明代衣物和一堆设计别致的黄金饰品，让我等几个草民趴在展示柜上张着嘴留着口水，感叹了许久……&#x0A;一定要细细品味，仔细地转，无论是那低调到连门牌都没有的南京博物馆，还是大殿里的各种展览，样样展品都能让人眼睛发出奇异的光采……,/Date(1463738173000+0800)/,5
55347471,不错的一个景点，有悠久历史，里面风景优美，建筑有特色，门票也很实惠，值得一去。,/Date(1583638797000+0800)/,1
171403350,朝天宫虽然是非常小众的景点，但是非常值得一去。游客少所以游玩的感受的更舒服。常年有各种展览，绿化和古建筑相得益彰，金陵的文化底蕴源远流长。,/Date(1563366266000+0800)/,0
3371988,朝天宫是南京市博物馆，文庙的规制，庄严中又富有俗世的宽厚-第一进是免票的，很多附近市民随意去逛逛。&#x0A;博物馆展区不大，但看得出用心，志愿者会给大家讲解，带孩子来会收获颇丰。,/Date(1517823625000+0800)/,2
36714411,值得去，博物馆里宝贝多。有棵古银杏500多年了！,/Date(1576362059000+0800)/,0
217544469,作为小众的景点，来的人不是特别多。所以来游玩的感觉就是舒服的。闲暇的下午自己过来走走是很惬意的感受，路边的草儿，历史的建筑都是美,/Date(1561270989000+0800)/,0
1851696,这个景点超级喜欢，安静大气，后山晩樱开放的时候有恍若置身故宫博物院的感觉，据说两株古玉兰开放的时候也很美，主要是没有旅行团,/Date(1578213469000+0800)/,0
1652598,朝天宫，位于南京市秦淮区朝天宫街道水西门内冶山，是江南地区现存建筑等级最高、面积最大、保存最完整的古建筑群。朝天宫之名，系明太祖朱元璋下诏御赐，取“朝拜上天”、“朝见天子”之意。&#x0A;朝天宫所在的冶山是春秋时期吴王夫差修筑的冶城所在地，是南京主城的发源地之一，之后历经沧桑，或为寺院、或为道观、或为学宫。明朝时期，朝天宫是朝廷举行盛典前练习礼仪的场所，以及官僚子弟袭封前学习朝见天子礼仪的地方。清同治年间，在原址上改建，从宋元明代的道教建筑变成了儒家的文庙和江宁府学（江宁府学旧址则改为南京武庙）。&#x0A;抗日战争胜利后，国民政府将南京朝天宫辟为南京首都高等法院。1956年朝天宫列为江苏省文物保护单位，1978年辟为南京市博物馆，现已列为全国重点文物保护单位、国家AAAA级旅游景区。,/Date(1491009401000+0800)/,4
18860969,今天上午十点多到下午两点半一直在参观，虽然文物比起南博少了些，但是展览做的很用心，很多细节知识都在陈列中展示了，还遇到一位年纪轻轻的志愿者，非常感谢他在展览全程的陪同讲解！票价也不贵，很满意这次参观！,/Date(1454680934000+0800)/,2
77137760,朝天宫的建筑工程有讲究，里面可有学问了，来这里最好有个讲解，这样才能了解更多。,/Date(1583759811000+0800)/,0
8780700,正值上班时间，游客很少很舒服。朝天宫与南京博物院紧邻买一张票两个景点都可以欣赏。朝天宫里面有很多珍贵的文物值得去看看。游玩下来2小时左右。,/Date(1404006926000+0800)/,3
20145178,朝天宫建筑有历史，而且南京博物馆还在其中，有些国宝，有幸看到著名的元青花瓷器,/Date(1583074155000+0800)/,0
37747578,文物不多，地方不大，东西比较空洞，不如去南京博物院性价比低，可玩性低，,/Date(1607821138000+0800)/,0
2249267,方便！景区不错，古色古香，博物馆很大，里面东西多，票价性价比很高！,/Date(1577676248000+0800)/,0
18983090,国庆去的，因为纪念馆人太多，所以放弃了，来了坐车经过看到的朝天宫。这里不是热门景点，所以人不多，逛起来很舒服，而且里面是南京市博物馆，还是蛮好看的,/Date(1570543173000+0800)/,0
4572617,朝天宫位于南京市秦淮区，是江南地区现存建筑等级最高、面积最大、保存最完整的古建筑群。朝天宫之名，是明太祖朱元璋下诏御赐，取“朝拜上天”、“朝见天子”之意。1978年辟为南京市博物馆，现已列为全国重点文物保护单位、国家AAAA级旅游景区。,/Date(1555404933000+0800)/,1
2837563,朝天宫是江南地区现存建筑面积最大保存最完整等级最高的古建筑群。历史上吴王夫差曾在此冶炼兵器，故后人把这些山称为冶山。周围的王府大街丰富路都是很繁华的商业区，门口还有古玩一条街，朝天宫就那么幽静的呆在那里。朝天宫这个名字的来历是朱元璋所赐，意为朝拜天子。朝天宫实际上就是南京市博物馆。现在为4a级旅游景点。,/Date(1495105982000+0800)/,3
1818442,很有庄严肃穆的感觉，每次走到这里，很浪漫，很有文化仪式感！,/Date(1587828712000+0800)/,0
234312680,很不错的地方&#x20;很安静&#x20;没什么游客&#x20;还有汉服妹子带着专业摄影在拍照,/Date(1566550699000+0800)/,0
76948169,携程真的太方便，便宜快捷，出门旅游&#x20;携程真的是不二选择。朝天宫又属南京市博物馆，值得一游，去的时间段很巧，碰到免费的讲解员，讲解员讲的用心，孩子听的认真，很愉快的一次博物馆之旅！,/Date(1525336191000+0800)/,0
55347471,值得推荐的一个公园，有历史，有知识，秋天的景色是最美。,/Date(1575713401000+0800)/,0
63689976,还好了！南京博物馆啊！金陵第一胜景的美誉，景色不错，周边很多老年人在打牌下棋，景区里人也不多，还有钟表展、书画展，闲暇之余值得一游！,/Date(1496323092000+0800)/,2
59440193,非常好，南京市博物馆就在朝天宫内，藏品非常丰富，陈列非常精彩。尤其是南京市区范围内一批明初功勋墓里发掘出的藏品基本都在朝天宫展出。,/Date(1569886503000+0800)/,0
27885678,其实应该说是市博物馆？不然这个朝天宫真没啥可看的,/Date(1620577484000+0800)/,0
3529947,没到时间不让进，不支持退改，差评。景点景色不错,/Date(1619933501000+0800)/,0
19274035,现在已经叫南京博物馆，在建业路与莫愁路交叉口。,/Date(1577143040000+0800)/,0
8187945,非常棒的博物馆，大气的中式国林，精美的文物！,/Date(1589154408000+0800)/,0
3758913,南京朝天宫是一个很大的古代建筑遗址，保护的十分完好，里面殿堂宏伟，还有孔子的雕像。,/Date(1453257265000+0800)/,0
672460,这里最早是道教，然后是学府，然后才是朱元璋上朝的地方。据说在这里还有很多故事，比如大成殿前教育那些打天下的大将军们该如何知书达理……有不少典故。后山的敬一亭，康熙帝的碑文，水利设施，炮都是很值得一看的,/Date(1460438842000+0800)/,2
9088265,相传吴王夫差在这里设冶铸作坊制造兵器。,/Date(1586403170000+0800)/,0
259976882,很好玩，很漂亮，下次还会带朋友们去玩,/Date(1579517949000+0800)/,0
52326705,朝天宫本身作为庙宇并不算突出&#x20;但南京市博物馆的设计和展览都非常棒&#x20;虽然个人不赞成市博物馆收费&#x20;逛完之后却觉得交钱也值得&#x20;加油,/Date(1572616988000+0800)/,0
3378117,没想到里面还挺大，展品比较丰富，设施有些陈旧，介绍也不甚详尽。不失为一个优秀的博物馆，但也希望能进一步修缮，好上加好,/Date(1570106887000+0800)/,0
182280812,朝天宫，就是南京市博物馆，大家往往会把它与南博搞混。事实上，那个是南京博物院，属于省级博物馆。朝天宫离市中心不远，交通还是很方便的。这里在明代曾是道观和国子监。保存的也很完好。,/Date(1530085030000+0800)/,1
6196419,家门口的游乐园，老人小孩都习惯。。,/Date(1583033245000+0800)/,0
13225766,过去的国子监，现在的南京市博物馆，地方不大，展馆经常推出的展览倒是精致。疫情期间室内展馆不开放，性价比大大降低！,/Date(1588460637000+0800)/,0
9083592,有点特色，门票不贵，值得一游有点特色，门票不贵，值得一游有点特色，门票不贵，值得一游有点特色，门票不贵，值得一游,/Date(1568763631000+0800)/,0
76468453,人不是很多，内容还比较比较丰富，配上讲解就更好了，有不少值得一看，特别是博物馆里面，有很多藏品可以近距离的观看。,/Date(1566089037000+0800)/,0
37824217,票价不高，朝天宫环境不错，去的人不多，可以细细观赏那里的建筑美。里面有各种展览馆，也有历史价值，很喜欢这个景点。,/Date(1565011637000+0800)/,0
109126367,夏天陡然而至啊，天气真好，跟小伙伴来个文化之旅，南京的历史文化也是源远流长的，各个朝代的更替，民国的主导地位，想要深入了解的，可以在里面参观好几个小时,/Date(1492332829000+0800)/,0
44433686,宝贝超级喜欢这里的环境，非常真值得一去，宝贝在这其乐无穷，学到很多东西，多一分感受，也可能能多一份惊喜！,/Date(1571107864000+0800)/,0
18683777,不错，展品丰富，馆藏文物精品不少，瓷器金器不少。室内空调凉爽，参观很舒服。基本保存了学宫主体布局建筑。,/Date(1566143213000+0800)/,0
56036670,一定要去看国家宝藏啊,/Date(1572435243000+0800)/,0
59910156,里面就是南京市博物馆，明清家具，瓷器，绘画书法，很不错，值得去。很舒服的感觉，不会有景点打卡的感觉。,/Date(1566054452000+0800)/,0
13705259,现在的朝天宫是南京市博物馆，一组古建筑群，几进大院，也是以前的文庙，有常设展览，也有临展，关于南京历史的一个常展非常值得看，可以了解一个城市,/Date(1526789106000+0800)/,0
24035008,朝天宫现为南京市博物馆，位于南京市秦淮区朝天宫街道水西门内冶山，是江南地区现存建筑等级最高、面积最大、保存最完整的古建筑群。国家AAAA级旅游景。地铁1.2.公交4.48等可到达。,/Date(1484877609000+0800)/,4
8678627,值得去。虽然是南京人，但是很多年都没有去过朝天宫，没有想到里面还有不少可以看的东西，有朝天宫历史沿革展、有南京城市史陈列，还有古亭古迹。,/Date(1519310037000+0800)/,4
1531033,去过的最大文庙，外围挺壮观，像个大型宫殿建筑群，进去看比故宫还是差很多的。,/Date(1588808876000+0800)/,1
2594792,在南京这么多年还是第一次来朝天宫，第一进院免费，从大成门开始就要收费了，携程门票兑换方便。南京博物馆在其内，分四个场馆展出：南京历史、精品展览、服饰首饰展、多功能厅。值得逛！,/Date(1496110236000+0800)/,0
8937868,不错，南京博物馆，和江西博物馆合作承办，感受到了历史的气息，真切的展现眼前，看似不大，却很有东西，犹如身灵其境，有种历史的厚重感，不过那个国宝级的展览还要另外收门票，要40。,/Date(1442298140000+0800)/,4
194796,还不错吧，人少也凉快，可以慢慢的的仔细看，也有内涵，里面蛮多条凳的，随时可以休息，比较人性化,/Date(1564974855000+0800)/,0
115141951,朝天宫，真是沉淀很深，值得慢慢走，慢慢看，拾阶而上，到敬一亭，就觉得原来这里还有一处小而精的园林，在走到那宫墙，到底曾经属皇家气派。,/Date(1506687722000+0800)/,0
4207619,南京的另一座孔子像就在朝天宫，相比夫子庙的人山人海，这里显得冷清了许多，但是景区比夫子庙有更多的看点，景区面积也大，有一座小博物馆。,/Date(1476761336000+0800)/,4
13705259,座标：南京，朝天宫，南京博物馆，在中山门那的是南京博物院，中国三大博物院之一。朝天宫的常展和临展也极丰富，最美的时侯应是银杏叶黄季,/Date(1526211098000+0800)/,0
79420844,这里也是南京博物馆所在地，里面的精品展非常好看，有很多珍贵藏品，可与南京博物院参考比对。,/Date(1562513175000+0800)/,0
32344659,朝天宫，南京市博物馆。我参观的时候，有很多穿汉服的人在朝天宫照相，朝天宫人非常少，可以用身分证租一台讲解机，朝天宫总体来讲还可以,/Date(1467777534000+0800)/,2
2579781,朝天宫，位于南京市水西门内冶山，是江南地区现存建筑等级最高，面积最大，保存最完整的古建筑群，朝天宫三个字是由明太祖朱元璋下诏御赐，取“朝拜上天”，“朝见天子”之意，附近还有南京市博物馆。,/Date(1442888184000+0800)/,3
105759269,首先博物馆在朝天宫里，一票可以参观两个地方。其次这里很凉快，人也很少，适合休闲放松！,/Date(1564809516000+0800)/,0
1101742,游客很少，非常清净。藏品虽然不能和南京博物院相比，但还是参观感受不错，慢慢看，而且朝天宫也算景点，拍拍照，休闲逛逛也很不错。,/Date(1540133617000+0800)/,0
37327856,感觉超级适合拍照的～&#x20;建筑很有特色，值得一去,/Date(1570197114000+0800)/,0
18971716,朝天宫很有人文历史感，就是大成殿的布置太过简单，没有铜像没有配享。建筑与夫子庙相比，应该是省级的文庙吧,/Date(1552095615000+0800)/,1
2837563,朝天宫是江南地区现在建筑等级最高面积最大保存最完整的古建筑。朝天宫这个名字是朱元璋所赐。现在的朝天宫是南京市博物馆所在地。,/Date(1508680922000+0800)/,2
3621856,朝天宫是南京市博物馆，不是南京博物院哦，级别不一样，这里第一进院落对外免费开放的，里面才需要买票。园子很美，游客不多，门口有孩子在玩滑滑梯，朝天宫的台阶上，经过几代熊孩子不懈的努力，终于造就了几个石头滑梯,/Date(1537541314000+0800)/,2
52293906,朝天宫是清代的文庙，游客不多，比较清静。里面的收藏品很有意思。整个建筑群包括了江宁府学、朝天宫、以及由朝天宫的几间大殿辟成的南京市博物馆，不过江宁府学现为江苏省昆剧院，只能外观，游客能入内参观的只有朝天宫和南京市博物馆。&#x20;朝天宫的历史可追溯至春秋，吴王夫差在这里的冶山冶铁铸剑，建文庙的历史可追溯至北宋，明代命名为朝天宫，是皇室礼拜道教诸神和学习朝见天子礼仪的场所，后毁于战火，清同治五年至九年（公元1866年-1870年）在原有基础上改建，又成为了文庙,/Date(1461333330000+0800)/,10
6780928,朝天宫位于南京城水西门内冶城山，是江南规模最大、保存最为完好的一组古建筑群，现为南京市博物馆。南朝时曾为总明观太学所在地，明朝时为朝廷举行盛典前练习礼仪的场所，也是官僚子弟袭封和文武官员学习朝见天子的地方。,/Date(1408347823000+0800)/,8
326297598,每颗树上都钉钉子和绑铁丝，特别是古树，这些树都很不容易，感觉迟早毁在蓝鲸人手里,/Date(1635246205000+0800)/,0
20145178,特别推荐一去，历史建筑有故事的地方，还是南京市博物馆，里边有不少好东西，元青花,/Date(1567322928000+0800)/,0
219764043,走过很多回，没进去过，旁边的围墙很高，像故宫的红墙，傍晚时在广场上跳舞的人很多,/Date(1561024865000+0800)/,0
8678627,朝天宫是南京的老景点，很多年没有去过了，还保留在儿时的记忆中，没有想到变化这么大，修建得很不错了。,/Date(1528031568000+0800)/,1
1634048,性价比特别高的一个景点。每月10号免费开放。深秋的银杏不可错过。南京城市展馆和丝绸之路展馆非常好。有存包和喝水的地方。,/Date(1510561282000+0800)/,0
161098652,交通很方便，过年人有点多，不过值得一去。如果可以人稍微少一点的话可能就更好了。还好排队不是很长。离新街口很近，附近顺便可以找点吃的正好。,/Date(1519133499000+0800)/,3
166788038,觉得是属于很小众了解的地方，平时来玩的人也不多，周围居民人来人往倒是很热闹,/Date(1561024611000+0800)/,0
96327608,来南京就要来朝天宫，这是一个很有历史和文化底蕴的地方。不仅有宫墙、殿宇，还有南京建都与文物展览，游览后，受益匪浅?,/Date(1496421208000+0800)/,2
34817580,不错的，人不多，展览很丰富。。,/Date(1571202333000+0800)/,0
3831352,就是南京博物馆，进去是个大成殿，还有孔夫子的雕像，里面的小花园挺漂亮的,/Date(1568526998000+0800)/,0
422167,很好的体验，人不多，换洗衣服直接送到下游。回程有大巴，就是冲澡全冷水。,/Date(1564305003000+0800)/,0
159428651,景区很美，去的时候南京刚好是晴天，天很蓝，屋檐上还有雪。拍出来的照片超级美，最主要的是去的时候游客不多，幸福。,/Date(1515936779000+0800)/,0
68687616,挺有意思的博物馆，赶上了十一的展览，好多玉器还有各种宝贝，值得一看。,/Date(1571364008000+0800)/,0
63069904,一般吧，没什么值的看的东西，很一般般的地方，没有什么特色，就是房子看起来还不错，内容就很一般了，不是很推荐。,/Date(1566190234000+0800)/,0
91312640,很好，以后还来，有历史了，自然环境非常好。门票也不贵，网上也能购票。,/Date(1565313986000+0800)/,0
51919902,此处需要付费门票，不贵。面积不算太大，但根据了年份进行了有意思的排布。人少，休闲，能在市中心有这么一个地儿，门口附近是公园吧，很多大爷爱在此处遛鸟～,/Date(1493248112000+0800)/,0
5312415,12点多到，一直到快四点才走，确实需要花几小时仔细看过，值得一来。,/Date(1570499797000+0800)/,0
5376619,朝天宫是南京的文化名片！,/Date(1578054820000+0800)/,0
103316622,喜欢方便的软件，在这上面面，到时间的时候就悠悠的过去，真的舒服。,/Date(1564139223000+0800)/,0
55347471,家门口附近的一个公园，一定要在秋季或冬季去看一看，真的很美。,/Date(1566572271000+0800)/,0
97204107,好玩好玩！环境很好，给人的感觉特别干净。人不多，冷气打的很足。总体感觉特别好。看的东西也很多。很喜欢,/Date(1497784675000+0800)/,0
32458613,久远的历史镌刻、遗存着曾经一时的辉煌、它就是位于水西门内冶山的朝天宫、它历史久远、上可追溯至春秋时期吴王夫差修筑的冶城、是明朝开国皇帝朱元璋下诏御赐、取“朝拜上天“、“朝见天子“之意。在历史的长河中历经沧桑、或为寺院、或为道观、或为学宫、抗战胜利后、国民政府改为首都高等法院、现为南京市博物馆、去得时候游客不是很多、但值得去感受和了解。,/Date(1444031857000+0800)/,1
180091,《圣塔佛光——金陵长干寺地宫出土文物特别展》常年在朝天宫南京市博物馆展览。&#x0A;展览分佛光掠影、长干佛脉、盛世重光、庄严宝函、佛门七宝、袅袅佛香、虔心发愿、舍利圣物八个主题，展出文物30余件，其中包括七宝阿育王塔、金棺银椁、丝绸织品、水晶球、玛瑙杯、念珠、鎏金银凤、银鎏金莲花宝子香炉等。但佛顶骨舍利不是特别的日子不会请出来供奉的。,/Date(1425637939000+0800)/,1
20145178,非常棒，作为六朝古都南京的精华都在，特别喜欢元青花的梅瓶,/Date(1575207781000+0800)/,0
50676016,很值得一去，虽然不是很热门的景点，历史感还是保留了不少的,/Date(1569655153000+0800)/,0
50642980,外地人只知道南京博物院，却不知道南京博物馆（朝天宫）。,/Date(1578113201000+0800)/,0
39879365,朝天宫是南京市的博物馆，是要门票进去参观的。这里据说原来是吴王夫差铸剑的地方，也是一座古建筑，里面风景不错，古色古香，很适合参观游览。,/Date(1525920023000+0800)/,0
1818442,每次看到万仞宫墙&#x20;德配天地&#x20;内心对圣人的敬仰之情&#x20;油然而生,/Date(1572447875000+0800)/,0
13427459,朝天宫不仅是一个古建筑群，而且还被建成南京市博物馆，但是馆藏似乎并不是很丰富，关键是管理有些问题，馆内灯光极暗，文字部分根本看不清。,/Date(1561960119000+0800)/,0
43445865,国庆去的，人不多非常惬意，而且在江南这么气派宫殿难得。以前皇帝祭天的。南京此次游玩最喜欢景点,/Date(1444188214000+0800)/,0
799963,人少景好，内容也多，免费租个讲解器，走走看看不错。,/Date(1588745642000+0800)/,0
150612082,朝天宫，是我幼时游玩的场所。那时是开放式的，不收费,/Date(1568956224000+0800)/,0
1044668,金陵四十八㬌之一朝天宫阙，是南京市博物馆所在地。,/Date(1568505248000+0800)/,0
3311017,很喜欢朝天宫，不止是宫殿，对里面的展览也很感兴趣,/Date(1564973934000+0800)/,0
68882197,很精致的景点，是南京小而精特色的集中表现之一。,/Date(1572183699000+0800)/,0
57157250,人不多，知识性很强，很适合陪孩子一起去参观学习,/Date(1567832939000+0800)/,0
1134250,朝天宫遗址上修建的博物馆，居然还要收25元的门票！大小和建筑风格与庙宇相似，展览的多为服饰及饰品，整体参观需要1.5小时到2小时左右，没什么意思。,/Date(1489384705000+0800)/,5
17918402,好(✪▽✪)建筑介绍不错呀**~666666,/Date(1568606489000+0800)/,0
1313726,好东西，没用心去展示，管理人员素质低，保安在展区大声打闹。门票区人员是大爷一付你爱来不来的样子。整个南京都是这样的废都气息。,/Date(1567256128000+0800)/,0
46238231,把博物馆健在一个古建筑里，这个想法很好，替博物馆增添了很厚重的历史氛围。在高高的大殿里，在微弱的灯光下，看那些展出的精美的饰品，平添了很多历史的厚重感。蓝天红墙琉璃瓦绿树都非常的美。,/Date(1523543602000+0800)/,1
67122583,总体来说还可以，也没什么可看的，人非常少,/Date(1570085283000+0800)/,0
86454161,很好，很美，很难得有这么美人却很少的地方,/Date(1568023183000+0800)/,0
4260283,朝天宫在市中心新街口西面一点，并不是很出名的景点来的人也超级少，但是居然还有人在写里排艺术照说明这里的风景还是很不错的，可以拍照技术太渣了。,/Date(1557185312000+0800)/,1
3161307,朝天宫里比较简单空旷，里面的博物馆不错，还有免费志愿者导游给讲解，学到不少东西。,/Date(1494078324000+0800)/,0
21403169,好气派的宫殿，走进去有威严之感，真棒！,/Date(1565397932000+0800)/,0
22252292,便宜一点。里面地方挺大，孩子写生挺好。,/Date(1561937197000+0800)/,0
3525532,位置不错，人文历史不错，值得去看看的,/Date(1576310916000+0800)/,0
37721463,好好好好好好好好好好好好好好好哈哈哈,/Date(1568894569000+0800)/,0
115184905,景色不错，尤其是后花园，下雨更有韵味,/Date(1566536945000+0800)/,0
30458442,博物馆融为一体的地方&#x20;&#x20;很棒也很大的建筑,/Date(1566483057000+0800)/,0
113841189,不错不错不错不错不错不错不错不错不错,/Date(1562427596000+0800)/,0
88932805,南京主城发源地之一，高规格的古建筑，幽静之所，墙裂推荐！,/Date(1507602742000+0800)/,1
70058452,百年历史悠久的建筑，风格特别独特。,/Date(1572417582000+0800)/,0
163827194,人不多，但环境很好，也很有历史风味,/Date(1569980268000+0800)/,0
232009376,游人不太多，比较安静，适合写生创作,/Date(1569892154000+0800)/,0
5371908,不错不错，值得用一个下午细细品味。,/Date(1569540366000+0800)/,0
775449,景区人不多，博物馆，真不该收门票。,/Date(1569206756000+0800)/,0
59027604,性价比超高，里面青翠宁静，适合散心,/Date(1567898201000+0800)/,0
45601035,作为六朝古都，博物馆与人文景点的融合～得天独厚，不像上海这类城市得特意新建,/Date(1520249596000+0800)/,0
82055658,不错！是南京博物馆，值得逛一逛！,/Date(1577329325000+0800)/,0
550907,换票很方便！景点还可以，人不多！,/Date(1570580988000+0800)/,0
233409869,去的时候挺少人的，所以逛的很舒服,/Date(1565491273000+0800)/,0
8877492,南京最大的古玩市场&#x20;可以去看看吧,/Date(1572913273000+0800)/,0
2099418,喜欢文物的朋友应该会很感兴趣。,/Date(1568081381000+0800)/,0
71799308,非常适合参观的博物馆，非常好的,/Date(1563865415000+0800)/,0
109411752,很有历史的厚重感，还有免费介绍，讲解员很详细，里面有很多文物，值得来玩,/Date(1502867881000+0800)/,0
6718903,一直在南京都没去过朝天宫，这次抱着试试看心态去转转，下午下班了居然没转够，非常好的展览和环境，下次找机会再去,/Date(1578824421000+0800)/,0
249497855,闹中取静，历史厚重&#x20;值得去看看,/Date(1575340929000+0800)/,0
85314018,最后一个走的，非常美，看了云裳簪影印象深刻，可惜手机展厅内拍照效果不好，只能拍拍建筑啦,/Date(1515983324000+0800)/,3
44592686,朝天宫，也是南京市博物馆。相较于南京博物院，还是有体量上的差距的。里面景色尚可，有种皇宫的感觉。春意盎然，一片绿色映入眼帘。,/Date(1554601594000+0800)/,1
340845,门票要20哦，不过有免费的讲解器租用。了解下南京的历史，蛮好的。,/Date(1420288291000+0800)/,0
73653417,可以去看看。景色不错，藏品一般，感受一下。,/Date(1479255906000+0800)/,1
52625833,很好。适合汉服约拍。,/Date(1589293171000+0800)/,0
204067305,里面的景色很适合拍照,/Date(1577362133000+0800)/,0
38729170,现在这里周边街道路景也做了装饰，再过段时间，旁边的地铁以及商铺健设完成，成为一体化景区，将会更好玩!,/Date(1567251262000+0800)/,0
73017329,地方还是挺大的，人不多，不过可以是夏天好好休息纳凉的地方。我还带了法国人去玩，他表示所有东西都很赞。,/Date(1563786724000+0800)/,0
3490643,朝天宫，现为南京博物馆。博物馆里是新石器时代的物品，古朴美。清代广州的扇子太登峰造极了。清代的名片盒高大上。还是一个比较有特色的博物院的了，来这里拍外景照片的人也比较多，整体来说，这是一个比较清净的地方,/Date(1550891030000+0800)/,1
29633563,门票便宜，景点大，博物馆展出很多文物…很赞…还有另收费的展出,/Date(1445410486000+0800)/,0
421007,朝天宫，位于南京市秦淮区朝天宫街道水西门内冶山，是江南地区现存建筑等级最高、面积最大、保存最完整的古建筑群。朝天宫之名，系明太祖朱元璋下诏御赐，取“朝拜上天”、“朝见天子”之意。,/Date(1489916534000+0800)/,0
59705662,人少，很安静，看看老南京悠久的历史。,/Date(1529244119000+0800)/,1
1818442,其实就是南京博物馆。馆藏的宝贝有一些，不过不常看到。门票挺贵，作为学生一趟，应该有推动进步！,/Date(1561385840000+0800)/,0
154651945,景区很不错，有历史感，服务也很好，有游客服务中心提供饮水等服务，很贴心，里面的市博物馆也很好看。最主要的是人少，相比博物院，非常安静,/Date(1531914555000+0800)/,0
18310207,拿票很方便就在进门栅栏几米处很方便的，里面参观的博物馆很大内容也丰富，小朋友去里面画画写生有空调冬天也不冷，很好，下次再去好好看看！,/Date(1510994697000+0800)/,0
37485404,不错的地方值得一去，展览还很多。,/Date(1462413251000+0800)/,1
3691926,环境清幽，有珍宝展览。需门票。斜对面的绿杨春好吃。,/Date(1510472037000+0800)/,0
34111963,不错，人少。博物馆也不错，还遇见两只猫咪，可爱啊。,/Date(1434378713000+0800)/,0
1330484,没有进去，到的时候已经关门了，门口很气派，和南京其他历史经典一样都是这样小型皇家建筑的感觉,/Date(1418108880000+0800)/,0
13898043,朝天宫和南京市博物馆(不是博物院)其实是同一景点，据说这是乾隆喜爱的行宫。景点不大，游客基本不多，博物馆收藏还不错，值得一游。,/Date(1539361136000+0800)/,0
35348281,挺不错的一个地方，了解南京历史文化的好地方。,/Date(1511617544000+0800)/,0
23512390,很值得逛一逛，明代习礼的地方，也曾经是皇家行宫，目前是南京博物馆（不是南京博物院哦！）的所在地，最值得看的当然是馆藏文物罗。,/Date(1450868329000+0800)/,2
20022170,朝天宫已经免费了！最经典还是门口那两条滑道,/Date(1534870637000+0800)/,0
56469742,与博物馆合而为一。朝天万仞，夫子讲学地;有景通幽，小中亦见大。此处可游赏，可拜学，可镜鉴…列为南京新24景之一，诚未欺也。,/Date(1474037381000+0800)/,2
48377692,院子不太大，从大门一直走到底的话就5分钟路程。里面也没啥看的。唯一有些看头的就一个小小型博物馆，里面的展品大部分在南京博物院和总统府都有。2十大元进去。真心不值。,/Date(1451556319000+0800)/,4
2617921,朝天宫，同时还是南京市博物馆。藏品虽然不及博物院丰富，但精品很多。包括在南方极少出土的南宋和明代服饰。梅瓶“萧何月下追韩信”，可以说是是重中之重。除了藏品，博物馆本身是江南地区最大的明清建筑群，同样大有看头。,/Date(1511533462000+0800)/,0
61040080,我们是在下午三点多过去的&#x20;不知道是不是因为下雨天&#x20;人就挺少的&#x20;朝天宫挺有园林的感觉&#x20;尤其是乾隆御笔5首诗的那座亭子&#x20;坐在亭子里听雨心里特别平静&#x20;占地比想象中大&#x20;五点钟就闭馆了&#x20;我们不紧不慢的&#x20;居然有点来不及看完&#x20;不过很值&#x20;像国庆这种人流高峰&#x20;阴雨天下午的朝天宫简直是一股清流,/Date(1507263333000+0800)/,0
19100667,朝天宫依山而建。相传吴王夫差在这里设冶铸作坊制造兵器。现在是南京市博物馆所在地。在今朝天宫所在的冶山上就曾建有南京最早的城邑之一——冶城，此后朝天宫历朝历代，或为寺院，或为道观，或为学宫。整组建筑分为三列，当中是文庙，东侧为江宁府学，西侧为卞壶祠。此外还有棂星门、大成殿、敬一亭、飞天阁等景点。雨中的朝天宫，草木茂盛，繁花点点，别有一番景致。在西厢房的朝天宫历史展中有电视屏幕播放,/Date(1500459320000+0800)/,0
31157932,朝天宫在南京并不算热门景点，但下雪天的朝天宫非常值得一去,/Date(1517063057000+0800)/,1
29967026,人很少环境很好，值得一去的地方,/Date(1533364735000+0800)/,0
20932623,南京市博物馆里面的东西还不错的,/Date(1491723180000+0800)/,0
113714,朝天宫是朝廷举行盛典前练习礼仪的场所，以及官僚子弟袭封前学习朝见天子礼仪的地方。从宋元明代的道教建筑变成了儒家的文庙和江宁府学（江宁府学旧址则改为南京武庙）。来此可感受很长一段的历史变迁。,/Date(1481187004000+0800)/,2
23770868,秋天看银杏是个好去处，展厅的路线规划清晰而合理，虽说展品的价值可能并没有那么高，但对于小朋友来说已经可以受到较好的教育意义了。,/Date(1511089420000+0800)/,3
2479269,这里人较少，里面正在进行修葺，地砖上长着厚厚的青苔很滑，学生免费成人25元，很幽静。,/Date(1477096270000+0800)/,1
64300546,不错，很有历史感，有机会还要去，不愧为江南保存最好的，古建筑群，有点小故宫的感觉，不愧为六朝古都，我身为南京人，感到骄傲！,/Date(1470487589000+0800)/,3
19832928,朝天宫景区非常幽静，内含南京博物馆。外面看貌似不大，但是里面别有洞天，夏季进馆凉爽适宜，但是所陈列的展品更是引入入胜。史料极大丰富，讲解到位，展区布置疏密错落，还经常有座椅供游客歇脚。展品下有标号，对应标号有解释，非常方便看。来南京一定要来看看，这里真的不错！,/Date(1532868176000+0800)/,1
85314018,去拍雪景的，美美美！朝天宫真是我的最爱～,/Date(1517141747000+0800)/,1
39617465,没去过很想去，去过了较失望。如果不是正好碰上门票内含的2个江西藩王出土物小展，那真是一点劲也没有。好点的文物都游展去了，没见着。也没啥特色，门票20，长干寺出土物展要另付40元。进门右侧可寄包，这是强项。孔子像很空旷的立在那里，两个大殿一个亭子，硬件开放就这些了。,/Date(1440329154000+0800)/,5
12682136,这里也是南京市博物馆，门票20元，比起其他景点这里游人稀少，很是惬意，秋天来的时候银杏树把地面撒的金黄，是一个了解历史、静心游玩的好去处,/Date(1433841342000+0800)/,0
3534476,票价25元，但是胜在人少，清静，馆内的免费讲解的小姑娘讲的挺好；南京建城发展说的清清楚楚。感谢,/Date(1462519584000+0800)/,0
80217296,有许多的空间开发了，喜欢朝天宫！安静，舒服真心不错的，去过后就会爱上的！,/Date(1554474438000+0800)/,1
52662291,还不错，人不多，太阳很暖，小孩子很喜欢台阶上上下下玩,/Date(1518584313000+0800)/,0
179065819,不大，疫情内部不开，天气很热，西服保安很多，没感觉,/Date(1588867885000+0800)/,0
218351393,名气比较大，外面的景观还不错，但是里面没什么看的。,/Date(1562761706000+0800)/,0
87276890,朝天宫不大，但完整的保留了古代建筑风格，很有当年特色，很多历史人物都曾到此一游。&#x0A;如果是奔着博物馆去的话，那还是南京博物院更好些。,/Date(1493629808000+0800)/,0
8360873,性价比还是不错的，人少幽静，也有东西可以看看，虽然展品比较少，但是就门票的性价比来说还是可以的，设计也挺合理的，可以好好看点东西。,/Date(1473663556000+0800)/,2
249791008,停车不方便，景区不大，小故宫，人比较多，门票不贵,/Date(1576074375000+0800)/,0
60965949,整体很不错，但是感觉商业化比较浓厚，本来想感受下历史的氛围，但是导游啊，讲解器啊，等等的花钱太多，历史没学到，学到好多赚钱方法～,/Date(1567088001000+0800)/,0
22485180,喜欢那里的红墙～博物馆有讲解（早上10点有一场）,/Date(1526740559000+0800)/,0
59689230,里面很大，游客很少。有孔子像。环境美。里面有一个南京博物馆（不是南京博物院），进口暗暗怪吓人的。进入一个个小的展厅时有空调舒服。,/Date(1466673176000+0800)/,4
150855632,挺好玩的地方。里面讲解员服务态度很好的哦。朝天宫里面基础设施挺好的，里面空气新鲜且十分安静。门票价格较便宜，旅游景点挺多样的。,/Date(1511065028000+0800)/,2
11833648,这是我最爱的一家博物馆，每次都是一个人静静的看上三四小时。南京不愧为六朝古都。文物精美细致，多样且保存完好。一定要去看镇馆之宝玉俑衣。绝对是洗礼精神与审美的绝佳去处。,/Date(1387441043000+0800)/,2
186538037,展品不多，环境挺好，就是展品不让拍照，不好。,/Date(1563421968000+0800)/,0
1288630,这里是南京市博物馆，需要门票的，而不是免票可以进的南京博物院。馆内精致还是不错的，可以进去看镇馆之宝-韩信月下追萧何的梅瓶。,/Date(1477199948000+0800)/,2
7926639,还不错的景点里面比较大有很多展览可以当成是个博物馆要全部走完至少也得2个小时我去的太晚了都没走完可惜了下次有机会一定还去一次,/Date(1475336773000+0800)/,2
90385783,还不错！环境优雅，参观有秩序，保安很有爱！,/Date(1539008607000+0800)/,0
217071676,黄瓦红墙、大雄宝殿很适合拍照，而且人也少,/Date(1572526633000+0800)/,0
30116992,大夏天去的，景色一般般呀。见到一个穿古装准备拍照的女生，真佩服这么热的天穿那么多,/Date(1566827495000+0800)/,0
20950213,景区其实就是南京市博物馆，和南京博物院不是一个地方，里面除了南京城市发展陈列之外，其他可逛性一般，票价能再低一点就好了。,/Date(1563145873000+0800)/,0
76578444,全班一起去的，学生票价10元网上9元，还是比较便宜的。朝天宫也是南京市博物馆的所在地，展品中有萧何月下追韩信梅瓶，还有我特别喜欢的蜘蛛簪子。最近还有沉船瓷器展。秋天大成殿外面会有很多银杏叶，景也很美，有来这里摄影的人~,/Date(1511580359000+0800)/,0
23620609,朝天宫是清代的文庙，三重大殿依山而建，飞檐成叠；同时还是晋代丞相王导的私家花园，亭台楼阁，精致素雅。这里也是南京市博物馆，去的时候正好有宋朝服饰展和海上丝绸之路沉船文物展，展现了中国古代文明之发达。非常值得一去的地方。,/Date(1511160880000+0800)/,0
5011871,宫殿不是很多，展览和藏品也是。大概去上一回就好了。小侄女在门口阶梯上玩滑滑梯玩得很开心。还有返程时一段长长的大斜坡下去，小侄女疯跑了好几回，还不到2岁。到夕阳时飞檐寂寂应该很有感觉吧，都是逝去的时光，也是历史的一个片段。,/Date(1509589552000+0800)/,0
87258570,南京朝天宫是江南现存规模最大、保存最为完好的一组古建筑群，在明清两代被誉为“金陵第一胜迹”。朝天宫现为南京市博物馆所在地，馆内展示品中最具影响的是93年在汤山溶洞发现的南京猿人头鼻化石，距今约35万年，实为世间罕见。,/Date(1500900867000+0800)/,0
87275480,南京朝天宫是江南现存规模最大、保存最为完好的一组古建筑群，在明清两代被誉为“金陵第一胜迹”。朝天宫现为南京市博物馆所在地，馆内展示品中最具影响的是93年在汤山溶洞发现的南京猿人头鼻化石，距今约35万年，实为世间罕见。,/Date(1500179115000+0800)/,0
74852495,刚进去，是一个气势恢宏的宫苑，红墙琉璃瓦，颇有点皇家的气质，对得起朝天宫之名，即“朝拜上天”、“朝见天子”之意。进了宫苑往里走，有一座孔子行教像，明朝时期，朝天宫是朝廷举行盛典前练习礼仪的场所，以及官僚子弟袭封前学习朝见天子礼仪的地方，当天也看到有着汉服的青年在这边拍照，学习礼仪，足见朝天宫确实是练习礼仪的场所。再往里走是大成殿，文枢江左，气势恢宏，大成殿后面是崇圣殿，里面有很多文物展示。汉代的丝绸衣服，明朝的金发簪，以及各种，令人叹为观止！,/Date(1494284017000+0800)/,0
421007,朝天宫，位于南京市秦淮区朝天宫街道水西门内冶山，是江南地区现存建筑等级最高、面积最大、保存最完整的古建筑群。朝天宫之名，系明太祖朱元璋下诏御赐，取“朝拜上天”、“朝见天子”之意。&#x0A;&#x0A;朝天宫所在的冶山是春秋时期吴王夫差修筑的冶城所在地，是南京主城的发源地之一，之后历经沧桑，或为寺院、或为道观、或为学宫。明朝时期，朝天宫是朝廷举行盛典前练习礼仪的场所，以及官僚子弟袭封前学习朝见天子礼仪的地方。清同治年间，在原址上改建，从宋元明代的道教建筑变成了儒家的文庙和江宁府学（江宁府学旧址则改为南京武庙）。,/Date(1489068780000+0800)/,0
3505553,总的来说不错总的来说不错总的来说不错总的来说不错总的来说不错总的来说不错总的来说不错总的来说不错总的来说不错总的来说不错总的来说不错总的来说不错总的来说不错总的来说不错总的来说不错总的来说不错总的来说不错总的来说不错总的来说不错总的来说不错,/Date(1473939152000+0800)/,0
54086183,朝天宫大家都在说，我就不说了。说说其他人不会做的事情吧，我是从甘家大宅走到朝天宫的。。。。在小板巷那块有幸碰到了“老张龙子羹”。当时不知道这家店有什么来历，只是很随便的点了一份乌梅汤。然后我就后悔了。我从没有喝过这么好喝的乌梅汤，里面真的有梅子诶。为了再回味这乌梅汤的滋味，我在夫子庙，在中山陵碰到口渴就喝乌梅汤，但再也没有这个感觉了。&#x0A;一直把这份偶遇留在心底，可惜当时没有留心，还是从南京回来之后特别在地图全景模式下比对才找到了这家店，然后上了点评网才知道这是一家开了16年的老店。乌梅汤是里面的招牌，而且还有一个更具特色的龙子羹。&#x0A;诶，如果以后有机会能够再去南京旅游，一定要再次光顾。,/Date(1462542914000+0800)/,0
237421281,不错。买票挺麻烦，本来20元，网上即买即进23元。门口挂的博物馆，网上买的朝天宫票。心里不舒服，闲下来了咨询当地旅游局,/Date(1565771111000+0800)/,0
1818442,朝天宫有个类似于城门一般的外部围墙，里面其实现在是南京市博物馆，收门票，每月10号免费对外开放。平日里，一道大门外是免费的，也会有些展览，住在附近，逛下也是很不错呢！&#x0A;晚上散步锻炼在周围的人很多……,/Date(1544100479000+0800)/,0
69262606,历史悠久，人不多，清净，值得一去。,/Date(1567256859000+0800)/,0
1992779,游客不多，闲逛一下很舒服，虽然馆藏不能和南京博物院的相比，但朝天宫建筑本身就是古迹很有韵味，里面几个花园也很幽静漂亮，尤其院子里的金桂，香味让人心旷神怡。,/Date(1508298052000+0800)/,0
689036,本身是明清时代的孔庙，现在是南京市博物馆。南京是六朝古都，文物还是不少的。,/Date(1497702452000+0800)/,2
136789168,还不错，朝天宫，还不错，朝天宫,/Date(1562741342000+0800)/,0
48608140,人少景美，但可看的东西不多。,/Date(1579612563000+0800)/,0
23771984,第一天中午到达南京南站就直奔酒店放下行李，因为是下雨的关系就去了朝天宫，人不是很多很幽静，环境景色也是极好的,/Date(1448336312000+0800)/,0
28796073,朝天宫是南方最大古建筑群，原东吴冶城所在，也是现南京博物馆，还不错,/Date(1491560379000+0800)/,0
2654721,南京博物馆里面的内容还不少，如果细细品味半天时间是需要的。朝天宫的建筑也很有特点，相对而言25的门票还是物有所值的。需要注意，园子中的很多石板路长满了青苔，很容易滑到，尤其是下雨的时候。,/Date(1466688794000+0800)/,0
53454371,里面的物品馆藏很丰富，有许多陶器、字画，不错，可以看看，环境也不错，人不是很多，很清静优雅，一定要注意到左手边的每个厢房游览一下，里面内容比较丰富，不然遗漏就感觉比较单调了，只有几个大殿,/Date(1457316303000+0800)/,0
3482417,对于导游的讲解词我就不重复了。个人觉得一般，但是在寸土寸金的市区能有这么一个安静的地方感觉倒是不错。出了朝天宫，旁边就是南京博物院，也很值得一看。,/Date(1410514141000+0800)/,2
5562734,挺好的，有很多南京的历史,/Date(1575552611000+0800)/,0
218434535,吃完鸡汁汤包散散步发觉有一个朝天宫就买了门票进去逗了一圈，门票就十块不是很贵，里面其实也没什么太大的内容拍拍照片风景很不错。,/Date(1557183124000+0800)/,1
86208277,门票挺便宜，里面清静优雅，又不是明朝建筑的庄严，展示的玉器，金饰，服侍是我从未目睹过得，增长阅历的好地方,/Date(1511404213000+0800)/,0
43866496,不错&#x20;&#x20;&#x20;服务态度很好&#x20;&#x20;&#x20;&#x20;&#x20;干净整洁,/Date(1502931137000+0800)/,0
26079169,朝天宫曾经是朝拜天子的地方，现在是博物院，在莫愁湖附近，交通非常便利，值得前往，尤其是建筑很有宫殿特征。,/Date(1445163071000+0800)/,0
1272732,够安静，人很少，还是值得去的，不是很大，大概一个多小时可以走完,/Date(1519889749000+0800)/,0
82467875,朝天宫很大&#x20;建筑高大气派！院子四四方方的&#x20;很有中国古建筑的特色&#x20;这里游人很少&#x20;显得很清净&#x20;南京市博主馆在里面&#x20;这个博物馆很有趣味性&#x20;讲了南京从古至今的历史&#x20;从六朝&#x20;隋唐&#x20;一直讲到民国&#x20;里面的藏品也很丰富,/Date(1519608610000+0800)/,0
,算是一个比较冷的景点，但是还是值得去看看的，有一些精美的展品,/Date(1504608264000+0800)/,0
109122150,朝天宫里面有市博物馆，讲述了六朝变迁，还是值得一去的。后面还有一个竹林七贤的花园。闹市中的一抹平静,/Date(1492010749000+0800)/,0
5557584,和朋友去过两次，朝天宫的树是我最喜欢的感觉。这点的展览蛮不错的，而且在清明节假期时这里是绝对的小众旅游地。我喜欢这里给人的安静懒散的氛围。,/Date(1399116314000+0800)/,2
12839988,博物馆大赞文物超帅吖！不过我妈妈一点兴趣都没有只在外面等我，而且时间不够我还有个宋明服饰展没看呢好可惜。卖票的阿姨很好人只收我半票虽然我没学生证她本来还以为我未成年不想收我钱的呢,/Date(1371982900000+0800)/,0
6326589,有很多展览，需要购买门票，值得一看。,/Date(1526253600000+0800)/,1
41320816,朝天宫很大，游客很少，适合摄影师拍照，拍写真，看的是文化,/Date(1510500082000+0800)/,0
28029614,人很少，没有总统府人多，不过规模挺大的，适合拍照，价格也比较优惠，携程预订，取票也很方便，，，，,/Date(1451556146000+0800)/,0
14767901,朝天宫位于南京市秦淮区朝天宫街道水西门内冶山，是江南规模最大、保存最为完好的一组古建筑群，现为南京市博物馆。建筑主体木结构基本保留了当年旧形制，很是难得。总体规划布局在国内也是保存较好的文庙形制。,/Date(1406776657000+0800)/,3
27331678,靠近新街口，以前是和秦淮河热闹程度比肩的，后来改为古玩市场了，冷清了很多，但是可游览的地方很多,/Date(1567552419000+0800)/,0
381682,小长假的第二天下午四点去的，人不多，好些穿汉服的女孩在在凹造型，也是一景。春天的南京真好，三月阳春草长莺飞生机盎然，让古建筑也焕发活力,/Date(1554641485000+0800)/,0
5351475,很久没去了。这里据说原来是吴王夫差所筑的城。明朝洪武时期太祖朱元璋下诏赐名为“朝天宫”。意思就是说是个“朝拜上天”的地方。现在是南京市博物馆所在地。对历史感兴趣的可以去看看。,/Date(1426224434000+0800)/,0
4131578,朝天宫不仅是一个古建筑群，而且还被建成南京市博物馆，但是馆藏似乎并不是很丰富，关键是管理有些问题，馆内灯光极暗，文字部分根本看不清。,/Date(1522045031000+0800)/,0
2318666,朝天宫，是目前保留的很好的古建筑之一，建筑比较有特色的，喜欢做一些古玩生意的人可以来看看，环境还不错，就是比较冷清，去的人不是很多。,/Date(1397919858000+0800)/,2
3508625,不错的地方，人少，可以尽情的拍拍拍！还能了解历史！,/Date(1524756963000+0800)/,0
35783463,还是不错的，其实个人感觉南京市博物馆比朝天宫更丰富,/Date(1515736744000+0800)/,0
39316674,国庆5号下午从总统府出来后，来到了朝天宫，当时已经快三四点了。换票进入宫内，游客相对其他景区真是少多了，反而游的比较舒心！有一种游故宫的错觉！展览也非常有意义！值得一去！,/Date(1476407182000+0800)/,0
95650444,人比较少景点挺好的里面有许多有纪念的陶瓷挺珍贵的,/Date(1503524370000+0800)/,0
76677064,朝天宫就是南京市博物馆的所在地，进入朝天宫有几颗大的银杏树，秋天的时候叶子黄了引来很多人来拍照，里面有许多的南京本地的文物，不像南京博物院有很多非南京本地出土的文物，,/Date(1487374041000+0800)/,0
11452558,江南规模最大、保存最为完好的一组古建筑群，现为南京市博物馆。明朝时，曾作为皇家祈福、礼拜道教诸神的道场。这里有清初栽植的银杏一株，虽饱经三百余年风霜，至今仍绿荫如盖。,/Date(1485360027000+0800)/,0
19437458,朝天宫的建筑为典型的明清殿宇式。现为南京市博物馆所在地，是金陵保存的古代建筑最完整的一个，很有价值的古迹。,/Date(1407222849000+0800)/,3
13295016,安静、宽敞，我很喜欢这座大大的院子。泮池后面的朝天宫的牌坊非常华丽、形状也很美。后面的宫殿顺着山势一层一层升高，最后是山顶上的一个小花园，人少，自己看看，相当可心。,/Date(1423118196000+0800)/,0
34375062,好歹是清朝孔庙，没有不进的道理。下了一天雨下的人有些毛，不过雨中的梧桐很美很美。,/Date(1510910277000+0800)/,0
79159492,不怎么好玩，还没有南京博物院一半大呢！去的时候还在装修，人也不多有点包场的感觉！,/Date(1484557659000+0800)/,2
64513160,朝天宫实际上就是南京的一个博物馆，建于明代，与故宫类似。宫内环境优美幽静，收藏文物巨多，值得历史爱好者、文物爱好者一去。,/Date(1477656921000+0800)/,0
32345960,与朋友一起去玩的，景色非常不错，大家玩的都不想回家了，下次一定要和家人也来玩玩。,/Date(1430058845000+0800)/,0
1559959,导游说了是南京的发源地之一，红色外墙黄色的顶，有点故宫的问道。现在里面是南京博物馆，看看不错，导游说这个地方也是以前天子接见官员子弟的地方，还做过法院。值得一看,/Date(1419083971000+0800)/,0
183403889,很大的地方，里面很多历史知识，值得来！,/Date(1530527581000+0800)/,0
4224371,有故宫的感觉，还有武大的感觉，房子很好看，很值得去看。里面还有南京博物馆，里面的宝贝东西还是蛮多的，看着很新鲜，值得推荐给大家去看看，游人也不多，逛起来很舒服,/Date(1458787950000+0800)/,0
45534791,朝天宫博物馆是南京市博物馆，古香古色的建筑，春花烂漫，银杏秋香，适合来看看。,/Date(1521708920000+0800)/,2
50107414,就是逛博物馆，大多是西汉&#x20;&#x20;东汉&#x20;&#x20;三国&#x20;。明&#x20;清末东西不多&#x20;，也有民国时期&#x20;。孙钟山&#x20;。孙权和诸葛亮。不应该收费。应该让人免费参观&#x20;。,/Date(1511883009000+0800)/,0
2514774,幼时和兄弟姐妹一起去玩滑梯，后来进去看文物摆摊，再后来就深锁宫门不得而入了。,/Date(1451400974000+0800)/,0
15655764,花了两个小时逛了一圈，沉船打捞的一个展览沉船打捞的一些知识，还有主要的展馆就是跟南京。相关的一些历史文物，还有一些古式建筑，收藏品肯定不如南京博物院了。。,/Date(1511952280000+0800)/,0
149761650,就是个博物馆，历史介绍倒是挺全的。,/Date(1507078087000+0800)/,0
80973064,很不错对历史感兴趣的特别不错的地方,/Date(1491224025000+0800)/,0
4710962,保留朝天宫的名称，其实现在是南京博物馆了，牌坊和下马桩都还在。博物馆并不大，外面还有古玩市场。,/Date(1463453054000+0800)/,1
24187939,如果喜欢历史文物的话，这个景点还是值得一去的！&#x0A;本来以为2个小时搞定，结果看得太认真，2点进去，打了5点多闭馆不得不离开！如果早上去，估计可以多呆一会儿。,/Date(1414235027000+0800)/,0
43216972,实际上就是南京的博物院，门口看着很小，但是进去后是个地下室很大，真是别走洞天，太值的看了，那些牙雕简直是太精美了,/Date(1497838606000+0800)/,2
3301843,里面一部分是免费开放的，只是到朝天宫里面要票，还是挺值得一看的，票价也合理。博物馆内容也挺丰富，个人更喜欢建筑本身，肃穆大气，尤其东面一侧，非常美丽。,/Date(1518742038000+0800)/,0
36231771,具有价值的地方，因为它有历史，有深度，是一值得来一趟的地方。但是它把外围也作为收费的场所不给老百姓进去休闲我个人觉得政府做的不妥。,/Date(1436213078000+0800)/,1
19229130,地理位置优越，临近新街囗，交通便利。建筑恢宏大气，大门台阶两边石条被孩子们经年累月当滑梯，都滑出凹痕。里面有南京博物馆，值得一看。,/Date(1405579691000+0800)/,1
689036,原址是明清时代的孔庙，建筑保存比较好，不过庙里面的东西都被改造了。主体变成了南京市博物馆。文物还是不少的。,/Date(1497702738000+0800)/,0
1848987,就是南京的孔庙，大成殿，孔子像，里面有个馆专门是讲南京的建成始末,/Date(1411047625000+0800)/,2
14638355,朝天宫的建筑是明清时候的建筑，还是挺古色古香的，里面其实就是南京的博物馆，藏品很多呢,/Date(1406774783000+0800)/,3
32521642,相传吴王夫差在这里设冶铸作坊制造兵器，现在是南京博物馆所在地，通过展馆参观，发现南京不愧是六朝古都，挖掘出土了很多文物，极具研究价值与历史价值,/Date(1435902450000+0800)/,0
161933999,当天大雪纷飞，朝天宫在大雪的覆盖下，还是挺美的。景点工作人员也很贴心，一直在清除地上的积雪和冰块，为了我们更安全地游玩，是次不错的参观之旅！,/Date(1517469861000+0800)/,0
1633814,场面宏大，是个文庙。门口第一部分是免费的，里面才出钱，不过也没啥东西，就是些展览。到场感受下气氛就可,/Date(1504448265000+0800)/,0
36072831,黄瓦红墙，各种古朴的建筑，各种展览馆，在角落里还有古代瓷窑水井啥的呢。喜欢历史的童鞋不要错过啊。是江南规模最大、保存最为完好的一组古建筑群。,/Date(1437308119000+0800)/,0
12061364,黄瓦红墙，各种古朴的建筑，各种展览馆，在角落里还有古代瓷窑水井啥的呢。喜欢历史的童鞋不要错过啊。是江南规模最大、保存最为完好的一组古建筑群。,/Date(1393299518000+0800)/,0
50827408,早晨原安排去总统府游玩，可是人太多，连停车位都满了，不愿意等就选择了朝天宫。人少景美，尤其是南京市博物馆，避暑消夏增长知识的好地方！推荐！,/Date(1471063517000+0800)/,0
1818442,朝天宫其实就是南京博物馆，虽然比南京博物院差了一个层级，不过如果时间多，可惜花一点时间小转，外面的一径是免费了，里面还要收费哦⊙∀⊙！,/Date(1541376610000+0800)/,0
27579793,朝天宫是现在江南很少见，而且规模之大保存相当完好的古建筑之一，相当的有价值，&#x0A;基本结构依然保留原建筑模样，相当有看头，值得一去的好地方,/Date(1425640461000+0800)/,0
26850931,这里是南京保存最完好的古建筑群，其中有一些建筑主体木结构基本保留了当年的外形制造，古建筑群风格还是值得观赏的，如果能供免费开放就更好了,/Date(1425368553000+0800)/,0
19090877,南京博物馆的藏品也不少，萧何月下追韩信梅瓶就在那里,/Date(1573787771000+0800)/,0
6266252,非常喜欢明朝建筑的简约风格，虽然不华丽，但是很漂亮。所以路过就去欣赏了下，人很少，很清静。,/Date(1503966266000+0800)/,0
34767719,游玩体验很好，去时人不多，还顺道参观了博物馆，游玩当天要至少提前2小时预定，否则无法进入。,/Date(1500039036000+0800)/,2
42803678,值得去。但不该收门票，作为博物馆应该对民众开放,/Date(1454246804000+0800)/,0
114736516,非常好，里面有南京市博物馆，值得去。我去看了宫殿，确实比较古老，还可以看看一些博物馆，是学习&#x20;&#x20;休闲的好去处，人不多，比较安静。,/Date(1555929543000+0800)/,0
23770868,秋天看银杏是个好去处，展厅的路线规划清晰而合理，虽说展品的价值可能并没有那么高，但对于小朋友来说已经可以得到较好的教育意义了,/Date(1511228187000+0800)/,0
70645790,挺好的，展馆介绍很详细，十一期间人也不算太多，相比明孝陵一类的景点清净多了，更有气韵,/Date(1475647693000+0800)/,2
80187664,人不多，还有500多年的银杏。没想到市中心有这么安静的所在。博物馆的馆藏也很丰富。,/Date(1511585833000+0800)/,0
1288630,需要花20元买门票进入。除了看南京市博物馆以外，还可以看到一组建筑群，原来是孔庙，很宏伟，最漂亮的季节是秋天，秋景很漂亮。,/Date(1477481741000+0800)/,2
33458854,不错的，有锅贴和古玩市场等等，闲时可以转转,/Date(1451034201000+0800)/,0
6366687,很不错，到南京旅游看名胜古迹的必去之地哦。,/Date(1446125102000+0800)/,0
69441215,安检后的第一进广场免费，一早就走老头在那锻炼。地方不大，粗略兜一圈一个小时就够了。几个小展室里都不允许拍照。保安友情提醒注意屋檐上倒挂的冰锥掉会下来。二十七个小景点在地图上的标识不全。胜在幽静，游客很少。,/Date(1517754806000+0800)/,0
7340108,人少清静、博物馆内工作人员讲解也很全面、秋天的红墙和银杏非常美、值得一来的好地方,/Date(1511419462000+0800)/,0
2505075,身居闹市尤显清净，如果在南京游玩的时间有富裕的话值得一游。历史上就是孔庙，类似北京的国子监，现在为南京市博物馆。在携程买票22元一位，游客稀少，园子很大，古迹不少。市博物馆有两个展览可以参观，一个是南京历史展，有一间电影放映室循环播放《马路天使》等老电影的片段；还有一个是文物精品展，展示大量精美的金器、玉器。可以悠闲的逛上半天。,/Date(1467707863000+0800)/,0
2992607,还是不错的，人也不多，带小孩子去很好的。,/Date(1449488543000+0800)/,0
46783127,取票方便主要是南京博物馆在里面取票方便主要是南京博物馆在里面取票方便主要是南京博物馆在里面取票方便主要是南京博物馆在里面,/Date(1446772217000+0800)/,0
31383099,朝天宫是南京博物馆所在地，到每一座城市都该去参观一下它的博物馆，一来博物馆里的全是真东西，没有山寨货，二来博物馆免费，三来可以欣赏宏伟的建筑群以及馆藏的珍宝，四来没有喧哗很安静。朝天宫在南京水西门内治山，据说吴王夫差曾在此铸造兵器，孙权也把这里作为制造铜铁器的场所。民国年间，这里是首都高等法院。建国后就成了南博。作为博物馆，这里既有南京人头骨化石、青釉羽人纹盘口壶、青瓷莲花尊、王、谢家族墓志，也有青花萧何追韩信梅瓶、镶金托云龙纹玉带、渔翁戏荷琥珀杯等珍宝。前段时间发现的西周年间鸡蛋，就在这里。南京市内乘坐312路、48路、4路、804路、83路公交车，朝天宫站下车即到。朝天宫可以和莫愁湖，中华门，夫子庙等一起游玩。,/Date(1428484953000+0800)/,0
1316473,朝天宫在夫子庙附近，是秦淮区的一个比较有名的景点，也是至今还保存得比较好的一个古建筑群，现在朝天宫已经经过无数次的整修，整体看上去都有新净的感觉，但从建筑上看还是可以看出当年它的风采，岁月留下的痕迹也历历在目。,/Date(1418817800000+0800)/,0
1607447,读高中的儿子吵着要去的“南京博物馆”&#x0D;&#x0A;坐落在旧朝遗留的“朝天宫”内。&#x0D;&#x0A;高中生~免票！一大意外。&#x0D;&#x0A;进入破落的院落，一开始以为不过尔尔，谁知一脚踏入展览区域，竟然是别有洞天。&#x0D;&#x0A;值得给喜欢历史的孩子们上上课。&#x0D;&#x0A;六朝古都，并非浪得虚名。&#x0D;&#x0A;可以一看！&#x0D;&#x0A;人少啊~长假里，那么干净的场所，何乐不为？,/Date(1349581703000+0800)/,0
49018413,很早去的，都有点忘了，南京皇府遗址之一,/Date(1566366009000+0800)/,0
53465305,地方很小，不怎么建议去，如果去过了南京博物院或六朝博物馆，这个地方就没必要去了,/Date(1520511309000+0800)/,2
120844306,很不错的古迹，南方很有气势的中式传统建筑，虽然不大但整个建筑群看起来还是蛮壮观的，人文环境挺不错，感兴趣的可以看看。.,/Date(1519179139000+0800)/,0
64063273,和男朋友一起去玩耍的，里面有南京市博物馆&#x0A;展品众多，历史气息浓厚&#x0A;很棒的地方,/Date(1488773830000+0800)/,0
335673,保存较老的皇宫，但基本以展览为主，可看性不强，人也不多。,/Date(1410929412000+0800)/,1
6257178,地方不大，建筑不错，没事可以来看看,/Date(1572330188000+0800)/,0
115907271,门前的台阶已成为孩子们的滑梯，里面是一座博物馆，可有教育意义。性价比很高.,/Date(1515991247000+0800)/,2
66594590,朝天宫历史底蕴深厚，古物古迹丰富！,/Date(1515915856000+0800)/,0
6748870,很不错啊，历史感很足，凭证件可以免费借用讲解的小录音机,/Date(1506343420000+0800)/,3
113346419,朝天宫古建筑群气势恢弘，带给人一种历史的韵味！另外馆内的陈列展则是将南京这座城市的前世今生完全呈现出来！值得一游！,/Date(1502625977000+0800)/,0
36827591,本以为25块钱门票不会有什么看头，结果我在里面待了三个多小时！南京市博物馆给我的印象甚至比博物院还要好！强烈推荐！,/Date(1470462733000+0800)/,0
41506285,景区景观与其他宫院大体差不多，不过里面的博物馆非常值得去看，很有体系的展览了南京的历史，交通便利，携程订票方便实惠,/Date(1442204311000+0800)/,0
56675830,历史悠久，游客不多，体验还可以。,/Date(1530697588000+0800)/,0
60058365,人很少，只喜欢看风景的人去了可能会觉得失望。博物馆展厅的南京史看看也很涨知识，就是疏于维护，好几个角落豆黑黑的。,/Date(1470809356000+0800)/,0
25578905,"保存最为完好的一组古建筑群，现为南京市博物馆。南朝时曾为总明观太学所在地，&#x20;但上次去的时候,里面的美术展我比较喜欢",/Date(1417515063000+0800)/,0
80525937,还是不推荐去，博物馆馆藏不多。,/Date(1567318425000+0800)/,0
19090877,全国最大的照壁，天子祭天的地方,/Date(1564995164000+0800)/,0
201153899,还不错，不过很多解说板上字迹已经磨花了。总体还是可以的，至少比浓浓商业气息的甘熙宅第优秀好多了。推荐龙盘虎踞。,/Date(1539775568000+0800)/,0
117445826,地方很不错，适合带孩子见识见识,/Date(1521338456000+0800)/,0
100152096,地理位置有点偏，和大名鼎鼎的南博比起来人气小很多。展馆有点不好找，需要花点心思，不过展品数量很丰富，挺有看头。,/Date(1498174313000+0800)/,0
6748870,不是很大，但是感觉蛮好的，将博物馆融入到宫殿当中，还有免费借讲解收音机的服务，人也不是特别多，不错，适合散散心,/Date(1493607544000+0800)/,0
3502209,携程上订的门票，很给力，既节省了宝贵的大米，又节约了排队购票的时间。,/Date(1539701707000+0800)/,0
22655370,市博物馆展览设置非常好，比南京博物院的好看，脉络清晰，详细，没有那么多人，适合带孩子参观，了解古都历史文化。,/Date(1507340452000+0800)/,0
7328705,其实现在就是博物馆了，以前的遗址早就毁了，现在的是重建的，历史性是没有南京博物院好的，但是建筑还是很有特色的,/Date(1415274299000+0800)/,0
13321684,做为一家市级博物馆，朝天宫相对弱了点。和南京博物馆在同一城市，两者真不能相比，想买个有特色的纪念品都没有。,/Date(1507191219000+0800)/,0
35446243,朝天宫的建筑为典型的明清殿宇式。现为南京市博物馆所在地，是金陵保存的古代建筑最完整的一个，很有价值的古迹。,/Date(1436515413000+0800)/,0
35678266,朝天宫的建筑为典型的明清殿宇式。现为南京市博物馆所在地，是金陵保存的古代建筑最完整的一个，很有价值的古迹。,/Date(1435737735000+0800)/,0
1052953,以前有文物市場，而且是開放的，現在全都圍牆圍上了。和博物館在一起，博物館倒值得逛逛。外面的大紅圍牆很漂亮。,/Date(1431496835000+0800)/,0
3315956,走进大门口就看见了孔老先生的石像一个值得人们尊重的历史大人物，朝天宫原生带的古建筑，也吸引了不少外地游客,/Date(1422431222000+0800)/,0
92704141,下着雨，有点地滑，但是我还是很推荐，因为感觉它真的能让人心静来，认真思考。一砖一瓦，都是历史悠久的故事,/Date(1506955172000+0800)/,0
23963163,里面有十八层地狱，好奇心的驱使下，我们有仨人买票进去了。具体里面情况我们就不透露了，还是要自己体验呀。,/Date(1431074099000+0800)/,0
20642166,很不错，环境幽静&#x20;很有文化底蕴的，可以去里面看看展品，这里看看古玩市场也是一个不错的选择&#x20;值得拍照留恋。,/Date(1413967428000+0800)/,0
80789949,银杏很漂亮。这次陪室友第二次去了。碰上了新加的展览。很值。,/Date(1511017923000+0800)/,0
583360,南京市爱国主义教育基地，这里藏品多。古物也很多，还有收门票。建筑风格还是喜欢的。可以看到南京的历史,/Date(1386731254000+0800)/,0
150478576,南京朝天宫是江南现存规模最大、保存最完好的一组古建筑群，有精彩的古文物展示，还有雄伟的古典建筑。,/Date(1510974798000+0800)/,0
53852521,博物馆很好，看到有老师带着小朋友一边参观一边有针对性地进行历史故事的讲解与立事立人的教育。???,/Date(1498755284000+0800)/,0
45716982,上午到的，买票进入，原以为只要一两个小时就玩差不多，结果到晚上才出来，风景建筑很多，骑马看演出,/Date(1446804157000+0800)/,0
182752009,朝天宫同时也是南京市博物馆（不是南京博物院！）游客不多，环境很好。上午下午各有一场免费讲解。,/Date(1533380407000+0800)/,0
22343688,网购票，在窗口出示购买短信，兑换实体票就可以。因为当天是10年难得的大雪，所以别有一番风味。,/Date(1517210374000+0800)/,0
52707073,很好，里面还有南京博物馆，古色古韵，值得一去，古建筑,/Date(1510538065000+0800)/,0
3371988,南京市博物馆，文庙，建筑上按其规制，有泮池，大成殿,/Date(1517731359000+0800)/,2
93548858,南方很有气势的中式传统建筑群！德配天地！道贯古今！,/Date(1515933064000+0800)/,0
70973241,挺好，我去那天免费参观。里面有好些个展厅，不过大典里的展厅光线比较暗。,/Date(1512733476000+0800)/,1
24702020,如果说去夫子庙是看人的话到朝天宫就是看文物。里面到处是古代很有趣的物件。分别有漆器室，玉室,/Date(1416749454000+0800)/,0
85691328,朝天宫我觉得最主要是看博物馆里的展品，真的丰富又精品，展的很多金饰明代服装真的让眼界开阔，很多博物馆的没有这么漂亮的，虽然没有南京博物院的东西多，但还是很有意义来看的。,/Date(1538368413000+0800)/,0
1492540,就在南京城区，附近没有地铁，但是打车也不贵，皇宫大院，走走看看也不累，经常会办一些展览，,/Date(1507690200000+0800)/,0
109206072,景点人不多，一个人走有一种穿越的感觉，博物馆很好,/Date(1496628300000+0800)/,2
9348598,哈菩提&#x20;Ms&#x20;猪婆虎&#x20;vs&#x20;得需要送礼一桌赔罪雎地理图谱破功????自助了另一只破各种颜色够&#x20;in,/Date(1464593053000+0800)/,0
8705367,人少，环境好。里面的惊喜很多！与别的景点相比性价比超高！商业气息不浓，有闹中取静的感觉。,/Date(1382437162000+0800)/,0
172911041,为南京博物馆，一个小时可以游览完，介绍了很多民国时期南京的建筑等，爱历史的朋友可以一去,/Date(1528614249000+0800)/,0
2333822,值得游览，特别是有好些展览挺不错的！虽然是国庆长假期间还是人不太多，舒适度也特别合适。,/Date(1476254551000+0800)/,0
51442354,感觉很棒，特别好，也很大，希望能够再去一次，也长见识了。可以的话，我希望能够再去一次。,/Date(1455660500000+0800)/,0
75171963,很清净的古物和清净的树，非常不错值得一去o(≧v≦)o还有可爱的猫和非常美丽的博物馆,/Date(1516118809000+0800)/,0
153418540,很不错的景点，里面很多古代的，焕然一新的感觉,/Date(1510405116000+0800)/,2
51768983,大气磅礴，游人也不多，能够安安静静玩的好地方,/Date(1497645511000+0800)/,0
913117,朝天宫里面更像是一个公园，里面还是蛮大了。园林式的感觉。有小桥，有水，有长廊....历史展品也相当不错，珍品不少，宝物很多，更有历史建筑朝天宫等待各位，很不错的地方,/Date(1416018567000+0800)/,0
17965684,古色古香，万人宫墙，好地方，老人们打牌广场舞,/Date(1411798239000+0800)/,2
2124263,这里有很多古玩古物，是个很有历史特色的地方，来的时候正好赶上一个表演，算是意外之喜。,/Date(1392890091000+0800)/,0
15733442,朝天宫里面有孔夫子像，建筑很古雅，南京博物馆有很多展品在里面展示，很有玩头，真棒。,/Date(1545890811000+0800)/,0
55347471,家门口的景点，幽静而又有历史，金黄色的树叶铺满了一地，博物馆的展品都让人流连忘返。,/Date(1510453299000+0800)/,0
13401058,不错，有点象博物馆，里面很大，很安静，静下心来看看还是不错的，在携程订票也很方便！,/Date(1480050000000+0800)/,0
62784778,去的时候殿堂楼阁在装修，周围风景还是蛮不错的，上班压力大，正好散散心，很不错的选择,/Date(1475864564000+0800)/,0
108995654,此景区虽然人不多，但是很有特色，尤其是博物馆，了解了很多历史，受益匪浅，觉得很值！,/Date(1454335612000+0800)/,0
45708741,出票快，，，，预定也方便，，，，，值得推荐，，，，景区也很不错，，，，，下次要再来,/Date(1446882115000+0800)/,0
7039458,非常有意镜非常有意镜非常有意镜非常有意镜非常有意镜非常有意镜非常有意镜非常有意镜,/Date(1543980262000+0800)/,0
53643364,下雨天去的，人很少！一开始是想去博物馆后来发现是在里面的，还不错！！！！！！！！,/Date(1474010689000+0800)/,0
8066143,游人不多，所以可以慢慢的欣赏，这是我喜欢的旅游节奏，展馆中人文类更多些还是不错的,/Date(1452935113000+0800)/,0
48396784,大家进去看看就知道了，门票只需要五块钱！,/Date(1451397226000+0800)/,0
32521642,朝天宫里陈列的一些以前朝代的饰品，挺好看的。还有历代衣装服饰以及一些文物的展出。,/Date(1432623271000+0800)/,0
17965684,万人宫墙，老人晚上聚集，各种活动～～～～,/Date(1412610061000+0800)/,2
1314318,"怎么说呢,&#x20;不去可能会惦记,去了可能会小有遗憾,作为博物馆,她收费,这是我不能理解的地方,&#x20;去了之后看特殊的地方也还要另外买票,&#x20;所有性价比一般是留给我的深刻印象!&#x20;但上次去的时候,里面的美术展我比较喜欢,所以,看大家的运气咯!",/Date(1408852448000+0800)/,2
71117448,朝天宫也是南京市博物馆，主体是文庙，里面有南京城市演进史展览，非常有参观意义。,/Date(1523712058000+0800)/,0
33312087,每天上下班都要经过这里，也算是南京的老景点了此馆内文物值得看看了解南京风土人情,/Date(1434507763000+0800)/,0
14456011,朝天宫是一座古建筑群，景区内主要都是一些宫殿，宫殿内会有很多珍贵的壁画，佛龛等物，现在是南京博物馆，但是好像需要从宫门出来绕一下才能进入。,/Date(1432735057000+0800)/,1
1101532,为了秋天的古银杏前往，门票25有点贵,/Date(1479139731000+0800)/,0
16231076,这也是目前保留的很好的古建筑之一了，个人觉得没有什么好玩的，比较冷清；但是建筑还是比较有特色的，喜欢做一些古玩生意的人可以来看看，古玩市场还是有点意思的～～,/Date(1397459799000+0800)/,0
15560120,有很多卖古玩的，古董的，晚上也是周边市民来纳凉的好地方，还有烧烤摊，很热闹。,/Date(1395576052000+0800)/,0
634087,即买即用，不错…………………………,/Date(1518766788000+0800)/,0
108062540,里面很大，显得庄严，庄重，游人不多，文物很多。里面的南京市博物馆值得一看。,/Date(1510356419000+0800)/,0
2557497,即南京市博物馆所在地，古色古香，去的时候正在举行明清瓷器展，人少幽静，门前的台阶旁的坡道曾经是当地小孩滑滑梯的场地，光滑而透出历史的痕迹，有时间值得一去。,/Date(1494435678000+0800)/,0
39592041,携程订票订酒店都是很方便，最喜欢在携程定机票，会有很全面的提醒，强烈推荐,/Date(1523967307000+0800)/,0
11851063,老人票很给力，可惜没给张正式的票,/Date(1519552023000+0800)/,0
26888292,一般去错地方了，应该去南京博物院,/Date(1497673844000+0800)/,2
1280311,就是一些仿古建筑，然后有些展品，但是没见到什么震撼性的文物，不是特别好。,/Date(1442757405000+0800)/,0
172947458,从六朝到近现代，珍藏了很多的文物，里面挺大的，风景也好，我觉得值得一看,/Date(1554033066000+0800)/,0
5681059,免费讲解&#x20;&#x20;春节送灯笼&#x20;&#x20;人少适合细游,/Date(1549507211000+0800)/,0
167399623,不错，很长知识，孩子玩的很开心,/Date(1521269702000+0800)/,2
56068239,嗯，不错，环境挺好，值得看看，,/Date(1507733380000+0800)/,2
40034783,喜欢做一些古玩生意的人可以来看看，不过看完离开时好多团都进来了，还不错,/Date(1443099345000+0800)/,0
58342113,人不是很多，景色不错，挺大的逛的xue微有点儿累,/Date(1539053800000+0800)/,1
168784030,性价比很高&#x20;就在我们住的附近&#x20;去过两次，带娃去玩，挺不错的地方&#x20;没那么多人,/Date(1530763592000+0800)/,0
37713454,值得一去，建筑宏伟壮丽，是南京保存最完整的古建筑,/Date(1525052577000+0800)/,1
54574565,建筑修缮后更有气势，更让我们后人感悟应对孔子和儒家思想的尊崇和传承。,/Date(1516783051000+0800)/,0
53094248,不错，挺好玩的，人文环境等等都是挺不错的，挺推荐的，感兴趣的可以试试,/Date(1516291208000+0800)/,0
46773687,九块钱的门票实在是太值了&#x20;很喜欢地宫的设计&#x20;非常用心&#x20;周末有时间逛逛很适合,/Date(1493299018000+0800)/,0
37331421,泮池后面的朝天宫的牌坊非常华丽、现为南京市博物馆，一个很有价值的古迹,/Date(1441800995000+0800)/,0
12980554,同样是祭祀孔夫子的地方，如果说去夫子庙是看人的话到朝天宫就是看文物。景区内主要都是一些宫殿，宫殿内会有很多珍贵的壁画，佛龛等物。,/Date(1390990407000+0800)/,5
540016,朝天宫本身无甚可看，三重院落而已。不过西侧的博物馆展厅内容很是丰富，仔细看的话，消磨大半日是不成问题的。门票20，学生证半价，在园林年卡的范围之内。,/Date(1334496837000+0800)/,0
3339278,比当场买票便宜，但是没有实体票，有收集门票的朋友还是在售票处买吧。,/Date(1536747792000+0800)/,0
59296529,挺不错的，最早是做军工的，然后改成了教育用途，有很多南京的历史知识,/Date(1515683724000+0800)/,0
20013698,门票20元，早上对晨练的人免费开放一部分景区。午后朝天宫外有很多晒太阳的人，还有玩鸟的人，一片安静祥和啊！,/Date(1419380058000+0800)/,0
25461141,朝天宫位于南京市中心的西南面。古代称治山，里面有很多文物值得一看。,/Date(1416926371000+0800)/,0
24427809,一条粥街，所有的海鲜粥都很好吃。不过有点小贵。份量大够2到3人吃。,/Date(1413911721000+0800)/,0
89354857,值得一游，老人小孩都可以去玩玩，看到拍婚纱照的，还有汉服**姐。,/Date(1552093969000+0800)/,0
55347471,很好的一个景点，安静又不失风景好，门口的话题陪伴了多少人的童年。,/Date(1523893632000+0800)/,0
115220142,很棒，携程上便宜点，这个时候去，秋意浓，500多年的银杏树，很棒,/Date(1511852793000+0800)/,0
367343,最值得一游的博物馆，内部人不多，细致入微看看,/Date(1486096754000+0800)/,1
4395909,没有什么特殊的感觉，每天上下班都要经过这里，也算是南京的老景点了,/Date(1406034895000+0800)/,0
9364107,朝天宫(南京博物馆)历史悠久，可以追溯到公元前5世纪是一个非常具有特色的古老建筑，南京博物馆馆藏文物十万多件，集中反映了古都南京的历史文化特色。,/Date(1384831367000+0800)/,0
191038889,和博物馆差不多&#x20;喜欢历史的朋友们可以去看下。&#x20;&#x20;&#x20;&#x20;&#x20;&#x20;&#x20;&#x20;&#x20;&#x20;&#x20;&#x20;&#x20;&#x20;&#x20;&#x20;&#x20;&#x20;&#x20;&#x20;&#x20;&#x20;&#x20;&#x20;&#x20;&#x20;&#x20;&#x20;,/Date(1552813233000+0800)/,1
201444132,南京市博物馆坐落在朝天宫建筑群内，这里游人不太多，比博物院要清静多了，建筑群、博物馆展品丰富，适合慢慢品味欣赏。去的时候很多孩子在里面素描建筑,/Date(1540624902000+0800)/,0
2812315,来南京旅游出来夫子庙，如果还想对历史感兴趣还可以来这里看一看。,/Date(1424488711000+0800)/,0
18569493,门票不是很贵，里面到处是古代很有趣的物件。分别有漆器室，玉室，青铜室等等。花20元人民币进去真的很值。,/Date(1412931493000+0800)/,2
5705180,历史的沉淀尽在于此馆内文物值得看看了解南京风土人情。门票也不贵,/Date(1406360346000+0800)/,0
18300604,不错的一个地方，值得去看一看！出行也比较方便！有时间可以去看看,/Date(1401957143000+0800)/,0
84546009,是江南地区现存建筑等级最高、面积最大、保存最完整的古建筑群。,/Date(1498386557000+0800)/,0
25947277,外地游客值得去的一个景点，外面还有买古玩的，喜欢的可以买一些,/Date(1418051150000+0800)/,0
20145178,非常值得，10点有志愿者义务介绍，今天就为我专场，太棒了！,/Date(1551182383000+0800)/,0
82467875,朝天宫很大&#x20;建筑高大气派！院子四四方方的&#x20;很有中国古建筑的特色,/Date(1517361912000+0800)/,0
32086396,最印象深刻的应该就是那个牌坊，南京这种古式牌坊还是挺多的。,/Date(1439796573000+0800)/,0
4533636,好清静，免费提供解说器，如果旅游都是这样的环境，太超值了。,/Date(1416926350000+0800)/,0
744967,保留的很好的古建筑，明代特色显著，藏品比较丰富，大开眼界。,/Date(1393231325000+0800)/,0
85691328,有很多与南京博物馆展品不同，更古老，很多金器饰品美轮美奂,/Date(1547116457000+0800)/,0
182488062,真的很方便，很贴心，省去好多时间，免去排队买票，大赞了。,/Date(1541426909000+0800)/,0
4928001,里面内容还是很精彩的。值回票价。南京市博物馆展览的很丰富,/Date(1519703570000+0800)/,0
161167306,携程订票方便快捷，比窗口便宜，建筑整体占地大，气势宏伟。,/Date(1519016428000+0800)/,0
50001535,还不错，就是有一点不好，入门时发现可以免票却退不了票了。,/Date(1518757220000+0800)/,0
94389699,虽然不大但在里面走的有点懵，整个建筑群看起来还是蛮壮观的,/Date(1515931016000+0800)/,0
30086881,金陵～非常值得去看。过去的帝王的使用物品。非常精美绝伦！,/Date(1504070935000+0800)/,0
47729870,不错，很好，景点很气派，景点位置不大，性价比不高，有点贵，国庆节期间人也不多，景点下面停车场不让停，非要我开到前面的出口停，却没有指示。,/Date(1475539719000+0800)/,0
11575574,也是南京市博物馆，还蛮大的，博物馆的藏品好像倒是一般般。,/Date(1417704612000+0800)/,0
8982863,还不错，人不多，让小朋友去的多看看，里面有个博物馆不错,/Date(1539524375000+0800)/,0
158360579,不错哦，散心的好去处，面对着历史，思考人生的感觉，很棒,/Date(1528249334000+0800)/,0
4392495,里面博物馆部分还是比较值得去看看的,/Date(1521289141000+0800)/,1
20799692,比较小的宫殿&#x20;里面还有部分在装修维护&#x20;春天的时候玉兰很好看,/Date(1521286639000+0800)/,0
37713454,建筑保存完整，服务人员很热情，地方不是很大，但很精致。,/Date(1519515744000+0800)/,0
90505610,很好，非常值得一看，相对于能看到的东西门票价格非常实惠,/Date(1493566610000+0800)/,0
86664791,朝天宫比较雄伟，皇家风范，周日没开太多展馆，有点可惜。,/Date(1491803471000+0800)/,0
4319007,旁边就是南京博物馆，可以去看看免费的，不过朝天宫要收费,/Date(1407251611000+0800)/,0
12025737,维护差，工作人员自己在管内大声说话，根本不像博物馆，参观游客也吵闹，是去过最像菜市场的博物馆，可玩性低，宫殿破旧景色一般，性价比低，,/Date(1604822802000+0800)/,0
7145222,人少，喜欢古装拍照的好地方。里面还有博物馆，和展览。,/Date(1556718884000+0800)/,0
59600231,国庆节去的人超级多，下着大雨！！,/Date(1532672408000+0800)/,1
12380746,朝天宫很小，不大，景色还行，出来南京可以看看，人不多,/Date(1501597073000+0800)/,0
82216241,面积不大，人也不算多，但是很值得一看，布局也很精心。,/Date(1493523297000+0800)/,0
20070702,第二次来南京。感觉这里真的很好。讲了很多历史。哈哈。,/Date(1491119048000+0800)/,0
15931817,清朝的宫殿，大气磅礴，风景很漂亮，有时间的话还会再来,/Date(1453557689000+0800)/,0
47286890,不错周围树木围绕古玩市场临近是古玩爱好者的一个好去处,/Date(1449329968000+0800)/,0
55347471,很不错的一个公园，风景很美，里面也有很多历史文物。,/Date(1557843477000+0800)/,0
163293870,不是太大，但是如果有时间和兴趣的话，还是很有好处的,/Date(1519102966000+0800)/,0
3949292,打造的很好，博物馆非常值得细细品味，很喜欢的地方。,/Date(1511850644000+0800)/,0
3993391,里面的古物还是比较多的，但总感觉朝天宫越来越像是一个古玩市场了，古迹已经慢慢淡化了。文物看看就成，如果要买的话，则真要看眼力劲了。,/Date(1392873971000+0800)/,0
572152,很值得去。开始很犹豫，到了后发现很值。性价比高。,/Date(1549075985000+0800)/,0
15105360,红墙黑瓦金字，曾经天子的地盘，虽然没落，风采依然,/Date(1519377332000+0800)/,0
17970256,人不多，秋天的银杏在阳光下闪闪发光，好看极了！！,/Date(1511155325000+0800)/,0
15105360,红墙金瓦，体现了当年天子的威严，遗址保留的还不错,/Date(1510754560000+0800)/,0
18381995,比现场买票便宜个2，3块钱，聊胜于无。门口扫码即可入园，就是2小时以后入园这条一分钟不能通融。&#x0A;景区人不多，很清静，逛逛很不错。,/Date(1508541938000+0800)/,0
98595855,博物馆，人很少，风景不错，，里面很大气，主要是一些南京历史文物，对历史感兴趣的可以去看看,/Date(1508456427000+0800)/,2
,带孩子来玩的，都是明朝的东西，很有年代感，不错！,/Date(1507364456000+0800)/,0
22933302,景点很不错&#x20;值得一去的&#x20;挺满意的,/Date(1500905618000+0800)/,1
2138753,非常的物超所值，如果有时间，多看看展品很不错的。,/Date(1488774820000+0800)/,0
17541962,南京非常著名的道观，历史较悠久。值得一看，不错。,/Date(1486943880000+0800)/,0
24470733,不错，明朝古建筑群，周围很多绿化，晚上好多人打牌,/Date(1415497739000+0800)/,0
13577883,离新街口很近，取票也方便，游人不多，适合拍照。,/Date(1521297156000+0800)/,0
853804,是博物馆的一部分，对了解南京历史，文化有帮助，胜过来南京旅游，走马观花似的只看几个景点就走，对城市缺少了解，总体性价比高，超值,/Date(1469493741000+0800)/,0
24895187,朝天宫是一座宏伟的古建筑群，跟秦皇宫差不多，现在是南京市博物馆，对古代历史感兴趣的可以去参观参观，对于古时候的建筑真的让人惊叹,/Date(1417261528000+0800)/,0
24470733,古建筑群保存完整，里面还有各种展览，值得去参观,/Date(1417234269000+0800)/,0
26321982,非常不错，值得一看，人不多，又不累，展品精。,/Date(1557110864000+0800)/,0
19229910,如果不是下雪应该也就那样吧，下了雪多了份韵味,/Date(1549706279000+0800)/,0
42193133,过年来拔草，感觉不错，带小孩来看看博物馆不错,/Date(1549696980000+0800)/,0
81536797,秋天和下雪天很美&#x20;去过三次了，要有讲课的就好了,/Date(1540524068000+0800)/,0
47651786,动物很多，景色优美，人也很多，景点吃东西便宜,/Date(1539614304000+0800)/,0
30274214,误打误撞来到了朝天宫，景色很美，很有江南特色,/Date(1522313729000+0800)/,0
46559300,累是很累的，但是确实是值得的，很棒的文化体验,/Date(1511252860000+0800)/,0
110021256,朝天门展出了中国明代很多奇珍异宝。值得一观。,/Date(1502764825000+0800)/,0
3497936,人比较少，嗯，可以看看。可以去借一个导游器。,/Date(1493200046000+0800)/,0
23206370,是江南规模最大、保存最为完好的一组&#x20;古建筑群。,/Date(1492559037000+0800)/,0
37889105,印象非常好的地方，人很少今天，樱花飞檐很美~,/Date(1489896822000+0800)/,0
5480474,總體還行，一個保存下來的現代古董，昆劇不錯。,/Date(1435642000000+0800)/,0
24470733,冬天广场舞比较多，早晨老人晨练比较多，适合去,/Date(1419089398000+0800)/,0
24470733,古建筑群，旁边有下马坊，万仞宫墙，好多人参观,/Date(1416145261000+0800)/,0
17965684,很不错，有历史韵味，值得一去。推荐来南京的去,/Date(1409064599000+0800)/,0
20145178,非常好的博物馆，又有历史建筑，人还不是太多,/Date(1559200794000+0800)/,0
3678521,面积不小，展品很丰富，就是参观指示牌太少。,/Date(1501336025000+0800)/,0
66533161,景点很好，门票25，但不知道里面游客很少。,/Date(1498097715000+0800)/,0
109219480,网上订票非常方便，这次到朝天宫玩的很开心！,/Date(1497684762000+0800)/,0
17965684,古色古香，建筑保存完好，值得一去，位置方便,/Date(1409665758000+0800)/,0
45418401,********************,/Date(1551164675000+0800)/,0
4850463,预订好需到售票处换票，售票处在进口东边。,/Date(1550042788000+0800)/,0
2633085,就是南京博物馆，里面有很多藏品，值得一去,/Date(1530535704000+0800)/,0
30542857,很安静的&#x20;比起夫子庙好太多&#x20;可惜的是展览不足,/Date(1521205548000+0800)/,0
42165303,最好留三个小时，一个小时逛外景，两个小时看南京市博物馆。博物馆关闭时间是五点，我被景区时间（六点）误导了。整体感觉不错。,/Date(1514345838000+0800)/,0
92966403,据传是明清南京官员朝觐天子的官邸。面南背北，符合背面而视之的风水朝向。朝天宫旁边是南京博物馆，收藏了金陵很多重量级的镇馆之宝。该馆目前依然还在收费对外。属于南京为数不多的收费场馆。原来朝天宫附近的广场成了民间的文物集散地，有很多盗墓，民藏的珍贵宝物。人声鼎沸，后来被迁到了城南的文玩城，设置了公共摊位。&#x0A;朝天宫目前还是南京新街口的文化地标，十分具有象征意义。黄墙青瓦连廊尖顶犹在，只是今非昔比，物是人非，不费江河万古流。,/Date(1511657870000+0800)/,0
42356568,很棒的景点，是南京市博物馆，展览很好看。,/Date(1502691715000+0800)/,0
15105360,红墙金瓦，依稀还有当年皇帝坐在里面的模样,/Date(1501500371000+0800)/,0
65166242,朝天宫非常美。非常适合拍照。而且很清幽。,/Date(1491235305000+0800)/,0
2333822,有些文化展览特别好，是个值得推荐的地方。,/Date(1476147924000+0800)/,0
24470733,很不错，风景优美，晚上人比较多，离家很近,/Date(1417872719000+0800)/,0
24470733,不错，历史悠久～～～～～～～～～～～～～,/Date(1414590954000+0800)/,0
17965684,古色古香，在莫愁路上，晚上好多老人乘凉。,/Date(1411216829000+0800)/,0
7904298,不错感觉还可以，挺满意的。广场的人很多。,/Date(1410762731000+0800)/,0
365841,本来想去参观一下的，但那边的广场舞太吵了,/Date(1399520430000+0800)/,0
21403169,漂亮还可以&#x20;但不能说让人兴奋啊激动什么的,/Date(1557280129000+0800)/,0
32722314,建筑和展品都很好。老建筑很有历史气氛。,/Date(1549801193000+0800)/,0
36384852,地方不大，胜在人少，简单逛逛还是不错的&#x0A;,/Date(1535943142000+0800)/,0
84587321,大庭院，低调不失内涵，一天2场免费讲解,/Date(1530407757000+0800)/,0
32780978,还不错，朝天宫值得去！购票出票也很快！,/Date(1529923781000+0800)/,0
94206125,江南地区最大的官式古建筑群，历史悠久。,/Date(1519739789000+0800)/,0
797857,挺好。三四个小时差不多。展览馆内容不错,/Date(1518708645000+0800)/,0
4145567,不太大，很精致，尤其是里面陈列的金银器,/Date(1507341100000+0800)/,0
3186268,总体不错，文化味较浓，但看不懂就无聊了,/Date(1503713951000+0800)/,0
8360873,布局合理，有点东西看。环境还是不错的。,/Date(1503486985000+0800)/,0
3555206,很赞的地方，里面很大，服饰首饰展很精美,/Date(1502891910000+0800)/,0
84044515,没什么人但是里面很赞博物馆文物也比较多,/Date(1491143985000+0800)/,0
7328705,去南京博物院就行了，这里是南京的博物馆，比博物院的展品少很多的，不过这里有古玩市场，可以买一点仿制品送人的，还价要狠。,/Date(1416059282000+0800)/,0
2762607,建筑群保存的不错，现在已经是南京市博物馆了，是南京比较值得一去的景点，建筑格局、样式都具有极高的历史、艺术和科学价值。,/Date(1414118649000+0800)/,0
12214802,人很少的，性价比比较低，是研究中国古代建筑尤其是明清建筑的重要实物资料，所以要研究历史的话值得一看,/Date(1412833778000+0800)/,1
1125043,作为六朝古都的南京，其朝天宫的历史可以算久远了，虽然经过后人的修葺，但是还是很有文化底蕴的，可以去里面看看展品，很不错,/Date(1392166121000+0800)/,0
15128280,这里面珍藏了许多具有历史价值的宝贝。,/Date(1558358101000+0800)/,0
208572810,划算，各位亲，到南京值得去玩的好地方,/Date(1557107285000+0800)/,0
151183973,很不错的，好玩的东西挺多的，价格便宜,/Date(1555817352000+0800)/,0
553225,免费，旁边就是南京博物馆，值得看下的,/Date(1555731617000+0800)/,0
2067206,朝天宫，南京市中心必游景点，值得一去,/Date(1542366687000+0800)/,0
6126847,有感觉，其实就是南京博物馆，非常不错,/Date(1531497335000+0800)/,0
52222219,可去可不去，主要是太小，也没啥可看的,/Date(1527470271000+0800)/,0
27905556,很喜欢的地方，馆藏丰富，景色怡人……,/Date(1519191172000+0800)/,0
10440465,很好&#x20;很实用&#x20;也很节省时间&#x20;下单后立即使用,/Date(1517233465000+0800)/,0
70058452,历史悠久的文化遗产之一，可以来看看～,/Date(1510807292000+0800)/,0
65261566,朝天宫远远看去有点像皇宫，金光灿灿。,/Date(1510405417000+0800)/,0
14405338,有个舍利子很不错，就是再收费不应该。,/Date(1504402474000+0800)/,0
3188666,孩子很喜欢，认真看了很久，还依依不舍,/Date(1502021326000+0800)/,0
77724640,很有历史文化感，挺好的！学生票便宜！,/Date(1489928040000+0800)/,0
51957352,园林式风景，挺美丽的！还有竹林七子！,/Date(1488618638000+0800)/,0
14709391,从前的恢弘大气遗留下的供人瞻仰圣地~,/Date(1396537227000+0800)/,0
94197852,不错，物有所值，可以看到很多文物。,/Date(1556811254000+0800)/,0
53367614,经典景点，可以游玩一个半小时挺好的,/Date(1537444437000+0800)/,0
4441398,非常值得去的地方。建筑非常有特色。,/Date(1529387163000+0800)/,0
15348582,很好的一个地方，值得去。在市中心。,/Date(1521725789000+0800)/,0
52803907,很不错的古迹，保护的很好，有沧桑感,/Date(1516431796000+0800)/,0
22248550,"网上买票便宜，方便,景区服务很好。",/Date(1510894698000+0800)/,0
4123398,有历史的记忆，但展品不多，适合漫游,/Date(1509004879000+0800)/,0
111059488,人很多，很热闹，价格也还不贵，满意,/Date(1508125891000+0800)/,0
80196411,在门口买的，但是感觉内容不值这个价,/Date(1505984529000+0800)/,0
43877710,很宏伟的建筑群体。。古风好去处。。,/Date(1501095689000+0800)/,0
17311052,真的很棒呢，很喜欢，学生票价超值的,/Date(1492243970000+0800)/,0
601525,携程订票优惠力度挺大。景点也不错。,/Date(1491368233000+0800)/,0
12549098,富有古都特色的古建筑，皇家气息浓厚,/Date(1483573533000+0800)/,0
2754611,古代的孔庙，规模很大，值得一看。,/Date(1555483512000+0800)/,0
57420974,文物很多，环境很好，国庆人不算多,/Date(1538915483000+0800)/,0
7344412,不错～～。。。。。。。。。。。。,/Date(1534733158000+0800)/,0
40186110,极具文化积淀之处&#x20;明文化厚积的地方,/Date(1524218376000+0800)/,0
74637034,真心一般，什么规模最大很扯淡，总占地面积是大，但是全是空地，建筑少得可怜，没觉得跟夫子庙和正常的寺庙什么的有太大区别，真讲建筑的丰富性，真没什么可说的，一般吧，没有介绍的那么好，只能说还可以。,/Date(1517329789000+0800)/,0
159641100,很不错的金陵博物馆。预订方便快捷,/Date(1515925253000+0800)/,0
120533487,朝天宫，觐见天子的地方。气势恢宏,/Date(1512544194000+0800)/,0
38313082,不错，安静的游览，多了旅游的乐趣,/Date(1507485964000+0800)/,0
15105360,明朝天子脚下，红墙金瓦，威严尽显,/Date(1500173593000+0800)/,0
65144745,值得一去，是一个不错的游玩景点，,/Date(1493972232000+0800)/,0
89138859,还算可以，富有人文气息，博物馆麻雀虽小五脏俱全，值得一观。美中不足在于门票略高，不过对于历史爱好者来说倒也值得。,/Date(1492776206000+0800)/,0
41456065,非常好的景点，非常开心，值得一游,/Date(1490976112000+0800)/,0
21119218,景区很安静，人不多，不大，还可以。有个不太引人注目的入口，进去居然是很大的展览，介绍了南京从古到今的历史，不错。,/Date(1486133122000+0800)/,0
3206886,南京的朝天宫被降级了据说，变4a,/Date(1475379750000+0800)/,0
596897,在新街口西边靠近水西门，既是人们旅游参观的地方，又是人们交流藏品的地方。,/Date(1454241711000+0800)/,2
7097060,挺好玩的，好看非常好看好看好看,/Date(1559357833000+0800)/,0
1316990,朝天宫面积较大，值得一去参观。,/Date(1558282038000+0800)/,0
8922506,烧香的日子人非常多，很是热闹。,/Date(1556034793000+0800)/,0
35001475,国庆去的，人比较少，好像不出名,/Date(1538983212000+0800)/,0
36571227,方便，有优惠，展品丰富，涨知识,/Date(1529495414000+0800)/,0
180227848,还不错，挺有文化气息的，人不多,/Date(1529288824000+0800)/,0
29769121,景色还不错，里面的历史感十足！,/Date(1521336520000+0800)/,0
1687141,挺好的，很有历史性，这一趟值得,/Date(1519124651000+0800)/,0
163715885,非常好的啦啦啦啦啦啦啦德玛西亚,/Date(1518787200000+0800)/,0
4456365,有去听过嘛，很不错的地方哦，哈,/Date(1511915503000+0800)/,0
162531,展品丰富，值得看看的，人也不多,/Date(1507511980000+0800)/,0
53852521,很方便，无需排队就能提前预定。,/Date(1504781174000+0800)/,0
374628,还可以吧，可以了解很多南京历史,/Date(1504064449000+0800)/,0
54128386,还不错，是个很好的地方。。。。,/Date(1499471023000+0800)/,0
96857140,很有历史底蕴的庙宇，值得一游。,/Date(1497774816000+0800)/,0
90594084,还可以，没有要想着的那么完美。,/Date(1493307793000+0800)/,0
8290375,孔庙好！好好好好很好很好！好！,/Date(1489117542000+0800)/,0
14697205,不错的地方，可以值得一去，很好,/Date(1478317264000+0800)/,0
86440,报的一日游的团，行程有点赶。。,/Date(1466983056000+0800)/,0
11850649,喜欢，镇馆之宝萧何月下追韩信。,/Date(1387673833000+0800)/,0
113218602,不错带孩子来，值得下次过来看&#x0A;,/Date(1549518605000+0800)/,0
62756159,历史和文化气息很浓厚&#x20;很不错！,/Date(1539877395000+0800)/,0
45217496,挺好玩的&#x20;门票价格也不贵&#x20;五颗星,/Date(1505219781000+0800)/,0
28420535,古城&#x20;带宝宝吧有教育意义&#x20;非常好,/Date(1497583266000+0800)/,0
36507562,这是我最爱的一家博物馆，每次都是一个人静静的看上三四小时。南京不愧为六朝古都。文物精美细致，多样且保存完好。,/Date(1436965001000+0800)/,0
97115164,还行吧&#x20;，可以去看看的样子&#x20;。,/Date(1503234640000+0800)/,0
2114321,有南京博物馆，藏品好多，各种出土金饰服饰，还有明正统年间的浑仪，好好看的话一天都不够，非常值得一去的地方。,/Date(1404649152000+0800)/,0
25711043,很方便&#x20;&#x20;出票快&#x20;&#x20;&#x20;取票也很方便,/Date(1491583553000+0800)/,0
1931394,满中心的地方。好多人在地铁这一站下的，但是实际去朝天宫的人不多，上去看了一下，古玩很多，细细看看蛮好玩的,/Date(1386593476000+0800)/,0
8187945,非常值得去&#x20;&#x20;&#x20;&#x20;&#x20;一流的博物馆,/Date(1539255387000+0800)/,0
55887009,不错的&#x20;&#x20;有文物展很不错&#x20;&#x20;赞,/Date(1491285321000+0800)/,0
6616476,11月底去的，地上的银杏树叶子都扫掉了，很煞风景。但是听了导游讲解博物馆的南京历史故事后，人又开心了。,/Date(1481111723000+0800)/,0
4749143,以孔子为卖点的景点，里面收藏了一些文物，有兴趣的人可以看一看！,/Date(1410962321000+0800)/,2
43708144,感觉很古老神圣，建筑宏伟，学了不少地理知识。面积比想象的小。,/Date(1490455524000+0800)/,2
14873436,博物馆的，文物不多，除非是有特展和文物交流的时候值得去看看的。旁边也有跳蚤市场的，淘换东西好方便的。,/Date(1416662721000+0800)/,0
1052953,是南京城了一個少有比較幽靜的去處，和南京博物館緊鄰在一起兩個地方可以一起玩。有不少古文玩可以欣賞。,/Date(1416979442000+0800)/,0
61101782,大园子。不愧是六朝古都。门口的石阶被小朋友们当作滑滑梯，滑的溜光顺滑，我也没忍住坐上去滑了一把。,/Date(1557734734000+0800)/,0
1495422,这是长江以南地区保存最为完好的一组古建筑，南京博物馆也在朝天宫内，门外是比较有影响的古玩市场。,/Date(1396924795000+0800)/,0
4757755,来到六朝古都的南京，建议去朝天宫看看，这里不仅古建筑规模宏大，收藏的文物精美，交通也比较方便。,/Date(1391589146000+0800)/,0
67470955,游客少悠闲转转挺好的，从春秋时期就有的历史经历代建设，乾隆五次游此。可能游客少服务水平不好。,/Date(1492771071000+0800)/,0
9362995,还真不错，红色的城墙透着斑驳的印记，最大的看点是古建筑和展品，展出的场馆分几很精致，依次排开,/Date(1431852202000+0800)/,0
4533636,最让人感兴趣的是早上的文物市场。很热闹，虽然没什么真品，但是给人的感觉和气氛很有古都的气质。,/Date(1417765854000+0800)/,0
26044843,南京景点太多了，朝天宫很容易被遗漏，但是个人觉得值得一游，毕竟历史古迹。建筑古色古香，布局不错，游人也不多。可以静心看文物展览。,/Date(1483411211000+0800)/,0
116529,江南规模最大、保存最为完好的一组古建筑群，现为南京市博物馆。基本还是以博物馆为主，本身感觉没啥好玩的。从博物馆中感受下南京的历史。如果是来南京玩的话，这地方还是免了吧。,/Date(1431149742000+0800)/,0
108993109,大部分是重建的&#x20;没什么历史建筑&#x20;文化内涵很少。就几块石碑是以前的。比较一般&#x20;但是对得起门票,/Date(1450058371000+0800)/,0
8883626,人不多，很是安静，适合慢慢地游玩，还有收集古玩的地方，可以去凑凑热闹，还是很有趣的。,/Date(1386141343000+0800)/,0
16685124,古玩市场，好多稀奇古怪的东西，古铜钱，名人字画，古玩，只有识货的人才能挑到好东西。,/Date(1399292026000+0800)/,0
1111493,朝天宫保留了悠久的历史建筑风格～内部存有很多珍贵的古物～这里每天上午还有一场演出～,/Date(1392966902000+0800)/,0
3928708,人很少，游览品质高，展览有特色，交通便利,/Date(1523671129000+0800)/,0
160847695,学习了很多东西，对历史对南京有了更多认识,/Date(1520098931000+0800)/,0
40190174,清幽的环境，人不是很多，但总体感觉不错，适合走走逛逛，都市里难得的一处安静之地！,/Date(1480838388000+0800)/,0
47430706,一般，感觉很普通，不是很大，没什么可以玩的，不介意再次去玩，去过一次就不想去了。,/Date(1477730557000+0800)/,0
6146887,我都不记得景区有啥景点了，感觉又没趣味性又没风景情调，不推荐。人很少倒是真的。。,/Date(1475716596000+0800)/,0
4214405,朝天宫历史及其悠久，本身就非常值得一游，现在改为南京博物馆，更加值得看看。&#x0A;&#x0A;&#x20;,/Date(1384257927000+0800)/,0
5215319,景点不算大，景色很不错，建筑看着特宏伟，去的时候人不多，无障碍通道设置的很方便,/Date(1494082444000+0800)/,0
4533636,明清时祭天的场所，也是南京保留下来为数不多的宫殿式建筑，现在成为南京市博物馆。,/Date(1426992159000+0800)/,0
14980245,朝天宫很像北京的潘家园吧，很多卖古玩的，要有眼力才行，一般人还是去见识下就行。,/Date(1399775576000+0800)/,0
1967998,建筑很有特色的感觉，环境也很不错，可以到这里看看古玩市场也是一个不错的选择。,/Date(1397391294000+0800)/,0
14719896,朝天宫没什么好玩的，门口二手古玩市场还不错，很像北京的潘家园，可以逛一逛。,/Date(1394942300000+0800)/,0
1910241,"清明时带家人去了南京的朝天宫,感觉很好,古色古香的,很有古味,值得去看看.",/Date(1270523495000+0800)/,0
50268728,还不错&#x20;里面博物馆超级大&#x20;因为赶时间&#x20;就没怎么光逛&#x20;适合老年游&#x20;时间太多可以去看看,/Date(1488694670000+0800)/,0
1818442,朝天宫历史很久的景点了&#x20;宫墙颜色很特别&#x20;里面改成了南京博物馆&#x20;不错&#x20;不过收费哦,/Date(1516720827000+0800)/,0
15194464,这里过去是文武百官学习礼仪的地方，现在每天有仿古时朝贺天子的礼仪表演。,/Date(1444539486000+0800)/,0
4857053,这里的建筑历史悠久，非常有特色，馆藏又极其丰富，是个不可不游的好地方。,/Date(1387085256000+0800)/,0
1818442,虽然是这个名字，事实就是南京市博物馆，安静，精致，可惜收费。总体不错,/Date(1538536122000+0800)/,0
1052953,有段時間經常會去逛。這裡既有文化氣息，又與市井融合。很迷人的氣質。,/Date(1406519288000+0800)/,0
172874117,石碑的字全都没有了，博物馆的文物倒是值得一看总体感觉值回票价了。,/Date(1539130291000+0800)/,0
36002878,不错的地方，风景秀丽，美丽动人，还有历史韵味,/Date(1470718146000+0800)/,1
1987556,很安静的一个景点，最好玩的是2条光溜溜的楼阶板，夏天很多小孩在滑,/Date(1422671587000+0800)/,0
361072,大成殿内现展出南京大报恩寺地宫出土文物，最著名的是七宝阿育王塔。,/Date(1325923168000+0800)/,0
96227225,朝天宫，古时官员拜见天子前学习礼仪的场所。如今，古迹保存良好。,/Date(1506576141000+0800)/,0
24406846,建筑很有意思很有特色店，整体上看着就是很漂亮的，非常喜欢的&#x20;，。,/Date(1415422925000+0800)/,0
2057144,可以说是博物馆，也可以说是古玩市场，环境什么的蛮好的，很清静的,/Date(1387589195000+0800)/,0
19090877,天子朝拜的地方，现在是博物馆，看看不错。,/Date(1528871380000+0800)/,1
91985040,还不错，就是展厅有点陈旧了，有些展牌字都看不清了，希望能改进,/Date(1517629609000+0800)/,0
19712947,没什么玩的，就是景色，可以随便看一看啵～有一点小公园什么的～,/Date(1405486127000+0800)/,0
17154561,周末携家人友人一道前往，别有一番趣味，果真是周末休闲好去处！,/Date(1402769857000+0800)/,0
39149717,展馆东西少，但确实好看。场地不大。慢慢转转一个小时足够了。,/Date(1491133737000+0800)/,0
3084611,就是市博物馆，景区绿化很好，古意幽静。宫殿本身也是历史景点,/Date(1402304157000+0800)/,0
1818442,很多年历史的地方&#x20;值得看看&#x20;可惜博物馆内部还要单独收费&#x20;要改革,/Date(1520170947000+0800)/,0
21119218,不知道是不是因为人很少的原因，觉得景区还是不错的~静谧~,/Date(1491278137000+0800)/,0
26545587,倒是挺不错的。尤其是博物馆部分，真是别有洞天。内容很丰富,/Date(1419694354000+0800)/,0
17660039,其实个人觉得去这里还不如去南京博物院、有大又免费还齐全,/Date(1557268347000+0800)/,0
903083,南京的老景点之一，保存的还不错，现在还有古玩市场在旁边,/Date(1527205447000+0800)/,0
1818442,真的不明白这个南京市级博物馆为何还要收费？真心不喜欢！,/Date(1494770367000+0800)/,0
33565562,位置很好找，但是对于游客来说，游玩的意义不大啊……有种感觉进公园逛假山的感觉，莫名其妙的，溜达了一圈&#x20;二十分钟就出来了٩(๑^o^๑)۶,/Date(1494430782000+0800)/,0
33287855,南京博物馆，不过一般人去的不多，开发少了，以前是明宫,/Date(1508346474000+0800)/,0
67869364,人很少很清静，但文物和南京博物院比，可能还是稍逊一筹,/Date(1492855986000+0800)/,0
38729170,属于夫子庙新街口临近地区，里面的博物馆值得细细欣赏,/Date(1500020360000+0800)/,0
109226184,园区整洁干净，展厅维护力度不够，感觉有些年头了……,/Date(1498218453000+0800)/,0
7624565,在南京市区的一个道观，门口有好多摆地摊的和打牌的人,/Date(1475542602000+0800)/,0
582483,里面最大的看点是古建筑和展品，展出的场馆分几个，依次排开。详尽的介绍了古都南京的辉煌&#x20;苍凉与复兴，展现了旧时南京城的文化与风俗。&#x0A;,/Date(1395140437000+0800)/,0
94389699,确实门票价格不贵，里面的格局也确实不大，一般吧。,/Date(1516442453000+0800)/,0
8583209,朝天宫最近大整修过一次，不晓得整修后门票涨价了没有？朝天宫的建筑本身保护良好，附近还有一个南京当地知名的古玩&#x20;市场，可以淘旧书。,/Date(1393214077000+0800)/,0
95469387,建议增加人工讲解服务，让游客了解更多的朝天宫。,/Date(1519475650000+0800)/,0
3423518,旁边有南京市博物馆&#x20;里面香火挺旺的&#x20;很多人慕名而来,/Date(1404353070000+0800)/,0
54521473,可参观的比较少&#x20;环境好挺好的&#x20;有人在这里拍婚纱照&#x20;,/Date(1527902603000+0800)/,0
53437981,南京古建筑保持要好，南京博物馆不是南京博物院,/Date(1507302572000+0800)/,0
13520982,是个小广场。周围居民每天来散步遛狗。游客不多,/Date(1407491477000+0800)/,0
4304829,嗯值得外地游客参观，里面的藏品还是很珍贵的。,/Date(1395850846000+0800)/,0
41087767,南京市博物馆设在朝天宫内，有时间的话可看。,/Date(1506093483000+0800)/,0
45100151,好大啊，比爬山还累，总体感觉不错就是太热了,/Date(1499341152000+0800)/,0
1303634,如果没有和朱元璋有关，它不是很有观赏价值。了解到它是朱元璋开国登基前的“培训基地”也就可以了。行程时间较短的话，可以放弃。,/Date(1103876245000+0800)/,0
119443468,体验不佳，性价比低，景色一般，可玩性低，,/Date(1600608770000+0800)/,0
31484754,价格便宜&#x20;值得一去&#x20;旁边有吃饭的地方&#x20;人比较多,/Date(1555815816000+0800)/,0
75329313,这里夜景也很不错，推荐大家来看看，玩一玩,/Date(1523808254000+0800)/,0
109093885,重点是里面的博物馆，外面的建筑风格也不错,/Date(1490520972000+0800)/,0
73653417,建筑有气势，但是藏品好多都可能是仿制的。,/Date(1478530859000+0800)/,0
38451155,门票便宜，就是看几个房子，感觉性价比不高,/Date(1460345776000+0800)/,0
88610187,还可以，不过还是南京博物院东西比较多。,/Date(1504708459000+0800)/,0
567463,值得去看一下啊，那是南京很古老的名胜。,/Date(1482803462000+0800)/,0
903083,算历史景点吧，周围环境改造后整体好很多,/Date(1468972163000+0800)/,0
1238580,朝天宫历史悠久，最大的看点是古建筑和展品，展出的场馆分几个，很多文物，很精致，依次排开，展现了旧时南京城的文化与风俗。,/Date(1420813080000+0800)/,0
1124845,#求爱情解药#&#x20;很有古代特色的一个地方。,/Date(1397622581000+0800)/,0
512558,不错，人很少，比较舒适，休闲度假胜地,/Date(1557121477000+0800)/,0
1393625,还可以，但是与故宫博物院相比就差远了,/Date(1554372401000+0800)/,0
8247375,换票方便，南京市博物馆的展览真不错。,/Date(1550453213000+0800)/,0
152304265,展品不错，值得一看。有时间再去一次。,/Date(1509501492000+0800)/,0
94681375,非常值得一去的地方，被称为南京母城。,/Date(1507428988000+0800)/,0
7493896,一处很喜欢的地方，人非常少，特别幽静，是目前江南保存最为完整的古建筑群，里面珍藏着许多有历史年代感的古玩，值得一去。,/Date(1401168723000+0800)/,0
14287884,朝天宫历史悠久，可追溯到春秋时期吴王夫差为了巩固江苏构筑了冶城。然后朝天宫一直在各个时代有着他的作用。值得拍照留恋。,/Date(1392711786000+0800)/,0
167277336,挺好的，空气清新，也很适合汉服拍摄,/Date(1547396546000+0800)/,0
174076291,还好，整体来说景点还不错，给个好评,/Date(1525010823000+0800)/,0
150855632,挺好玩的地方，希望更多的人去那里。,/Date(1510477004000+0800)/,0
148633285,进南京博物馆必须买这个票，博物馆就在里面，但指示标巨差，完全分不清哪里是哪里，最后误打误撞才找到展厅，厅内也很一般,/Date(1507031344000+0800)/,0
118218678,没看时间，9点开门，8:30就到了,/Date(1505652046000+0800)/,0
116551,周末在广场上走走看看，还是挺不错的,/Date(1505462673000+0800)/,0
113721338,博物馆很美&#x20;有许多古代的用品值得欣赏,/Date(1503081957000+0800)/,0
90957016,"南京有特色的一个景点,我们用了半天",/Date(1501847517000+0800)/,0
1765022,可以吧！人比较少，安静，比较满意。,/Date(1501294110000+0800)/,0
230806,现在成了南京博物馆，展品比较丰富。,/Date(1481891584000+0800)/,0
5499243,朝天宫历史悠久，现在南京博物馆就在里面，很多文物，很精致，我喜欢去那里静静的拍照，喜欢研究文物跟历史的人会喜欢的。,/Date(1392131859000+0800)/,0
72240779,文物还是很多的，就是地方不太大。,/Date(1557711135000+0800)/,0
17660039,各种古董展览，喜欢看的才会喜欢哦,/Date(1525244211000+0800)/,0
431232,博物馆还不错，展出的文物品种挺多,/Date(1523434321000+0800)/,0
3497936,人少，值得一去，里面的展览不错。,/Date(1497097798000+0800)/,0
25313971,是不是因为一直以来都是这样的事情,/Date(1497080103000+0800)/,0
17541962,南京非常著名的道观，历史较悠久。,/Date(1479563943000+0800)/,0
48545001,内容比较空洞，整个开发保护！服务都很一般！不值得去。这种地方可以免费开放变公园了。或者收费就要好好保护和服务到位,/Date(1449202174000+0800)/,0
7451284,基本还是以博物馆为主，本身感觉没啥好玩的。&#x20;南朝时曾为总明观太学所在地.是江南规模最大、保存最为完好的一组古建筑群,/Date(1404736411000+0800)/,0
20256508,景点不错，看了差不多三个小时。,/Date(1556702944000+0800)/,0
25679402,差不多。一般般，没有什么好玩的,/Date(1546357889000+0800)/,0
777283,人少比较清净，慢慢游览感觉不错,/Date(1507441371000+0800)/,0
230806,各种墓中出土文物，宝石品质好。,/Date(1480066339000+0800)/,0
116551,最最关键是不要钱就可以逛一大圈,/Date(1473569276000+0800)/,0
14157166,朝天宫，至今保留了南京的最好的古建筑，在里面可以看到古代的读书的地方，做礼仪的地方，是一个很有历史渊源的场所,/Date(1392691913000+0800)/,0
8877492,古玩市场&#x20;文化气息浓&#x20;很多典故,/Date(1497070461000+0800)/,0
10509679,现在的朝天宫有时候不定期的都会有各种各样的展览，去朝天宫里面可以看到各种各样的展品，就当一次知识的增长,/Date(1389942254000+0800)/,0
262413349,地方很小，很大宫大门不开饭，能进入的只有两三个馆&#x20;差不多，坑。,/Date(1596693444000+0800)/,0
54086183,门票不贵，景点却多，意义更是悠远，比之夫子庙的江南贡院不知要高到哪里去了。后面有一家清真馆，还不错。,/Date(1462157754000+0800)/,0
14296662,有不少古玩，适合喜欢研究历史的人去看，南京是个有历史的城市，在这就能感觉到，但是玩的话就没什么了。,/Date(1392429920000+0800)/,0
10607635,不错的博物馆，里面的文物也比较多，环境不错。那天去的人不多，比较安静，可以安静仔细的品位历史。,/Date(1482418344000+0800)/,0
51913014,还不如去南京博物院，南京博物馆展品很少，阴森森的,/Date(1524920121000+0800)/,0
12964244,朝天宫地历史非常悠久，明朝地建筑风格，南京博物馆我国第三大博物馆就在这个里面，推荐大家吧,/Date(1393038242000+0800)/,0
1818442,朝天宫交通方便，历史悠久，最有特点就是门口磨亮了的石阶……可以被小孩子的滑梯，哈哈,/Date(1507301369000+0800)/,0
1530368,原来是明初教习文武百官礼仪的地方。现在也有相关礼仪表演，还有明代历史典故的介绍。,/Date(1390976294000+0800)/,0
3535060,朝天宫就在南京博物馆边上，个人觉得挺一般的&#x20;&#x20;不太喜欢这类景点，不过交通比较方便,/Date(1405398991000+0800)/,0
925532,是保护的很好的古建筑群，现在是南京博物馆，里面有很多珍贵的藏品，值得去看看。,/Date(1400120503000+0800)/,0
3345920,博物馆布展不是很清楚，近代史讲的比较潦草，博物馆应该与文庙分开不收门票。,/Date(1511058773000+0800)/,0
86226615,人很少，但其实也没什么看头。里面有个博物馆，可以拿身份证租借一个讲解器。,/Date(1491452509000+0800)/,0
36584300,基本属于遗迹了，但从保存的楼梯，窗框你可以发挥想象石屋里曾经发生的故事。,/Date(1438677906000+0800)/,0
53601368,历史的就是好，南京这个地方确实不错，不愧六朝古都,/Date(1506946755000+0800)/,1
1818442,南京很有名的一个地名，也是景点，又称南京博物馆，可惜要收费，不大……,/Date(1503583480000+0800)/,0
150533389,软件不好用，展馆里网络不稳定，时不时要刷新才能听，浪费流量，不好用,/Date(1508712162000+0800)/,0
120125842,主要看下里面的建筑，南京市博物馆。外面是古玩市场，没有多大的意思。,/Date(1507520022000+0800)/,0
37947045,一般吧。大门前的台阶上，好多个小朋友都拿来当滑梯了。门票不太值。,/Date(1530015373000+0800)/,0
8610192,面积不大，游人也不多，比较幽静，阿育王塔好像要额外收费才能看到。,/Date(1385031311000+0800)/,0
36582355,好复杂的开放时间，好复杂的收费、免费公示。,/Date(1503122602000+0800)/,1
517465,因为有家儿童体验馆，所以来过这家商场，人不太多，感觉挺好的。,/Date(1505574179000+0800)/,0
78645733,真的很没意思，夏天去的&#x20;&#x20;感觉很空，啥也没有,/Date(1502267310000+0800)/,1
5453745,历史不是一般的悠久，经过那么多朝代的改建，不知道以前是啥样的,/Date(1388055377000+0800)/,0
3647974,是南京的老地方，那里有很多古玩，喜欢古玩的朋友可以去陶淘,/Date(1404300353000+0800)/,0
1818442,很有南京特色的博物馆，不太好的是要收费，其实还是不错的,/Date(1478445308000+0800)/,0
3890811,其实就是南京的一个博物馆，记录一部分的南京的发展史。,/Date(1521720092000+0800)/,0
3890811,很久以前的了，不熟悉，所以不太好找，里面是个博物馆。,/Date(1513825955000+0800)/,0
8229548,这次南京旅游感觉很不好，园内在装修，而且是主厅大成殿,/Date(1511533859000+0800)/,0
1818442,很好的经典景点，可惜还要收费，不该这样对待老百姓,/Date(1481248070000+0800)/,0
116551,周末时候这里的人还是挺多的，停车不是太方便,/Date(1487290287000+0800)/,0
165255988,体验不佳，景色一般，性价比低，可玩性低，,/Date(1591526772000+0800)/,0
71394676,景区不是很大，个人认为南京博物院更有味道,/Date(1499407650000+0800)/,0
2523970,古色古香的地方，有很多做古玩生意的。。。,/Date(1397093355000+0800)/,0
26410301,景点还好，就是买票需要等俩小时才能出票,/Date(1507211929000+0800)/,0
28295972,比较小，10分钟就能走完，没什么内容。,/Date(1494366842000+0800)/,0
116551,早晚有空时候走走逛逛，是个挺好的地方,/Date(1476060427000+0800)/,0
555487,不好，大殿不对外开放，布置的不好,/Date(1525331236000+0800)/,0
8704101,基本没看到点儿啥，精品馆在装修。,/Date(1522809391000+0800)/,0
62151,补充：11：00以后的票价25元,/Date(1199184104000+0800)/,0
5014854,还好还好哈还好还好哈还好还好哈,/Date(1552880955000+0800)/,0
2525963,明代那个天子朝贺礼仪的表演很好,/Date(1392039118000+0800)/,0
8234521,博物馆的展览算是比较一般吧，展品南京博物院基本都有，远比不是南博丰富。公园管理很差，尤其一众保安，凶神恶煞般，态度恶劣，说话口气都是那种高高在上的调调。尤其东园边门一个保安，屌得很！,/Date(1569035400000+0800)/,1
17918402,到了景区还要重复收取电子讲解机器20元的费用，重复了感觉，本来说门票22元用身份证不就可以置换了吗？,/Date(1570032140000+0800)/,0
25848042,没啥看点，不分景点在维修，室内景点全不开放,/Date(1587274683000+0800)/,0
2769604,感觉一般，导游告知门票时35元一人，而且只有当地大学生证可以半价，很莫名，售票厅里明明牌子上写的是25一人，还问过工作人员是大学生证都能够半价，到现在还没搞清楚是怎么一回事，所以，不推荐什么一日游的，还有一种上当受骗的感觉。。。,/Date(1209783389000+0800)/,0
108688254,一点不准确，说的都是错的,/Date(1585479688000+0800)/,0
1818442,作为市里的博物馆，居然对大家收费，比较北京，实在太让人寒心咯。不支持去！,/Date(1469837697000+0800)/,2
28718549,虽然票价不贵，但是真心不值这个价。没什么可看的，也没有更深的底蕴。,/Date(1518059406000+0800)/,0
17979823,没啥看的&#x20;&#x20;就是一群古代宫殿&#x20;&#x20;基本没啥人去,/Date(1404806704000+0800)/,2
18166295,景点不大，里面也没啥看的，不值得这个门票，进去转了一圈没啥值得看,/Date(1522077125000+0800)/,0
1783996,里面还可以，但外面一般，不是很有看头,/Date(1227689945000+0800)/,0
1159471,没有携程的优惠我是不会去的,/Date(1260526035000+0800)/,0
1818442,挺好的地方，可真是浪费咯，不免费对外，圈圈起来，变成收费，包括边上公园本来免费，砌墙了，收费！～！！,/Date(1485421634000+0800)/,0
588983,同时预定了成人票和老人票，为什么老人票被取消了。是不允许老人参观吗，难为老人游客！,/Date(1491260920000+0800)/,0
2204857,&#x20;就是不要钱都要考虑是不是值得去的地方，,/Date(1261020530000+0800)/,2
119453331,景点门票是20元，有木有搞错啊！,/Date(1505167000000+0800)/,0
