205479826,坐落在一个狭小的巷子里，是最大的民间住宅建筑群，据介绍甘家大院与南京明城墙、明孝陵并称南京的三大景观，始建于清嘉庆年间，俗称99间半，既非徽派建筑，又非苏式建筑，有着南京自己的建筑风格。,/Date(1651742715000+0800)/,0
47128280,甘家大院，俗称&#39;九十九间半&#39;，除了看建筑，还有多项民间手工艺现场制作。比如绒花、花灯、空竹等等，是个老幼皆宜、消磨时间的地方。,/Date(1645890545000+0800)/,0
85153707,甘熙故居位于三山街地铁站旁，熙南里街区里，闹中取静，门口看来不大，但是内里别有洞天。,/Date(1647566009000+0800)/,0
9192335,甘家大院历史文化气息浓厚，值得带孩子一看！,/Date(1645976428000+0800)/,0
280166439,老百姓的故宫，数不清的房屋呢！,/Date(1650115839000+0800)/,0
85153707,民间俗称九十九间半，位于三山街熙南里街区，闹中取静，现在是民俗博物馆。,/Date(1639522847000+0800)/,0
2695337,不知道是不是甘熙故居？09年的时候大学社团活动去过一次,/Date(1641807369000+0800)/,0
983574,升州路附近，中小学生都去参观过。,/Date(1640993147000+0800)/,0
167282680,非常漂亮的民房，整个住宅结合了苏州园林建筑艺术和徽派设计理念，宽敞、大气、宜居的整体环境很棒，如果你来到甘熙的故居，也许你会认为这不仅是中国最大的民居，也是全国最美的民居，甘熙故居又称甘家大院。,/Date(1624040511000+0800)/,3
6458793,一个有着历史的甘家大院，在城南老城游玩时可以顺便来一下，院子干净整洁。。。。,/Date(1639130671000+0800)/,0
35965642,甘家大院位于江苏省南京市秦淮区中山南路南捕厅15号、17号、19号和大板巷42号，建筑风格独特魅力，拍照打卡的好地方，性价比超高的。,/Date(1636106325000+0800)/,0
198860231,甘家宅第，景区在市区里，非常好找，游人不多，里面展示的甘家大宅院的风貌，里面享台楼阁，池子碧波，曲径通幽，假山树木布置的错落有致，最奇的是里面还有个戏台而且是室内的，戏台不大，观众席位不多但视界开阔，可以边品茗边赏戏听曲，进深的庭院内有许多手工艺品展买，最吸引我的是木刻，剪纸，都是现场手工操作，看着艺人的手不断翻飞，各种神态各异，逼真动人的人物，动物慢慢呈现出来，非常吸引人。,/Date(1635235212000+0800)/,0
1271295,甘熙宅第位于南京市秦淮区，又称甘熙故居或甘家大院，门票20元。是中国最大的私人民宅，与明孝陵、明城墙并称为南京明清三大景观，是南京现有面积最大，保存最完整的私人民宅，也是南京民俗博物馆所在地。只有亲身来这里参观才会真正领略到传统民居建筑的优雅精致，由于在一个不起眼的巷子内，路上也没有明显的标识，所以需要细心耐心的寻找。里面有一个具有江南园林风格的小院，便是津逮楼非常有名，另外友恭堂、严凤英旧居等等都是很值得去细细参观的。,/Date(1493541124000+0800)/,19
19727557,比较小众，可以了解民俗。不错不错！,/Date(1640221253000+0800)/,0
439918,江南最有名的大院之一，值得一看,/Date(1641657290000+0800)/,0
265300966,携程订票方便快捷，值得信任。景区门票优惠幅度很大，景区周边都可以停车，自驾也很方便。景区工作人员服务很好，不知什么原因，二维码刷不过去，景区工作人员很负责任，帮我拍下二维码照片，就让我们进入景区。这样负责任的景区工作人员值得表扬，我要为她点赞！一进入景区看到景区干净整洁，洗手间干净卫生。景色也很漂亮，还有一些民俗展示，秋高气爽，天气晴朗，看了这么美的风景，心情很愉悦，总之是一次愉快之旅！,/Date(1601013568000+0800)/,2
51648967,当地朋友推荐的，值得一看。,/Date(1640160649000+0800)/,0
90861365,号称九十九间半，也是演员海清的祖宅，园内每一处细节设计的非常完美，记得上学时总是路过甘家大院，只是知道那是一座老宅，一句古诗：嵌玉镶金上石头，金陵王气著名楼，谁家九十九间半，直把秦淮烟雨收！,/Date(1599966975000+0800)/,1
295996894,到南京必须看看甘家大院，这是一个历史悠久，突显民俗趣味，南京地方戏南京白局常年进行公开演出，深受广大游客的欢迎，园区内景色宜人！,/Date(1618774248000+0800)/,0
266155660,现在又称为南京民俗博物馆，里面展出了很多南京的非物质文化遗产，非常值得慢慢品味参观。这里走被称为南京的九十九间半，是保存比较完好的私人府邸。,/Date(1604231795000+0800)/,1
31992463,如果大家是和我一样喜欢看大宅的话，这个景点可以不用来看。和全国各大宅相比，这里逊色一些。如果大家是来看民俗特色的，那可能需要早来一些，我们4点多到的时候，各个民俗场馆基本上没人。进门的时候门口工作人员不想让我们买票，说他们要下班了，但当时是可以进入的时间。,/Date(1614237172000+0800)/,1
31362766,非常值得一看的景点。老宅子，风景宜人。性价比非常高。票价20元也非常便宜。虽然在节日，但是游人不是很多。与明孝陵，明长城，为三大名胜。,/Date(1602042082000+0800)/,0
202045989,在繁华的市内，一个闹中取静，：值得游玩的地方，在这里可以全面了解南京的风俗等，在云锦博物馆还可目睹老艺人现场织锦的场景。,/Date(1595849213000+0800)/,0
174581759,不错，有好多民俗展。逛了两个小时。总体超赞，有趣好玩，景色不错，性价比高，,/Date(1624418573000+0800)/,0
70985977,随同朋友到南京办事之余到甘家大院走走，大院较为清静，环境优美。，就是价位稍微有点小贵。,/Date(1600478438000+0800)/,0
6508139,甘家大院，来这里可以看一下当地庭院建筑的风格与当地文化氛围的结合。,/Date(1629639050000+0800)/,0
1530368,甘熙宅第曾经去过许多次了，这宅子建于清代嘉庆年间，由多间古建筑组成，南京人称之为“九十九间半”。这个老宅子在中山南路升州路一段，这里也是南京城南的一部分。甘熙故居的建筑兼具南北特色，占地面积达9500多平方米，这里是面积最大、保存最完整的私人民宅，现在也是全国文物保护单位。春天的时候，木香花开了，映衬在古宅子上，青瓦、回廊、花格窗，古朴典雅，使人进入美的意境中。,/Date(1587566669000+0800)/,1
85153707,九十九间半，位于闹市区三山街，闹中取静，现在是民俗博物馆。,/Date(1623193411000+0800)/,0
269815804,就在附近，经常去玩，很不错的哦,/Date(1625164185000+0800)/,1
85153707,甘熙故居，民间俗称九十九间半，现在是民俗博物馆。,/Date(1631321882000+0800)/,0
295996894,甘家大院又称九十九间半，现在是南京明所俗博物馆,/Date(1628667530000+0800)/,0
22934115,甘家大院，不错，不错，大家有机会自己去看看！,/Date(1622295762000+0800)/,0
52106219,园林优美，大户古代豪宅，民俗展示多，不错遊。,/Date(1599898135000+0800)/,0
9192335,甘家大院具有历史文化，非常值得推荐去看看！,/Date(1634733705000+0800)/,0
19727557,门票不贵，还有教育意义。适合带孩子来参观。,/Date(1629678093000+0800)/,0
40053412,作为南京比较有名的一个，我的古老的，大宅院他家可以保留了原来的风貌，而且在南京具有一定的考古研究价值，还是相当不错的，现在作为了一个景点。没事的时候可以去看一看,/Date(1605403141000+0800)/,0
983574,值得一去，每个中学生都去参观过。,/Date(1626403549000+0800)/,0
439918,甘家大院始建于清嘉庆年间，俗称“九十九间半”，是南京现有面积最大，保存最完整的私人民宅。,/Date(1633655764000+0800)/,0
218004253,里面有很多手工艺展示，整体浏览环境较为安静。可以看到传统民俗，戏剧服装。值得参观。,/Date(1627376393000+0800)/,0
22097290,闹中取静，也有不少特色餐厅。有一条仿古街市，周末带家人来盘桓一二还是不错的。&#x0A;【趣味】&#x0A;【景色】&#x0A;【性价比】,/Date(1605072231000+0800)/,1
6458793,座落在三山街附近，有着九十九间半房子，小景区，干净整洁，值得一去。。。,/Date(1630937996000+0800)/,0
218004253,著名演员海清的祖宅，可以了解戏剧，民俗。周围有很多餐饮店，交通便利。,/Date(1625894545000+0800)/,0
6508139,这个大院保留了晚清时候的情景，装修以及布局都很考究，有一定的历史文化研究价值和观赏价值。,/Date(1603671264000+0800)/,1
56396607,甘熙故居俗称九十九间半。很庞大的古建筑群，保存的基本完好，加上近年的不断修缮，整个风貌得以呈现。&#x0A;甘家人才辈出，黄梅戏名家严凤英和甘家也有一些渊源。&#x0A;这里现在也是南京民俗博物馆，里面有很多非遗传承项目驻扎。&#x0A;园林的景致一般。,/Date(1579579544000+0800)/,1
19177328,号称民间故宫九十九间半，现在是民俗博物馆,/Date(1629267960000+0800)/,0
58361898,甘家大院、甘熙宅第，始建于清嘉庆年间，距今已经拥有200多年的历史，俗称“九十九间半”，与明孝陵、明城墙并称为南京市明清三大景观，是南京规模最大、保存最好的名人宅第私人民宅。走进院子，还能看到一些民间技艺，还有江苏京剧院的折子戏演出。里面长廊环绕四周，亭台楼阁错落有致，建筑融合了南北之所长。院子里蜻梅花开，暗香浮动，让人赏心悦目。,/Date(1578748143000+0800)/,0
90861365,烟雨江南，号称九十九间半，院里青砖红瓦，典型的江南风情，现在开发为名俗博物馆，让世人深刻的了解南京的风土人情，小桥流水交相辉映，甘家故居真的很有内涵，记得上学时总是路过甘家大院，只是知道那是一座老宅，一句古诗：嵌玉镶金上石头，金陵王气著名楼，谁家九十九间半，直把秦淮烟雨收！,/Date(1573390242000+0800)/,0
238786009,挺好的地方～可以通过这栋精美教育了解甘家历史，还有非遗展示，️非遗传人在，可以买点特色纪念品～不过有着店没开，有些人脸色也是差差的，还看到剪纸的店主和游客发生口角，也是醉了……整体价格也是小贵，可能贵在手工吧，作为门外汉，用机器弄得我也看不出来，这个就还是见仁见智吧～,/Date(1567920011000+0800)/,0
6458793,甘家大院99间半，非常值得一去。。。,/Date(1622646645000+0800)/,0
20145178,典型案例民国建筑，最有南京特色，同时也是南京民俗博物馆，对了解南京很不错的,/Date(1591544889000+0800)/,0
19727557,五一出行，携程订购，半价优惠，超高性价比。甘熙宅第，也叫甘家大院，是当地甘姓大家。同时这里也是南京民俗博物馆，有民俗和非遗可以参观。涨涨知识，不错不错。,/Date(1620362383000+0800)/,0
439918,江南最大的私家宅院，值得一游！,/Date(1625613114000+0800)/,0
4235561,就是南京民俗博物馆，有很多南京民俗展示，看得出来是政府赞助的，值得参观,/Date(1617169859000+0800)/,0
82409403,几个小朋友一起约着去的，主要是去看看大院在里面到处走一走，小朋友一起拍照，了解一下保存的最完整的私人民宅，里面有私塾，还有一些南京流传下来的手工艺～,/Date(1606104055000+0800)/,0
58688796,非常有韵味的古宅，还有知名的民俗遗产继承人在销售一些他们制作的手工品,/Date(1593043213000+0800)/,0
69707360,有趣好玩，性价比高，,/Date(1623049471000+0800)/,0
6508139,来这家大院来参观一下，看一下当地的民俗风情与建筑物的风格。,/Date(1616632929000+0800)/,0
159216881,非常典型的江南宅院，几乎跟奶奶的娘家差不多，游览的时候，心情特别激动，想起快五十年前的事，想起奶奶，想起那个已经被拆了的宅院，眼睛酸胀不己,/Date(1561135586000+0800)/,2
95871900,收拾的干干净净清清爽爽，逛起来很开心,/Date(1610888043000+0800)/,1
85153707,民间俗称九十九间半，现在里面除了老房子还有民间艺术展。,/Date(1614993589000+0800)/,0
110053915,来南京第一站去的甘熙宅第，城市里闹中取静的地方，看见了真实的云锦织机。在携程网上购票优惠。南京很多景点对18岁以下孩子免费，让孩子们更多的了解一座城市的文化历史，真的很好！,/Date(1570433779000+0800)/,0
95871900,很有文化底蕴的地方，值得去看看,/Date(1599961603000+0800)/,1
769186,还是喜欢南京。所谓的99.5间房，就是富翁迷宫设置,/Date(1599695645000+0800)/,0
22252292,挺好，门票不贵，还有京剧和白局，值得转转。,/Date(1604279123000+0800)/,0
7221727,体验很好，景色不错，有趣好玩，值得推荐，，海清家的祖屋，也叫99间半，延禧攻略里的绒花，这边也有店，绒花超级美丽，值得一游,/Date(1601462514000+0800)/,0
198466474,甘熙宅第由毗邻的四组多进穿堂式古建筑群构成。古建筑占地面积9500多平方米，建筑面积5400多平方米[2]。宅第建筑群中建筑均坐南朝北[3]。甘熙宅第建筑特色南北交融，既有“青砖小瓦马头墙，回廊挂落花格窗”的江南民居的娟秀雅致，又有北方“跑马楼”的浑厚大气,/Date(1603946348000+0800)/,0
3908954,地铁1号线三山街站，走过去很近，亦有收费停车场。&#x0A;门票20元（公园年卡可用）。&#x0A;始建于清嘉庆年间，俗称“九十九间半”，是中国最大的私人民宅。甘熙故为晚清著名文人，曾中进士，著作颇丰，与其父甘福遍访吴越，收集书籍十万余册，建藏书楼名曰津逮楼。甘氏家族擅京昆艺术，成立了研习社，对京剧、昆曲、古琴等颇有研习心得，黄梅戏艺术家严凤英也是甘家的媳妇。&#x0A;甘熙故居说是九十九间半，其实房间有162间，只是9为最大阳数和吉数，过了9到10就到头了开始走下坡路，所以自古就有“九五之尊”的说法。所以这半间即表示未达百间的谦虚，又有仅半步就到目标的得意。&#x0A;甘熙故居并非徽派建筑，也不是完全的苏式建筑，而是和南京本土的高淳、六合等地一样，有着南京自己的建筑风格，如门楼装饰较素，显得简朴大方，封火墙特别高大注重实用等，整个建筑反映了金陵大家仕绅阶层的文化品位和伦理观念。布局严谨对称、主次分明、中高边低、前低后高、循序渐进，步步推向高潮。每落位于主轴线上的明间较两侧的开间略大，而整个住宅的入口位于正落中间。正落沿纵深轴线布置的各种用房按顺序排列是：一进门厅，二进轿厅，三进正厅，四、五进为内厅等。建筑的布局严格按照封建社会的宗法观念及家族制度而布置，讲究子孙满堂、数代同堂，致使宅第的规模庞大、等级森严，各类用房的位置、装修、面积、造型都具有统一的等级规定。&#x0A;现在故居已成景点，专门辟出一进展示金陵的传统手工艺，周末有老艺人在现场展示制作过程，并同时售卖自己的作品，今日雪大，只来了三位师傅，不过作品还是可以任君参观。&#x0A;进门左手的大宅里设有金箔博物馆，虽知道南京市金箔的发源地，但一直未有深入了解，系统看一下，也算多点知识，还不错。&#x0A;茶馆，确认了一下每个周六、周日下午14:30均有演出，点杯茶即可落座观赏，今日完美错过，改天务必前来一观~&#x0A;津逮楼毁于清军与太平军的战火之中，十六万册藏书损失大半，后又遭偷盗，现下此楼为当代复建，只是空有楼阁，古书均已不见踪影了~,/Date(1517821519000+0800)/,21
20145178,典型的南京大户人家，也是南京民俗博物馆,/Date(1606057964000+0800)/,0
280166439,南京大萝卜的皇宫&#x0A;老百姓最大的院落,/Date(1620298635000+0800)/,0
3296947,是南京保护的比较完好的一条街道。,/Date(1607922418000+0800)/,0
3296947,有古老的建筑，干净整洁的街道。,/Date(1618475571000+0800)/,0
249497855,历史在这里沉淀，很值得一看的。,/Date(1592745430000+0800)/,0
48671846,很有代表性，建议打卡，强烈推荐,/Date(1590933933000+0800)/,0
101528971,景色不错，总体超赞，有趣好玩，好好好好好好好好好好好好好好好好好,/Date(1613228696000+0800)/,0
65821027,甘熙宅第建筑特色南北交融，既有“青砖小瓦马头墙，回廊挂落花格窗”的江南民居的娟秀雅致，又有北方“跑马楼”的浑厚大气。有很多南京非遗和民俗的展示。,/Date(1578373728000+0800)/,0
18596584,南京最负盛名的江南名宅，主要是甘氏家族在南京的历史，号称九十九间半，其家族名人辈出，长久不衰。另一方面，它是南京的民俗博物馆，文化底蕴十分深厚，还有南京的非遗文化遗产的展示中心，如南京云锦、金陵刺绣等，都可以大饱眼福。可惜，人比较少，知名度不高，但绝对是南京最值得来的地方之一。,/Date(1455081606000+0800)/,9
239966562,检票口的工作人员礼貌温和，让人感觉非常舒服。甘家大院房间众多、感觉比日本某些所谓的大名故居都要大气精致很多。勾起我更深厚的爱国之情。,/Date(1570810873000+0800)/,0
6786466,围绕着夫子庙秦淮河风光带一周都是一些非常有历史意义的古建筑群，甘家大院是其中蛮有特色的一个旅游景点，有着非常不错的气氛，闹中取静！,/Date(1577259986000+0800)/,0
21004908,从小生活的地方，正宗的南京老城南百姓的缩影。99间半的房间对比故宫999间那就是一个臣子和帝王的区别，独特的坐南朝北开门那是对故乡北方的思念。张学良住过，著名的文人墨客也住过，值得一去,/Date(1567708932000+0800)/,1
26433352,地方不大，了解南京风土人情必去之地，甘家还是非常有名望的，对地方，对社会有特殊贡献,/Date(1616023090000+0800)/,0
1992779,过年期间没想到繁华的新街口居然有这么一个安静漂亮的大宅院落，人少景色漂亮，尤其去的时候刚下完雪，真的有一朝回到金陵的感觉。院子里还有非物质文化遗产的手工作坊，下午还有南京白话的民俗表演，带着孩子居然逛了一天，非常满意。,/Date(1570404361000+0800)/,0
205479826,甘家大院坐落在一个狭小的巷子里，是最大的民间住宅建筑群，据介绍甘家大院与南京明城墙、明孝陵并称南京的三大景观，始建于清嘉庆年间，俗称99间半，既非徽派建筑，又非苏式建筑，有着南京自己的建筑风格。,/Date(1587947152000+0800)/,0
112462802,明清时期江南地区有代表性的宅子，完整保留了明清建筑的原貌，体验了秦淮河畔古典民宅的神韵，如今这里变为南京民俗博物馆，非常值得游玩！,/Date(1569770301000+0800)/,1
21049645,很棒，小小的江南园子，每进院子，都不一样，随手拍的照片，就很好看，非常喜欢，感觉不比苏州的一些大的园林差的！,/Date(1568678642000+0800)/,0
63000480,景色不错，性价比高，总体超赞，有历史故事，园林很大，距离夫子庙不远,/Date(1603695309000+0800)/,0
218719576,甘家大院&#x20;进去的时候是感觉要晕了&#x20;&#x20;这个院子有点大&#x20;&#x20;不过整体还是挺好的&#x20;&#x20;看到了很多以前的大家风范,/Date(1568894196000+0800)/,1
60368639,甘家大院儿很值得一去。江南园林小桥流水人家。很有文化，江南韵味。,/Date(1618190436000+0800)/,0
83455256,一个带有民族特色的旅游景点，环境很好，基本保持了原貌，值得一看！,/Date(1594523231000+0800)/,0
70069660,挺雅致的，地方大不奢华,/Date(1599918761000+0800)/,0
221430,九十九间半的老建筑，里面有不少民国时期的遗迹，值得看看。,/Date(1617632238000+0800)/,0
167282680,民国时期中国最大私人民宅，俗称&quot;九十九间半&quot;，可想而知。,/Date(1614766159000+0800)/,0
19177328,号称民间九十九间半的甘家大院，感受旧时大户人家的生活,/Date(1593840239000+0800)/,0
22577089,这里有南京99间半的完整建筑群这里有新凤霞的故居这里还是南京民俗博物馆在这里你还可以了解甘家世代人才辈出我很喜欢。推荐,/Date(1438178632000+0800)/,6
316714246,真好总体超赞，景色不错，有趣好玩，性价比高，,/Date(1619471023000+0800)/,0
439918,江南三大私人住宅之一，规模宏大，值得一游,/Date(1617570920000+0800)/,0
83722338,甘家大院，又名“九十九间半”，其实院子不大，跟其它大院来比，这个民居没有很大特色。但是院内的民间艺术展示很值得一看，有老工艺者现场展示，也可以购买，特别是以前只有在宫里才有的“绒花”做法&#x20;很值得一看。,/Date(1606117082000+0800)/,0
234219429,里面不大&#x20;大概半小时逛完了&#x20;了解下历史,/Date(1601969945000+0800)/,0
216045074,很大的古民间建筑群，号称99间半,/Date(1613106267000+0800)/,0
9001403,景色不错，性价比高，总体超赞，,/Date(1604050216000+0800)/,0
3339278,人也不多，可惜没有纸质的做收藏,/Date(1603199636000+0800)/,0
359310,有趣好玩，体验很好，值得推荐，,/Date(1601335068000+0800)/,0
62117701,体验很好，景色不错，值得推荐，,/Date(1595717718000+0800)/,0
241112417,值得推荐，体验很好，有趣好玩，,/Date(1593225314000+0800)/,0
219102478,值得去看看，了解一下南京民俗,/Date(1602025211000+0800)/,0
11319272,这里的风俗太棒了，对南京一下子熟悉了好多，我好喜欢这里的知识。,/Date(1566046470000+0800)/,0
76009295,景色不错，总体超赞，,/Date(1619191293000+0800)/,0
79629476,私家园林中的姣姣者了,/Date(1617777323000+0800)/,0
56487595,性价比高，总体超赞，,/Date(1613530540000+0800)/,0
166125585,景色不错，性价比高，,/Date(1613380415000+0800)/,0
29659892,体验很好，值得推荐，,/Date(1596358622000+0800)/,0
3832343,民俗和非裔的结合。∴,/Date(1595680109000+0800)/,0
21484709,值得推荐，有趣好玩，,/Date(1591940986000+0800)/,0
19403898,南京民俗博物馆，甘熙故居。也就是南京人说的甘家大院，里面有传统的南京民俗文化展，也有很多值得逛逛的地方。房间之多号称民间的九十九间半。,/Date(1571700688000+0800)/,0
161127025,合适散步&#x20;逛逛,/Date(1608891208000+0800)/,0
219031231,很漂亮的南方园林，加上民俗博物馆，值得一玩。,/Date(1568366745000+0800)/,0
207672300,民俗全面具体，可以看到老南京人的生活面貌,/Date(1580304343000+0800)/,0
5472754,很值得一去，请讲解员讲述甘府的故事，过去的民俗，都是非常有趣的。特别是张苗老师的葫芦画坊，每一个葫芦都是纯手工画出，非常的美妙绝伦，精美！还在2012年被评为南京非物质文化遗产！还有斗翁制作坊，南京古老的手工制作，非常值得一看！,/Date(1442854886000+0800)/,0
29219498,风景很不错，古色古香。里面很安静，漫步其中，喧嚣都已远离，只留一片幽静。&#x0A;据说有九十九间半，不过呢，就这样在里面乱逛有点悬，根本找不全这些。&#x0A;去的时候是春节期间，未成年人竟然免票！意外的惊喜！&#x0A;值得一去的地方！,/Date(1424712580000+0800)/,0
265867972,体验很好，景色不错，值得推荐，,/Date(1589849008000+0800)/,0
29661297,甘家大院，是甘熙宅第，除了介绍甘家历史，里面主要陈列了南京的民俗风情,/Date(1597583853000+0800)/,0
194620892,了解南京民俗和非遗的不二去处，人少景美手艺佳，下午去的时候还欣赏到一段京剧表演《文昭关》，有时间的话可以多逛一会儿，院落很多，需要细细品味。,/Date(1570508206000+0800)/,0
109670404,在南京升州路与中山南路交界的地段，闹市之中，不起眼的在一条巷子里，白墙灰瓦，挂一串红色灯笼，标记着南捕厅十九号——甘家大院。这就是著名的“九十九间半”——清代中国最大的平民住宅、距今已有二百多年的历史的甘熙宅第，金陵甘氏是江南望族，甘家大院从古到今有三大贡献，一是九十九间半大规模的清代私人住宅，二是否津逮楼藏有大量珍贵古籍，第三则是为宏扬京昆艺术作了卓有成效的工作。在这里人很少，可以仔细品味戏曲，品味南京民俗，品味中国文化遗产。里面还有很多非物质文化遗产展示，非常值得一看。,/Date(1519901169000+0800)/,3
73080595,甘熙宅第、又称甘家大院、民间叫九十九间半、虽没什么表面上繁华的风景、但是去了很涨姿势，属民俗、非物质文化博物馆一类景点、很深的文化底蕴、[强]、游览完有种莫名的感伤、很多非物质文化已经与时代、年轻一代渐行渐远......,/Date(1478435265000+0800)/,3
1723963,前几次来南京，都没有来过这里，民间称之为99间房的“甘家大院”，这次放在第一站，地铁“三山站”下来走几步就是，门票20元，，非双休，节假日去，游客很少。这里面其实不大，但通过建筑的布局设计，显的很大，游客在里面绕啊绕的，也有很漂亮的花园，还有一座“津逮楼”，颇有名气。最大的好处——安静。房子多，门就多，有钱人家讲究，所以这些门也很有些看头……,/Date(1422701044000+0800)/,5
33692579,票价很便宜，但是真的平平淡淡&#x20;也有可能疫情期间啥活动都没搞&#x20;所谓的民俗博物&#x20;照片加文字宣传为主，园子也很小，没有什么太大的趣味&#x20;一个中打卡完毕,/Date(1590937093000+0800)/,0
160377280,体验很好，对过去的住宅布局、民俗是一种体验。,/Date(1598614989000+0800)/,0
26883544,甘家大院就在老门东附近，旁边有地下车库可以停车。一座挺古老的院子。没有全部开放，但是可以慢慢逛两三个小时。有很多非遗文化展示，比如木雕，剪纸，木偶面具等等。有一个崭新是专门介绍甘家的族谱历史，总之去南京一游非常值得参观的一地。,/Date(1579050144000+0800)/,0
36218441,甘家大院是清代时期保存得最好的建筑群，里面众横交错，雕梁画栋，古香典雅，每一处都能感受浓浓的文化气息，在里面可以体验到浓浓的本土文化，有各种表演和手工艺品的展览，剪纸，雕刻，泥人，还可以亲手制作，这个还真的很不错。,/Date(1570930764000+0800)/,0
5801787,甘熙院子位置里住宿的地方很近，早上9点一开门就进去观展了，介绍了甘家的杰出子孙，了解他家的藏书那么多，近代出了的人才，尤其喜欢为手工艺人设置的展位，凸显本地特色，可能来的早有些摊位还没摆出！但我还要为原创作品叫好，敬佩这些手工艺术家！,/Date(1501427532000+0800)/,2
276717587,景色不错，老宅子，大部分都是老人。,/Date(1604670380000+0800)/,0
23438252,甘家大院很值得一看，在携程提前订票后，现场顺利取票游览。整个大院中慢慢行走，欣赏建筑之美的同时又了解了甘家的家族史，还见识了不少非物质文化遗产展示，周边的熙南里也很有特色，总之，是不虚此行。,/Date(1579667657000+0800)/,0
70613362,故居内了解一下当时时代的风俗,/Date(1601600646000+0800)/,0
433625,一个人去的。闹中取静，很有意思，院子很大。甘家有故事。也是民俗博物馆，非常值得一去。外面建的仿古建筑也不错，吃饭喝茶逛街很方便。,/Date(1408058912000+0800)/,5
3798630,景色不错，值得推荐，,/Date(1596361297000+0800)/,0
21678934,周六下午来的，人很少。但环境好，门票不贵，携程还有折扣,/Date(1564207524000+0800)/,0
5371908,南京民俗博物馆，俗称九十九间半。完整保留了当时的民居，值得一看。最近还发现有人在此拍古装照片,/Date(1575588864000+0800)/,0
162719695,个人比较喜欢民俗的景区&#x20;下午还有京剧表演&#x20;捧场的人很多&#x20;内部结构很大&#x20;几进几出&#x20;方向感不太好的游客&#x20;可以按照导游提示图行走&#x20;这样不会错过每个屋子,/Date(1569034083000+0800)/,0
62756159,了解更多南京非遗文化遗产，还知道了严风英与甘氏的渊源，以及甘氏家族对国家的贡献。正好中午两点半有白局的演出，了解了一下他们的白话相声，体会到了老一代艺术家们对传承的渴望。,/Date(1565749429000+0800)/,0
924617,在熙南里，周围吃的很多，最近大阪巷也起来了,/Date(1575954587000+0800)/,0
22546165,甘家大院像个迷宫，幸好拿了指示图，根据标记走，才没把自己绕晕。老建筑，里面有甘家人的生平介绍，都是名人，佩服，然后还有各种民俗和非遗展览。如果周末去，还可以听戏。买了个木雕小貔貅，超级可爱，好喜欢。然后还有个小花园可以逛逛。,/Date(1574320661000+0800)/,0
83308565,闹中取静的地方，宅第非常美，穿梭在里面有时空交错的感觉。遇到一位老艺人画京剧脸谱，上千张人物图谱，他说打算把所有人物脸谱都保存整理出来，否则随着一些曲目的消失，有些人物的画法也会消失了，被老爷爷的匠人精神感动。,/Date(1512665128000+0800)/,0
1482786,"甘熙故居— 一座藏在闹市里的明清古建筑。又称甘家大院、甘熙宅第，是清道光初年江宁的甘福修建，甘熙是甘福次子，为晚清著名文人。故居体现了明清时期江南民居风貌，现外侧与熙南里历史老街组成具有特色的民俗文化老街。周围高楼林立，别有洞天。",/Date(1508672746000+0800)/,4
1992779,能在春节黄金周的市区发现如此幽静的景点太棒了，园景搭配着雪景简直太美了，很多小院里还有非遗的手工制作，孩子很喜欢，居然逛了一天，下午2点半还有免费南京特色的民俗表演，实在太棒了。,/Date(1549763988000+0800)/,1
86773626,一堆退休老人在里边，互动项目很少。&#x0A;保洁用湿拖把清洁展品家具，也是惊呆我了。,/Date(1601277953000+0800)/,0
20145178,修复后的民国建筑群，这是名家，有很多故事，对了解民国还是很️意思的,/Date(1583508301000+0800)/,0
52613446,对历史感兴趣的人值得去，名胜古迹，更能了解这段历史故事，很棒,/Date(1578193728000+0800)/,0
13419746,阴雨天完全没有影响出游的心情，甘家大院的藏品和民俗展览值得一游。甘家丰富的人文历史没有随着时间而被掩埋，99间半很好地保留了他们生活的痕迹并且向大众分享着被城市快节奏所忽视的民俗。,/Date(1518229824000+0800)/,0
18260204,逛逛蛮好，了解民俗，看看家塾，佛堂什么样子，了解育婴堂之类之前不清楚的东西，说是99间半但去的时候很多在重修，有的是不开放，门票网上要提前2小时订，现场要20.,/Date(1476614301000+0800)/,9
2754972,小小的院子景色一般，展示的展品就几张图。感觉不应收门票。,/Date(1606476913000+0800)/,0
20145178,80年代在南京住了7年都没意识到南京深厚的历史文化，特别是民国时期，甘家也是很有代表意义的了，还看到了不少熟悉的名字，修缮的痕迹挺明显的,/Date(1567479198000+0800)/,0
606705,去过2次，印象深刻，感觉很好，不去后悔，值得推荐！！！,/Date(1589241029000+0800)/,0
55809009,挺不错的，门票不贵，里面院子挺大，而且错综复杂，有很多介绍可以学到非常多的东西。里面有展示各种非物质文化遗产的一间间屋子，看到这些真觉得文化的东西要传承啊,/Date(1523546708000+0800)/,1
38729170,现在的甘家大院就内部来说，不如以前好，好多房间不允许人参观了！可能是年代的缘故吧！不过逛完甘家大院，她的周边环境可是越来越好啊！,/Date(1572943813000+0800)/,0
183556243,本来也想找讲解员来着，可惜需要提前预约，建议网上买门票的时候显著位置提醒一下吧。,/Date(1571478882000+0800)/,0
16350641,虽然是十一，但因为下雨的缘故，人不多。最重要的是一定要到熙南里往里走，不要听高德的，太离谱。里面还不错，各种展览很接地气，还有个茶座，有南京白局表演，免费的，非常好。还有根雕，葫芦画等民间艺术，又有介绍老南京结婚，育儿的老习俗，及相关展示的微型雕塑，还有给孩子抓周用的大盘子，称夏的筐，结婚的花轿，应有尽有，相当有意思值得一去。,/Date(1506952273000+0800)/,2
528205,上次来南京就想来这里，因为那时还没有手机导航，所以找不到地址，就没来，这次来南京本来也忘记了这个景点的存在，谁知道南京博物院里居然有这个宅子的模型，想起来后马上决定来，但是导航甘熙宅第是找不到的，后来上网研究原来这里叫甘家大院，这才顺利过来，这里可能因为房子太多了，所以不像一般宅子一样每个房间放些当时的摆设，而且改成了非物质文化遗产展示铺子，也有一些民俗风情穿插在宅里面，走走逛逛还不错，但就是房子太密密麻麻了，有点审美疲劳,/Date(1491495881000+0800)/,2
50168842,门票20元&#x20;个人觉得不值&#x20;这里据说是南京民宅的代表&#x20;但是已经是翻修过的了&#x20;建筑很新&#x20;没有古色古香的感觉&#x20;院落很大！房子一间又一间&#x20;足见主人家方面的富裕&#x20;地处市区&#x20;旁边都是高楼大厦&#x20;在院子里的后花园看外面耸立的高楼&#x20;感叹古今&#x20;可是这里没有苏州园林欲扬先抑&#x20;一步一景&#x20;暗藏惊喜的精巧设计&#x20;房屋平铺直叙&#x20;屋内有关于南京民俗的介绍&#x20;也大多是文字介绍&#x20;不是很有意思&#x20;有个婚俗馆展示了新娘的嫁衣还有点意思&#x20;如果时间不充裕&#x20;建议没必要专门跑一趟,/Date(1487138296000+0800)/,6
249497855,历史在这里沉淀，走走停停看看，颇多感想,/Date(1575884593000+0800)/,0
65867511,看特色的南方民居，和非遗民间手工艺。,/Date(1565156868000+0800)/,0
37824217,去的时候，发现园子其实不算大，但是布置得很有格局。里面大大小小的房间各有特色，可以看见很漂亮的手工艺品，喜欢的还可以买一两件回家。不强迫买东西，服务也很好，游客比较少，挺好的，可以慢慢逛一下午！,/Date(1577799568000+0800)/,0
20145178,还有民国特色，修缮的太整齐划一了,/Date(1575540372000+0800)/,0
249497855,历史的积淀和沉思，非常值得一看,/Date(1583834298000+0800)/,0
224732463,历史在这里积淀，非常值得一看的,/Date(1582987574000+0800)/,0
22252292,便宜3块钱，很方便，票价很值。周末去还能看表演，周六京剧，周日白局，下午两点半。就是要早点去占位，全是老人。,/Date(1563363490000+0800)/,0
55347471,紧邻熙南里街区，是一个不大的公园，也称为九十九间半，是以前达官贵人的官邸，现在是南京民俗和休闲小憩的地方。,/Date(1580883271000+0800)/,0
2227342,甘熙故居地方不大，进去走走也不错，以前有昆曲，上次去没有欣赏到。里面有个画脸谱的，看中一副，不过不对外卖。,/Date(1568429158000+0800)/,0
241298844,江南大户特色，值得一看。,/Date(1572332510000+0800)/,0
109670404,甘熙故居又叫甘家大院，民间也把这称呼为九十九间半，可想而知这里的宅子有多大吧！有点徽派建筑特色，又有着南京​自己的建筑风格，整个建筑反映了金陵大家仕绅阶层的文化品位和伦理观念。应该说这里是南京现有面积最大，保存最完整的私人民宅了。现在这里也是南京地区民俗技艺博物馆，展示现场有老艺师表演皮影戏、泥人、魔术、九连环、剪纸等，游客可花点小钱，当场学艺。,/Date(1552008500000+0800)/,1
38506814,转晕了，风景还不错，而且下午两点半有免费京剧看，绝对值回票价了，要早点来占座，建议多安排些座位。,/Date(1573899138000+0800)/,0
55347471,在三山街地铁站附近，尽量熙南里，是一个比较幽静的一个公园，里面也有老南京的民俗博物馆，值得推荐。,/Date(1572794039000+0800)/,0
1992779,二刷甘熙大宅，上次带娃，这次带老人出行，都很满意，人少景美。现在正值满园桂花飘香，值得一游,/Date(1572064331000+0800)/,0
35160342,了解更多南京非遗文化遗产，还知道了严风英与甘氏的渊源，以及甘氏家族对国家的贡献。正好中午两点半有白局的演出，了解了一下他们的白话相声，体会到了老一代艺术家们对传承的渴望。,/Date(1561940952000+0800)/,0
9431619,景区内有缩小版仿真样板房，能看到整个大院的全景。茶室到了时间还能看表演，还是不错的,/Date(1560393131000+0800)/,0
73291543,甘熙故居，又名九十九间半，是古代中国最大的民间住宅建筑群，坐落在南京城区一个狭小的巷子里，离夫子庙挺近的，里面有好多手工艺者和她们的作品，门票也不贵，建筑与手工艺的结合让这个院子充满着浓浓的传统气息,/Date(1477489238000+0800)/,4
69331531,一次很棒的回顾清代人们日常习俗之旅。,/Date(1474154325000+0800)/,4
104687408,甘家大院还是值得看一看的，环境清幽。很舒服的！重点的是适合带着老人去照相！如果带妈带娃去，至少在五一这个人挤人的时候这里还算人很少的,/Date(1556931143000+0800)/,1
550907,换票很方便！院子不错，适合带孩子来玩玩！出了景点门口也有好多小吃店！,/Date(1570580829000+0800)/,0
51567015,听说是周末有表演，去的时候没遇到。&#x0A;是南京现有的面积最大房间最多保存最完整的私人建筑。里面有很多的房间用来展现南京的一些民间的手艺和非物质文化遗产。建筑的感觉就是高大。&#x0A;离三山街（地铁）很近。,/Date(1544010138000+0800)/,0
53028929,很大的一个民俗博物馆，很值得前来，里面看点还是很多的，我去的时候买的学生票，非常方便，只需要十元钱现场，未成年人是免费的，真的很值得前来的一个地方。,/Date(1497068704000+0800)/,2
1818442,非常别致的纪念地，不是很大，需要门票，但是值得花2小时去欣赏欣赏,/Date(1568985193000+0800)/,0
67855227,携程上订票需要满两个小时才能用，比直接买便宜三块。里面艺术作品很多，也有非物质文化遗产的继承人在里面制作剪纸、风筝、葫芦、脸谱等等。好大，值得一逛。虽然在闹市区，但里面出奇安静。推荐！,/Date(1498454962000+0800)/,0
16822705,经常来，繁华都市里的一抹地主庄园！！民俗孩子很喜欢，周末还有戏曲听，这次去和孩子抓了不少蝌蚪。公交地铁都很方便，玩饿了门口绿柳居买点马蹄糕吃吃。,/Date(1491638989000+0800)/,0
32852243,号称九十九间半，典型的明清时期江南建筑，保存的非常完整。里面有民俗博物馆，展示了老南京地区的一些风俗习惯。每天还有京剧以及白局表演，还是不错的,/Date(1577891707000+0800)/,0
8937868,感觉还是不错的，适合带小朋友去看，增长增长见识，许多非物质文化遗产需要年轻的一代去传承。风景很好，气氛也不错，进去的时候一定要带地图，不然会走迷路的。,/Date(1442298293000+0800)/,3
45595681,民俗博物馆，可以带孩子玩，知识性和游玩性都不错,/Date(1589106100000+0800)/,0
45715212,方便好用，到售票处输入六位数字的验证码即可出票,/Date(1571553523000+0800)/,0
17347864,很好的民俗管，很多东西都可以去体验，非常有趣,/Date(1569808482000+0800)/,0
47585210,很美的私家园林，非常值得去，有些不好找，开始进错入口了，问了附近酒楼的服务员才找到。,/Date(1526351513000+0800)/,0
19274035,离夫子庙景区不远，现在已经更名为甘熙宅第。,/Date(1569538012000+0800)/,0
19274035,就在家门口，虽然只进去几次，但非常熟悉。,/Date(1580082260000+0800)/,0
4133356,没什么可看的，如果同时还有安排南京博物院的行程，那就更没啥好看的。冲着老建筑，勉强可去，不要抱太大的希望吧！里面的工作人员倒是很客气，好评！哦，还有十八周岁以下是不需要门票的，我就在携程先买了，浪费了,/Date(1565180487000+0800)/,0
79834097,不错哦，今后还来的！好的地方！！！！！！,/Date(1562814309000+0800)/,0
1727720,路线标识不是很清楚，绕了几下，真是庭院深深深几许啊，这么大的宅子，估计谁也找不到谁。很多博物院教育机构带小朋友来这里学习，现场做题，好拼啊！门票买好了自助验证的，非常省人力。平时的周末人也不算多，门口是小巷子，很多都快要拆了，周边环境不太好。,/Date(1558887358000+0800)/,0
66562456,作为南京古宅代表的甘家大院，是很值得一看的，一步一景的园林景观，虽然被暴雪覆盖住了很多景色，也是别有一番意趣。园区里也有很多提示牌，提醒参观者此处是“第几进”院落的第几间屋子，方便客人有序参观。不过个人觉得稍显可惜的是，没有一个统一的介绍甘家大院各处所的原有用途，逛了一圈只知道主厅是用来祭祀先祖用的。其他的房间院落有的开辟成办公室，有的变成金陵手艺展示，感觉失了些意趣。,/Date(1517305984000+0800)/,0
8817460,确实不错，古色古香，历史悠久，值得一去,/Date(1566984798000+0800)/,0
55347471,很安静的公园，原99间半，值得逛一逛。,/Date(1564759410000+0800)/,0
606705,不去甘家大院，你都不好意思说去过南京。,/Date(1564172158000+0800)/,0
52293906,现在不仅是是甘熙故居，还有了民俗博物馆。去了才知道，黄梅戏的表演艺术家严凤英也曾经是甘家的儿媳妇。里面专门有一间陈列室里能看到严凤英的照片，以及甘家人的介绍。,/Date(1459605252000+0800)/,2
3548097,曾经的甘熙故居，现在改名甘家大院了。,/Date(1589287937000+0800)/,0
224732463,体味历史，值得仔细品味，听戏很有味道,/Date(1573950471000+0800)/,0
3548097,好像也叫甘熙故居，，在中山南路上。,/Date(1575171266000+0800)/,0
95871900,里面有工匠，非物质文化遗产&#x0A;值得一去,/Date(1569650583000+0800)/,0
30458442,很棒推荐指数4颗星&#x20;&#x20;很有感觉的民俗馆,/Date(1566483002000+0800)/,0
19952376,值得推荐游玩，关键是建筑比较有特色,/Date(1563709057000+0800)/,0
51740382,就在住的客栈旁边的一个民居，可以慢慢逛逛，风景不错。有很多民俗方面的知识。,/Date(1557895847000+0800)/,0
174314156,感觉还不错。值得了解一下。可以。,/Date(1587366540000+0800)/,0
196974685,没啥看头，陪家人去的，年轻人一般不太爱去，老年人推轮椅也不方便，磕磕绊绊的！我觉得各个地方一般都有类似的这种景区,/Date(1570293237000+0800)/,0
119061065,没事去看看南京的民俗，还是涨知识,/Date(1569910504000+0800)/,0
3548097,就是甘熙故居，原来的干甘家大院。,/Date(1566861647000+0800)/,0
16807901,典型的南京民居。布置陈设既有北方的端正又不乏江南的雅致。不枉此行。小轩窗正梳妆～移步异景。满门才子，不愧为大家！,/Date(1454906448000+0800)/,2
1284412,很大的老宅子，很有江南特色。。,/Date(1578739941000+0800)/,0
85445343,院子好多，挺好的，感受文化氛围,/Date(1574330155000+0800)/,0
3152859,好地方！值得去看看！方便的很！,/Date(1573432767000+0800)/,0
49738110,***************,/Date(1570258430000+0800)/,0
101405774,不错不错很不错！！！！！！！！,/Date(1565507968000+0800)/,0
61602772,值得一去！大院的格局呈对称式，每一进都有不同的展示，有现状，有作品，有文创作品及工艺展示。整个参观走马观花很快，如果想深入体验学习，也需要好几个小时。,/Date(1525244998000+0800)/,0
30216806,带孩子去玩的，很棒！,/Date(1578033933000+0800)/,0
5233261,能够近距离感受古建筑,/Date(1577681284000+0800)/,0
76364541,挺不错的，值得前往！,/Date(1571309850000+0800)/,0
3713542,第一次去这个私家宅第，很大很气派，下着太阳雨穿梭在宅院里，差点迷了路，古香古色，庭院彰显着辉煌记忆。,/Date(1567773648000+0800)/,0
48341314,学生票10块，只能说超值，感觉比瞻园好看，进门左边有个类似唱戏的地方，有几个爷爷奶奶在演奏，拉二胡弹琵琶的？各种中国乐器，仔细听听其实很有味道的，如果不是时间不够肯定会在这听一段再走。后花园有小桥流水，院子里是青瓦白墙，衬着蓝天很好看，这座大院感觉更接地气，博物馆的展品生活气息很重（当然这是民俗博物馆），还有个金陵十八坊（有卖各种民间手工艺品，不像其它景点的那么商业化，这都是些很有趣的民间手工艺，根雕、绒花、剪纸、纸灯笼还有很多），但因为去的时间比较晚有些店都关门了很可惜。总的来说，性价比高，人少商业化程度低，富有内涵但比较低调，非常值得一看，但挺容易迷路，建议游玩时间：1.5-2小时（比较慵懒的程度）,/Date(1478868509000+0800)/,3
23763126,始建于清嘉庆年间，俗称“九十九间半”，是中国最大的私人民宅。面积不大但门票不贵&#x20;喜欢老件物品和民俗文化的值得一游。,/Date(1552090580000+0800)/,1
23018066,很值得一看，地方就在熙南里，庭院里房间还有各种民俗和艺术展览！慢慢看来也需要1～2小时时间,/Date(1505105805000+0800)/,0
64021086,非物质文化遗产很有特色，布贴画精细秀美，是艺术的享受，值得收藏。江南园林的古朴典雅幽静，值得静静的欣赏。海清不愧为甘家大院的后人,/Date(1519479325000+0800)/,2
82857187,很有文化韵味，看了国粹京剧和折子戏。不错的体验。,/Date(1518245707000+0800)/,0
3281948,南京民居代表，花园别有韵味，友恭堂合义很好,/Date(1537104403000+0800)/,0
53645535,唯一的感受就是门真多，清朝的大户人家，方方正正的设计感，今天正好下着小雨，感觉不错,/Date(1502624102000+0800)/,0
116894259,徽派建筑～超级喜欢的，白墙黑瓦～&#x0A;很静谧～&#x0A;跟总统府不一样，总统府是特别贯通的，站在一个门前，可以远远的看到好多个敞开的门，像一条长长的贯通的路，这里也有这种贯通的门，院落相通，但是每个院子的门朝向位置又有所不同，好像是一个个独立的院子，彼此封闭，有一种既能交流，又能独立的感受，很好，像很合适的与人相处的方式，很喜欢。有很长的长廊，后院有个很美的花园，静静在石头上坐会，感觉太特别了，好像内心都安宁了。大家闺秀应该就是这样的环境中浸染出来的吧。周围的店面都是他家的，觉得可惜，如果整片开发出来，应该有很好的发展，而不是九十九进院落，就剩下十几间房子,/Date(1504320409000+0800)/,0
5483484,里面有摆民俗和非遗的东西，但是明显没有很好的维护，天气很热但是空调不足，小孩子吃不消了……建议配套还是要跟上，另外标示更清楚一些就好了，但是门票便宜算优点了,/Date(1564298171000+0800)/,0
62248227,还不错，主要想看绒花，挺漂亮的,/Date(1537967774000+0800)/,0
85464141,很有文化气息的地方值得一看!!,/Date(1498795855000+0800)/,0
898196,很幽静的院落，两次到南京都来此游览，民俗文化也很棒，值得一游。,/Date(1503622687000+0800)/,0
97745396,人不多&#x20;地方挺大的&#x20;民俗文化丰富&#x20;未成年人还可以免票&#x20;门票不贵&#x20;值得一去,/Date(1497422463000+0800)/,0
26905373,里面很大，有很多屋子，而且有很多特色的展览，南京民俗和非物质遗产展览都很不错，里面的雨花石展览里还遇到了展览主人在那里讲解，感觉很特别。,/Date(1493544762000+0800)/,0
73003538,家门口的景点，居然第一次去……原来是泯然众人矣，后来政府重新修建了才被开放出来。很精致的小园子，有山有水的。还安排了很多民间手工艺人做展示，看到了小时候玩过的小绒鸡，好亲切,/Date(1504745764000+0800)/,0
35678266,非常值得一去的景点。虽说是民居，规模很大，而且现在里面加了许多南京市的非物质文化遗产传承人的作坊展示。可以集中看见很多在若干年之后可能失传的手艺，而且如果是下午去还有表演。,/Date(1435900928000+0800)/,2
5573258,非常值得一去的景点。虽说是民居，规模很大，而且现在里面加了许多南京市的非物质文化遗产传承人的作坊展示。可以集中看见很多在若干年之后可能失传的手艺，而且如果是下午去还有表演。,/Date(1415755964000+0800)/,2
38729170,北有乔家大院，南有甘家大院。走入园中，也便进入历史,/Date(1564648633000+0800)/,0
40633369,我喜欢安静的逛一个景点，这个地方真不错，保安大叔也很好！里面有民俗可以看，孩子喜欢！我也喜欢，拍的照片发到朋友圈大家都说很有趣！,/Date(1494157747000+0800)/,0
20252244,总体说啦，老城南很古色古香的地方，99间房屋，很徽商建筑的风格，小花园也不错，很惬意，当然和苏州园林是没法比，不过整体建筑九曲十八饶的，还蛮有味道的,/Date(1409220566000+0800)/,3
8849348,喜欢白墙灰瓦的庭院，真是古色古香哇…值得一逛！,/Date(1516334954000+0800)/,0
79395919,有意思&#x20;还想再去&#x20;&#x20;很多值得观看的地方&#x20;收费也不贵,/Date(1492340443000+0800)/,0
57234271,在南京我最爱的景点，虽然很小，但是里面一来人很少（相比其它热门景点），二来古色古香，还有很多南京风情的小展览。这次去商店部分都在维修，没有开，不然有卖香囊、木玩具、剪纸，品质都很不错的。有很多南京本地人会去玩,/Date(1516666965000+0800)/,0
11452558,南京现有面积最大、保存最完整的私人民宅，在建筑风格上反映了金陵大家仕绅阶层的文化品位和伦理观念。在南京这样一个特殊的地理位置上，亲历了中国近现代几乎所有战乱和硝烟，目睹了人世间无数次的悲欢和离合，如今依旧静静得卧在这里，安详地如一位饱经风霜的老人，缓缓地摇着蒲扇，娓娓道来过去的故事。,/Date(1485359990000+0800)/,0
1316473,甘家当年的财富差不多可以富可敌国，哈哈，有点夸张，但当年他们家居然有房九十九间半，想像一下吧，有多大，当然这也只是他们财产中的一部分而已啦。现在的甘家大院保留得还算完整，一部分已经成为民俗博物馆了，但还是可以看出当年他们家的富得流油的场景。,/Date(1419070102000+0800)/,0
7926639,可以学到很多传统名俗和记忆的知识对传统文化的传承和发现很有帮助房子很大可以看出当年大户人家的气派,/Date(1475337223000+0800)/,1
72820875,有名的“九十九间半”，在房屋之间绕着绕着，会有点迷路。但花园不及瞻园漂亮。,/Date(1520844497000+0800)/,0
3161307,院子不大，门很低调，里面的建筑有点拥挤，按照导游图，只能之字形参观才能显得大点，结果只用了一个半小时左右就看完了，还是百般磨蹭，各种阅读，真心没啥看头。,/Date(1504963505000+0800)/,0
109218080,庭院深深，风景很美好。民俗博物馆,/Date(1497544255000+0800)/,0
35446243,非常值得一去的景点。虽说是民居，规模很大，而且现在里面加了许多南京市的非物质文化遗产传承人的作坊展示。可以集中看见很多在若干年之后可能失传的手艺，而且如果是下午去还有表演。,/Date(1436856525000+0800)/,1
4158439,景区不大，人不多，性价比一般。,/Date(1564175561000+0800)/,0
158898449,故里故事，平淡不奢华，民俗风情,/Date(1516058934000+0800)/,0
6279132,很有文化底蕴的建筑，值得一玩。,/Date(1510649183000+0800)/,0
47050008,号称99间半。原来是甘家的房子。这个甘家是和东吴的甘宁一个家族。解放后把房子卖给了军队，后来成了大杂院。差不多十年前把住户迁了出去，重整一新，对外开放。里面主要就是个大宅子，后面有个后花园。,/Date(1448800998000+0800)/,4
60390699,别人家的宅子，还是可以看看。,/Date(1577168785000+0800)/,0
4310547,很精致的院长，紧凑，布局合理，转了2个多小时，很多民俗文化介绍。,/Date(1525872918000+0800)/,0
5242192,一般，仿古的建筑，五一有京剧表演，也就算了，平时就不该收门票。,/Date(1566291028000+0800)/,0
1992779,二刷甘家大院，非常棒,/Date(1572757642000+0800)/,0
101139675,挺好的，只是游玩那天下雨了，游览的比较匆忙，因为找卫生间，没有按线路游览，似乎没有游览全，有点遗憾，院落很大，民俗展示的东西很多，挺有意思，私家园林的部分不多，主要是院落和民俗展示,/Date(1498645260000+0800)/,0
58911274,取票很快很方便，甘家大院环境优雅，还有很多非物质文化遗产的手工工艺制品，是我们欣赏非遗文化的好去处,/Date(1507096944000+0800)/,0
37791355,人不是很多，属于悠闲逛逛的节奏，值得推荐。白局表演不错。,/Date(1491313003000+0800)/,0
18250114,闹中取静的一处私家宅子，很大。很好找，离夫子庙不远,/Date(1517584899000+0800)/,0
25074280,还可以，大户人家的生活节奏！！,/Date(1512915942000+0800)/,1
416356,近几年才修复开放的古建筑景点，确实很为中国古代建筑美学自豪，也为南京没能保留更多而遗憾。,/Date(1452134291000+0800)/,0
101139675,很有特色的景区，虽然算不上特别大，但是古建筑院落感十足，里面有很多民俗展览和场景，很有趣味性。值得注意的是最好按照一个既定的路线游览，否则很容易串错了漏下景点。值得来,/Date(1529549049000+0800)/,0
15537122,幼儿园组织的活动，很多金陵的民俗文化，值得一去,/Date(1521257999000+0800)/,0
38729170,这里紧邻夫子庙商圈，闹中取静，又在熙南里中心，所以逛街吃喝只后，进到里面转一转，感受家庭文化的强大，感受南京民俗，获益匪浅。,/Date(1499300765000+0800)/,0
86801520,甘氏宅第，俗称九十九间半，里面藏有的金石书画早已荡然无存，现已改造成民俗博物馆。虽然身处夫子庙景区，却闹中取静，来这里看看民间传统手艺、领略下民俗风情，是个好去处。,/Date(1491311859000+0800)/,0
66253463,每天都在这边待着，觉得认真拍出来的景色还是不错的。只是总感觉还是景色太少。拍一两张照片就没得拍了。不过。这种氛围还是蛮喜欢的,/Date(1471454262000+0800)/,4
16760933,九十九间半，名不虚传，进去了跟迷宫一样！,/Date(1521807397000+0800)/,0
102180522,&#x0A;津逮楼是清代甘家建造的一座藏书楼。甘家人仿造天一阁式样，在大板巷盖了一座上下各三楹，坐南朝北的藏书楼，起名“津逮楼”，楼为全木质，是历史上南京最大的私人藏书楼。&#x0A;津逮楼最初的主人为甘福，甘福去世后，津逮楼藏书皆传于甘熙，甘熙也是嗜书之人，还搜罗大量金石彝鼎。当时“津逮楼”所藏书籍、字画、金石彝鼎经甘国栋、甘福、甘熙祖孙三代的搜购，已相当可观。遗憾的是，1853年，太平军攻占南京，津逮楼与后花园毁于兵火，津逮楼只存在了21年，大量的藏书化为灰烬，楼中所藏宋元旧刻及外世难得复本的秘笈自此销声匿迹&#x0A;大院为何以甘熙命名&#x0A;甘家历史上名人辈出，战国时秦丞相甘茂，秦上卿甘罗，三国时东吴折冲将军甘宁，晋时于湖敬侯甘卓均为甘家先祖。而名闻南北的拳术家甘凤池、“孝义先生”甘福的名字等也是如雷贯耳，为何单单以“甘熙故居”对外宣传呢，“甘熙是保护南京风貌的功臣”，“甘熙不仅是晚清南京著名藏书家，还精通历史地理。,/Date(1519101123000+0800)/,2
35688434,人很少，这非常难得。里面展示的都是民俗，还算可以。适合随便逛逛，然后在周边吃个饭。有一些小朋友在里面上类似创意课之类的。,/Date(1493509087000+0800)/,0
21555901,以前来过了，这次带朋友过来玩。甘家大院又是南京的民俗博物馆，有很多非遗手工艺展品和传人现场制作，耐下心来慢慢看其实挺有意思。茶馆里赶上听了一出武家坡。值得一去。,/Date(1478518816000+0800)/,0
21596458,作为博物馆，藏品比较少，有4个胡同，一个在维修，封闭了，如果有时间，可以去看看,/Date(1509807281000+0800)/,0
32003342,甘熙宅第规模很大，室内图文介绍也很详细，细细看要化上半天。虽然是重新建造的建筑，但一进一进的宅子、花园、亭台楼阁、假山玉石，还原了甘家大院的全貌，值得一看。,/Date(1519309980000+0800)/,0
119093811,院子里双休日有戏曲表演，好多老人早早坐在里面等着看戏，去那交通挺方便的。,/Date(1579950521000+0800)/,0
34319398,不显山不露水，进去之后却是百转千回，上午去人少，更能体会私家院落的清净。,/Date(1445406872000+0800)/,0
1678024,很多民俗的东西在里面展示，逛完了，顺便逛下边上快要拆或重建的老房子吧。&#x0A;,/Date(1385348177000+0800)/,4
106235874,不算很大，也不小，周日下午有表演，挺不错的。人比较少，喜欢安静的可以试试。里面有很多南京民俗艺人，挺开眼界的。,/Date(1489299654000+0800)/,0
84004442,很值得一看，有很多传承的东西。,/Date(1488530136000+0800)/,0
41485816,第二次去了，去的时候里面在维修，很乱，房间有的开有的不开，感觉没什么生机，管理不善，建议景区设计一下游览路线，免得游客总走回头路,/Date(1536304864000+0800)/,1
3301843,美丽的建筑，曲曲弯弯，房间很多。门卫大叔好热心，指引了最正确的路线，所有房间都有逛到～对了，有些民俗表演的～,/Date(1518742302000+0800)/,2
7167745,听朋友说的才去的&#x20;感觉不错。&#x20;院子很大，将近100间，典型的南京建筑风格，有京剧演出。。。&#x0A;南京民俗博物馆中有传统手工作品，比如剪纸。。。&#x0A;总之值得一去,/Date(1465306069000+0800)/,0
3758546,仅次于南京博物院的景点就是这里了，看完以后我的梦想就是也整个大宅子了,/Date(1444155119000+0800)/,0
3033247,很不错的景点，包含南京历史人物介绍，南京非物质文化遗产，还有精彩的皮影戏可以看，非常不错！下次周日下午再来，还有精彩的地方戏演出！期待ing...,/Date(1558607260000+0800)/,0
156310745,面积不是很大，感觉里面有的景点和南京民俗博物馆雷同，因为都属江苏？,/Date(1514381858000+0800)/,0
183403889,甘家真是大户人家，里面特别深，还有好多非物质文化遗产，一定要来看,/Date(1530527643000+0800)/,0
102344185,门虽然不大，当跨进门就豁然开朗了。景致不一般。如果有解说员能带着边走边介绍就更完美了。有机会要好好逛逛…,/Date(1495892595000+0800)/,0
59987446,还可以吧，就是孩子不很喜欢，不过逛逛还不错，人也不多，体验可以,/Date(1560843552000+0800)/,0
213719017,很好很好很强大很好很强大很喜欢很高很期待很喜欢很开心很幸福呢发挥好很好很喜欢很开心很幸福很感动很喜欢,/Date(1552818692000+0800)/,0
63753618,闹中取静的熙南里街区中&#x20;很有文化气息&#x20;还有白局京剧等表演&#x20;带孩子去抓周的&#x20;带外国朋友和家人来都是不错的选择,/Date(1505613736000+0800)/,0
32458613,甘家大院就是甘熙的故居、甘熙是清朝的著名文人、考中进士、著作颇丰、现部分辟为民俗博物馆、也是省、国家重点保护文物、还是爱国主义的教育基地。,/Date(1447318074000+0800)/,0
28188140,正确的名称是应该是甘熙宅第（博物馆里这么写的），和甘熙故居实际上是一个地方，请合并两个POI。民间俗称为“九十九间半”，或“甘家大院”。,/Date(1423538161000+0800)/,0
163177460,挺好的&#x20;很有古代的感觉&#x20;仿佛穿越了一般,/Date(1518437378000+0800)/,1
7896841,是南京现有面积最大，保存最完整的私人民宅。建筑的布局严格按照封建社会的宗法观念及家族制度而布置,/Date(1406532697000+0800)/,2
25578905,应该再加大宣传力度因为知道的人也不很多，里面租金很贵,/Date(1450853066000+0800)/,0
3420185,甘熙故居并非徽派建筑，也不是完全的苏式建筑，而是和南京高淳、六合等地一样，有着自己的建筑风格,/Date(1406533200000+0800)/,2
26511144,甘家历史久远，出现过多位名人，并能在南京长期立户，说明甘家历史文化的深厚。甘家房间很多，现在也是民俗展馆。在里面还能看到白局表演。,/Date(1513564620000+0800)/,0
36805882,人文气息浓郁，有些地方在修葺，但很干净，很漂亮！,/Date(1497876300000+0800)/,0
69337511,位于熙熙攘攘的中山南路，也算是闹中取静，别有洞天。提到甘家，难免会提及历史上的甘宁，甘家在江南数千年间一直势力昌盛，屡出名家。,/Date(1477905779000+0800)/,0
27747370,安静，曲径通幽，游人不多，可慢慢徜徉细细品味,/Date(1425555169000+0800)/,0
109043221,景点小巧而精致，原来有在室内打井做为土空调来降低室温这种操作，被前人的智慧惊到了，还有好多非遗的手工艺人现场制作，很长见识,/Date(1519118553000+0800)/,0
33637734,私人宅院能有这种规模太难得了，园林看多了，大多没什么生活气息。直到甘家大宅。里面还有著名的做风筝的民间高手。讨教做风筝要领,/Date(1516959144000+0800)/,0
64021086,非物质文化遗产布贴画非常美非常精致！给我们带来艺术享受，值得大家收藏，发扬光大！,/Date(1519477896000+0800)/,0
59381366,甘熙故居或甘家大院，始建于清嘉庆年间，总占地21000余平方米，“九十九间半”，是民间最大的私人民宅，是南京现有面积最大，保存最完整的私人民宅。&#x20;数百年岁月流过，白墙灰瓦的老屋端庄沉默，依然保留着优雅的姿态，同时，却又被岁月染上了一层淡淡的灰色调。绵延数百年的家族史浓缩成一个个陌生的名字，诉说着生命的延续，还有，比名字更加深厚曲折的离合悲欢。&#x20;宅子主人甘熙是晚清著名文人、金石家、藏书家，道光十八年中进士，著有《白下琐言》《桐荫随笔》等书现存宅院由甘熙的父亲甘福始建于清朝嘉庆年间，后甘熙加以续建和扩建，沿袭了秦淮民居“青砖小瓦马头墙，回廊挂落花格窗”的建筑风格，突出了内部结构的多重组合与文化装饰的精巧特色，并非徽派建筑，也不是完全的苏式建筑，有着南京自己的建筑风格，整个建筑反映了金陵大家仕绅阶层的文化品位和伦理观念。建筑的布局严格按照封建社会的宗法观念及家族制度而布置，讲究子孙满堂、数代同堂，致使宅第的规模庞大、等级森严，各类用房的位置、装修、面积、造型都具有统一的等级规定。&#x20;郁郁葱葱的树木，才有古宅的风范，层层叠叠的门道，怎么看都看不厌。&#x20;映入眼帘的便是这样的白墙青瓦，显得淡雅、恬静、安宁、平和，颇具江南意味。花园与花园之间的月亮门，很有一种曲径通幽的感觉，总爱到这些有年代的地方溜达溜达，仿佛穿过历史回廊，感受那悠远的印记。&#x20;我想既然古人能在相对恶劣的环境中将这些古建筑保留下来，我们更应超过古人，给它更好的保护环境，将它保护得更长远！&#x20;甘熙宅第九十九间半，适合在这个金秋时节驻足流连，它是中国传统文化的瑰宝，承载着南京的历史文化，经历了二百年的沧桑，亲历了中国近现代几乎所有的战乱硝烟，目睹了人世间无数次悲欢离合，它的故事封存在人们的记忆中。&#x20;　甘熙故居，安详一如饱经风霜的老人，在茶香袅袅中娓娓道来过去的故事。依然沉浸在昨日平静安详的情绪里，远离压力和纷扰，在这里听刘奎龙先生的南京白局，快意恩仇，品味梨园雅韵，津逮书香，恍若梦回童年，怀念着城南旧影，惊叹于金陵工巧，耳畔回响着的“城门几丈高”“马头牌冰棒”“菜刀磨剪刀”……,/Date(1517287100000+0800)/,0
2049728,去迟了，16:20到的，先是验票的阿姨，不会用机器，非说我没买票，让她看手机上的凭证，付款记录都没用，说我付了钱买了都没用，因为她那儿没记录。真是醉了。弄了好一会终于来个姑娘马上出了票，才进去。逛了一部分，正走着有人让我们出去，说下班了，一看时间，真的很准时。谁让我来迟了。哎。,/Date(1466511104000+0800)/,0
39617465,携程定的票没让进，电话客服后用同程码进的，解决速度快。这是个连南京本地人都不那么知道的景点吗……沿途问了几个人都说不知道，还是步行导航到的。应该叫：熙南里～甘熙宅地。里面有些民俗小展，不了解的进去看看蛮好。我本来以为很大的群落，安排一下午时间，后来2.5小时，已经细看了，还查阅了网上介绍。我想说，搞死严凤英的刘万泉为什么没坐牢……如果景点再有些关于建筑本身的介绍就好了。门口的大叔特别好，还教我寄包????&#x20;。对了这里有12大12小的寄包位，旅行箱是放不进的。周边是配合景点建筑风格的新造商业楼群。离夫子庙&#x20;朝天宫很近，后者正好有展，还算不虚行，否则是不值得去的一个地方！,/Date(1440315003000+0800)/,0
25363118,为晚清著名文人，曾经中过进士，生平著作甚丰。在1982年南京市文物部门的文物普查中被发现，为有效利用并再现明清时期江南民居风貌，文物部门修复部分建筑，建成南京市民俗博物馆，于1992年11月对外开放博物馆，1995年被订为江苏省及文物保护单位，,/Date(1417607612000+0800)/,0
42700446,好像是目前保留的最大的江南私人宅邸，之前逛南博有小影片专门介绍这个，就找时间去看了下。小长假人都不多，景点有点冷门，但值得一看，南方民宅和北方四合院的融合风格。还有介绍很多民间风俗。可惜不让上二楼。,/Date(1496330212000+0800)/,0
2333822,比我想像的故居要大出很多，每个院落都有不同；特别是还有很多非遗项目展，非常喜欢。下午2:30赶上了表演，人虽多挺好看。,/Date(1476254905000+0800)/,0
6480408,景点不太大，但南京清代民居的特色保存完好！尤其是博物馆里对竹刻、布艺、灯彩、刻瓷、绒花等等非物质文化的传承很值得一看！,/Date(1472648647000+0800)/,0
55690213,约了同学们一起假日小队活动，进入景区发现很对小盆友都开展假日小队，自己画画，自己编制版面，甘家大院99间半推荐给大家！,/Date(1459255156000+0800)/,0
16132316,甘家大院门票不贵，值得参观，整个建筑略有年代感，有感于当时的大户人家能造那么大一个大宅院，也颇为感慨！遗憾的是当时房间的陈设已不复存在，全是空荡荡的房间，只有私塾还有当年旧时的模样，让你体回玩味。,/Date(1506931982000+0800)/,0
100562587,还行，有些小。总体还可以，门票也不贵,/Date(1499666916000+0800)/,0
13717457,在市中心的一处老宅，现在里面的民俗展示非常难得，还有工艺品的作坊嵌入其中，值得花点时间细细品味。,/Date(1499089885000+0800)/,1
3056969,占地面积很大，能了解传统民风民俗，也能看到传统工艺制作过程，还是挺有意思的。,/Date(1495425674000+0800)/,0
5562684,带外国朋友参观，他们都觉得很有意思，甘家大院里面陈列了许多中国传统文化以及生活的东西，他们非常的gan xing q,/Date(1470881978000+0800)/,0
14883778,明清时期的建筑，没有大户人家的庭院，只有一间套一间的房间，游客比较少，很安静，节假日有民间艺人的民俗活动倒是不错的，可以带小盆友们去玩玩，看看以前人住的房子,/Date(1456933127000+0800)/,2
13295016,南京市民俗博物馆&#x20;真的很好看，建筑风格和布局有自己的特色，梨园雅韵茶馆有白局和京剧可以聆听，还有正宗的老南京话可以回味,/Date(1423124088000+0800)/,0
45928264,九十九间半，地方很大，一个个房间，每个房间都有故事，各种民间的传统手工制品，很多都可以自己动手体验，以后必须再来,/Date(1517570117000+0800)/,0
5548893,甘熙宅第具有极高的历史、科学和旅游价值，现为南京民俗博物馆，可以了解南京民俗。内有器乐演奏和京剧演唱，很有特色。,/Date(1512439874000+0800)/,0
903083,一度去的很频繁，大院里细分了若干进若干院，除了对甘家历史介绍，近现代传人介绍，还加入了各类民俗风情介绍，值得一去,/Date(1475203057000+0800)/,0
113891588,很美得花园，小桥流水人家，江南人家，值得一去，马路边随便胡同都能进去的，去了打问了好久,/Date(1526041821000+0800)/,1
5355225,在很久以前，这里象征着一个财富的时代！大院，一般都是比较富裕阶层的象征！房子一排套着一环，层层叠叠很有趣！,/Date(1482966006000+0800)/,0
57422098,景区很好，但是维护不行，有霉味，希望政府加大投资力度，把前人留下的宝贵遗产保存好，不要只知道收钱而不办好事,/Date(1465993740000+0800)/,0
61399626,还是很不错的，老人有感兴趣的字画砚台，宝宝在抓周体验区那边爷玩的不亦乐乎，还去听了南京白局的演出，老少皆宜,/Date(1465217698000+0800)/,0
12716746,人少的时候进去散散步很不错，大门进去左手的餐厅周末有戏剧表演，吃的不贵，而且口感很好的，还是值得一玩的地方,/Date(1417658891000+0800)/,0
2304629,很一般，可能没看到演出吧,/Date(1576297529000+0800)/,0
4026180,甘熙宅第又称甘熙故居或甘家大院，始建于清嘉庆年间，俗称“九十九间半”，与明孝陵、明城墙并称为南京明清三大景观，具有极高的历史、科学和旅游价值，是南京现有面积最大，保存最完整的私人民宅。,/Date(1483455678000+0800)/,0
17965684,闹市中的小院子，喜欢南京建筑的朋友可以去参观,/Date(1409212355000+0800)/,3
3339278,出票速度快，没有实体门票只给一张收据，检票员也一并收走了。对于我这种有收集门票爱好的人而言，十分难受。,/Date(1536748355000+0800)/,0
101403834,很气派的私家宅院，房间套房间，不熟悉的人会迷路，有山有木，有花有草，幽静雅致，去了很多次了，还会再去！,/Date(1524735131000+0800)/,0
89177371,网上订票比实际买票优惠些，可以节省我们出游的银子，尤其对于订多人的票，积少成多，可以省下不少钱，真棒?,/Date(1492686066000+0800)/,0
1052953,喜歡的地方，遊人不會太多，選一個冬日早晨去，看陽光把窗花的影子映在白牆上，尤其美。,/Date(1407138197000+0800)/,1
55347471,也叫做九十九间半，一个有文化底蕴的建筑景点，平时人很少，门票很便宜。地理位置优越，紧邻三山街地铁站。,/Date(1512789106000+0800)/,0
4698320,可能接近闭园，参观的人不多，但是对于这类大宅院来说，人少就可以安静的参观。还是不错的，可以来看看。,/Date(1529830421000+0800)/,0
55347471,地处三山街地铁站旁，占地不大，临街有多家美食店，里面也有几家很小众的饭店，还有一个公园，相对幽静。,/Date(1524063207000+0800)/,0
109127684,府邸很大，有各种工艺，还有手艺人坐在那当场制作，如果感兴趣也可以买，还有各种展厅，还是很涨知识的,/Date(1492414722000+0800)/,0
98541436,同学说了句话，N代人的奋斗都买不起这么大的地皮。。。。,/Date(1497417268000+0800)/,0
9219700,院子很大，名门望族就是不同凡响，对民居感兴趣的值得一看,/Date(1496048787000+0800)/,0
22930930,这次是幼儿园组织的亲子活动，在网上买票后，直接到景点门口兑换，特别的方便，皮影戏也特别的好看。,/Date(1492325963000+0800)/,0
3621856,一个可以触摸的博物馆&#x20;门票不贵&#x20;不过如果对非遗不感兴趣&#x20;可能就一般了&#x20;里面很多房间现在作为非遗工作室了&#x20;看到有个老爷爷在教一群小孩子剪纸&#x20;超有爱,/Date(1536586068000+0800)/,0
49306916,值得一游，离夫子庙并不远，古风古韵，一进进院落展示了大户人家的生活起居，如有时间细细品味更佳,/Date(1531143712000+0800)/,0
99328221,层层院落，如同迷宫一般。充分体现出古代豪门宅院的结构严谨，布局紧凑，颇有一入豪门深似海之感。,/Date(1497884835000+0800)/,0
45742956,要根据线路来游玩，否则会有遗漏，里面的民俗展览很有意义，不知道游客可不可以动手制作手工艺品,/Date(1446650624000+0800)/,0
95871900,偶然发现网红非物质文化遗产绒花制作工艺，满意之旅,/Date(1553242264000+0800)/,0
10470761,干干净净&#x20;南京传统手工艺展区不但可以看到各种工艺品&#x20;还可以跟手作人交流&#x20;亲眼看到制作过程&#x20;很棒！,/Date(1546078638000+0800)/,0
48360212,游览了一遍，觉得不错，对当时人文地理都是一次知识普及。感受了那时的一切，会珍惜今天所有。,/Date(1473597670000+0800)/,0
28188140,和甘熙故居实际上是一个地方，请合并两个POI。民间俗称为“九十九间半”，或“甘家大院”。,/Date(1425284235000+0800)/,0
14923013,很好的景点&#x20;展馆展示的内容丰富&#x20;里面的建筑风格也很好&#x20;来南京不能错过的景点,/Date(1405513133000+0800)/,1
19330708,这是一店家的小猫，看它多惬意，这里的环境美，让人心旷神怡,/Date(1404720222000+0800)/,3
25569039,很方便，开眼界了，深为旧时的人如何搞清洁呢？房子这么多，走着走著便不知东南西北了，赞?,/Date(1495585847000+0800)/,0
41872665,主要是去看演出特别喜欢，原汁原味，里面有其他民俗展览，和一个小园子，很小，也能玩半天,/Date(1500965115000+0800)/,0
62892240,文化底蕴很浓厚~值得一来~雨天也别有一番味道,/Date(1497107822000+0800)/,2
22113278,地方好，市中心，交通便捷，值得去玩玩！很好！,/Date(1409844023000+0800)/,2
100347813,这种就应该免费&#x0A;不过古代建筑还是不错&#x0A;反应了古代富人的住宿水平,/Date(1498240006000+0800)/,1
98560600,挺好玩的，人很少，又有韵味，园林也很漂亮。,/Date(1497422649000+0800)/,2
6780928,很幽静，可以慢慢看。人总是不会太多，茶馆小吃比夫子庙好太多！周末还有正宗京剧演出。,/Date(1408522476000+0800)/,2
4239423,非常值得一游。地方是真大！而且比起其他景区什么的，这里的人相对较少，适合慢慢逛。,/Date(1519039668000+0800)/,0
1139309,不看后悔，看了就那样。主要是女儿的课外作业。房子修缮过，找个导游，解说一下由来。,/Date(1472422230000+0800)/,0
32329331,慢慢品位，慢慢体会，南京的味道，有很多的南京风俗，还有文化的沉淀，让人流连忘返。,/Date(1469419519000+0800)/,0
152429844,市中心的大宅院，离夫子庙景区很近。服务很到位，有免费寄包，免费开水，免费听戏！,/Date(1510018536000+0800)/,0
119836706,值得一去的地方，里面手工艺的东西也很棒,/Date(1505346303000+0800)/,0
71638061,看攻略去的，之前并不知道有这么个景点，去了后发现还不错，能了解不一样的南京。景点门票也合理，初到南京旅游的可以去看看。,/Date(1480182054000+0800)/,2
1210599,闹中取静的好地方！只是门口换票大妈弄的跟欠他钱似的态度，哈哈哈，没脾气了都！,/Date(1525001322000+0800)/,0
97900394,很好的景点，和小女友逛了一下午，大户人家确实不一样，传统与现代的碰撞，推荐,/Date(1498000965000+0800)/,0
1739314,精致的江南风格建筑，有很多院落。里面还有一个小剧场，京剧票友表演很棒。,/Date(1520779977000+0800)/,0
1449571,还不错，周末去可以免费听戏。。,/Date(1508833516000+0800)/,0
19082326,跟着老妈寻故居之旅。老妈年幼时随姥爷住在这里，现在跟当年有很大的变化。,/Date(1498364096000+0800)/,0
33312087,能感受到旧时的那些文化气息，保存最完整的私人民宅。建筑风格比较古香古色,/Date(1437097302000+0800)/,0
6337290,以前的大户人家，房屋气派，结构曲径通幽，转来转去，别有洞天，值得参观,/Date(1518272657000+0800)/,0
110924160,南京面积最大，保存最完整的私人宅园，有江南园林的风格值得去参观参观。,/Date(1508935707000+0800)/,0
83930435,细雨蒙蒙，这里真美，游人不多。花园里有抖空竹表演。看到了严凤英故居,/Date(1519475503000+0800)/,0
21400214,名俗博物馆，99减大院很有特点&#x0A;还有包含部分节气应做的摆设&#x0A;很有特色,/Date(1554841181000+0800)/,0
13466380,院子挺小的，一个小时就转完了，如果时间有富裕的话，可以去看一看。,/Date(1534128611000+0800)/,0
161173082,取票方便，不耽误时间，很好。“大院”也值得一个人慢悠悠的闲逛!,/Date(1530324771000+0800)/,0
39270049,在中山南路熙南里，独特幽僻！颇有文化底蕴！,/Date(1500192625000+0800)/,1
4857053,甘家大院也是南京民俗博物馆，保存完好的清朝民居，可以了解民俗，增长见闻，值得一游。,/Date(1393151340000+0800)/,3
96227225,很好玩，小朋友玩的很开心，听了京剧，看了民俗文化，值得一去。,/Date(1506576092000+0800)/,0
913117,可以了解到甘家大院还是看严凤英传记，这里人少、&#x20;清净&#x20;建筑也是按照九十九间半的民间最高规格而建。栉比鳞次的黑瓦白墙，能感受到旧时的那些文化气息~,/Date(1416028647000+0800)/,0
3337888,主要是价格便宜。甘家大院非常大，格局紧凑，但是里面的古董基本没有了。现在值得一看的是里面的民俗展示，都是南京特色，剪纸，风筝，泥塑什么的。,/Date(1550670716000+0800)/,0
19361737,江南民居的典型！九十九间半，还很有特色！民俗博物馆也不错！,/Date(1502169574000+0800)/,0
77177964,很好很多民俗展览适合慢慢逛门票也很划算,/Date(1492687112000+0800)/,1
21119218,是甘家故居，是一座不错的庭院，展现了清朝时期的建筑特点，院子不大，一会就逛完了，走在其中，有种庭院深深深几许的感觉，里面还有些民俗展览。,/Date(1528506312000+0800)/,0
119395624,一般般吧，没什么意思稍微路过路过。,/Date(1555645586000+0800)/,1
90383830,现在团的票，非常方便，便宜又节省了排队买票跟进园的时间,/Date(1516353197000+0800)/,0
62892240,很棒的的地方&#x20;有许多手工传承人&#x20;非物质文化遗产&#x20;&#x20;值得我们关注,/Date(1496656238000+0800)/,0
77177964,环境不错&#x20;和同学一起去的&#x20;玩了一下午&#x20;很多民俗展览&#x20;挺有意思的,/Date(1492687196000+0800)/,0
2333822,离夫子庙不远，特别值得静静的看看。,/Date(1476148064000+0800)/,1
116529,甘熙宅第，保存的较为完好，传说中的九十九间半。里面展示了南京的民俗文化。个人感觉还不够给力，应该更大规模的进行宣传。非常棒的景点，推荐,/Date(1431254592000+0800)/,0
6959970,小巧精致，文化底蕴深厚。江南园林浓缩版，很有观赏价值。,/Date(1401940657000+0800)/,0
188350547,非常惊喜，值得一去。还有民俗展览。很大，几乎迷路了。,/Date(1532908735000+0800)/,0
13062102,甘家大院风景优美，游人比较少适合好好参观，就是门票相对来说贵点了，要是优惠力度大点就更好了。,/Date(1520320939000+0800)/,0
110924160,建于清嘉庆年间的私人民宅，建筑的布局很讲究规模庞大。,/Date(1507904469000+0800)/,0
50640175,这么漂亮的大院儿，保存这么完好，很难得，特别雅致。,/Date(1526468037000+0800)/,0
157648688,房屋设施隐隐还有当年的样子，物品丰厚，很值得去看的,/Date(1516812169000+0800)/,0
91662646,初冬逛了一下院里，比较清雅，了解了甘家大院的历史！,/Date(1512555949000+0800)/,0
15105360,有名的99间半，熙南里景区内，传统文化艺术的展示地,/Date(1508137685000+0800)/,0
114532677,还不错，就是去的时候赶上院子里面一部分在施工整修，大致有四分之一是没打进去看的，院子非常多，尽量跟着推荐路线走，弯弯绕绕才能看到,/Date(1509092089000+0800)/,0
60385818,99间半的房子&#x0A;说明主人是个富翁&#x0A;但是没有啥名声,/Date(1498583874000+0800)/,0
202329414,总体上很好，还需加强导游标识，不然和迷宫一样。,/Date(1540685784000+0800)/,0
2804138,古色古香的悠闲之旅，秋冬春的慵懒下午最适合不过,/Date(1510026232000+0800)/,0
21119218,院子很大，转了三个小时，一个房间连着一个，房间和树木花朵的结合也很不错。印象深刻的是南京白话，虽然听不懂，不过很有历史的味道。,/Date(1486222050000+0800)/,0
13047730,里面的风景不错，交通很方便&#x20;很有特色，值得一去，,/Date(1405584713000+0800)/,0
177533938,有点乱，一会是民俗，一会是古代，没法进入状态,/Date(1527427419000+0800)/,0
63532676,园子不大，环境不错，有不少老南京的民俗介绍！,/Date(1520876529000+0800)/,0
22248550,网上购票方便，便宜一点，景区服务很好，&#x0A;。&#x0A;,/Date(1510894797000+0800)/,0
107405231,很棒的一个地方，大概两个小时左右便可逛完。,/Date(1523091108000+0800)/,0
12742111,甘家大院，一座历史悠久的古宅院，值得参观！,/Date(1517632334000+0800)/,0
111139655,民居大观园，民俗博物馆，走进历史，感受时光,/Date(1514727502000+0800)/,0
28914950,换票比较方便，游客不是很多，京剧表演很精彩,/Date(1514630276000+0800)/,0
117725164,景区很大，而且文化气息很浓，很值得去的地方,/Date(1507779417000+0800)/,0
23418217,有民间艺人手艺展示，不错，10点有免费讲解,/Date(1506950569000+0800)/,0
109221377,不错不错，位置好好，就是太冷清，要提前预约,/Date(1505084390000+0800)/,0
8777328,适合拍照，里面有好几家饭店，台塑牛赛也在这,/Date(1499702163000+0800)/,0
109206072,大户人家还是蛮有意思的，在一个比较偏的地方,/Date(1496573268000+0800)/,0
1818442,非常值得一去的景点，真实值得羡慕的人家……,/Date(1471613042000+0800)/,0
23502791,性价比很高，里面有对南京工艺艺术历史的介绍，还有些风俗介绍，虽然地方不是很大，但是人不多，慢慢走，了解下历史，也是挺好的。,/Date(1461846915000+0800)/,0
20145178,非常有民国特色南京旧居，曾经的民国大家族,/Date(1559369496000+0800)/,0
20145178,有特色，清朝建筑大家族的发展史，值得参观,/Date(1547962277000+0800)/,0
15105360,传说中的99间半，老南京传统技艺的展示地,/Date(1516804096000+0800)/,0
17352840,去的时候刚好赶上下雨，跟瞻园比起来有点小,/Date(1514541814000+0800)/,0
21606125,旅游景点，人山人海，闲逛磨时，优惠惠民。,/Date(1496199023000+0800)/,0
60616741,古风特色很浓，十分喜欢这种风格，值得一去,/Date(1490933348000+0800)/,0
2382996,特别具有南京传统特色的地方，里面珍藏着各种民间展品，还有生动的民间表演，藏在巷子里有吃有玩，还不错。,/Date(1403239214000+0800)/,1
6416964,很不错，适合下午出去转转，地方不是很大,/Date(1546215883000+0800)/,0
198425051,取票很方便，输手机号就可以验证出票了。,/Date(1538886324000+0800)/,0
64537138,很整洁，景色不错，很有特色的江南民居。,/Date(1523950713000+0800)/,0
29769121,院子不错，园林修的很好，值得去看一看！,/Date(1522626093000+0800)/,0
154356966,甘家大院糸甘的私家宅第，号称九十九间半,/Date(1518043312000+0800)/,0
48261765,甘熙宅弟，错落有致，园林秀美，漫漫细数,/Date(1510410770000+0800)/,0
87191997,不错&#x20;挺好的&#x20;刚巧空竹协会的爷爷奶奶来表演,/Date(1507080515000+0800)/,0
38903922,感受大宅院，感受老南京，感受文化传承！,/Date(1502071818000+0800)/,0
7227439,整体不错，推荐去南京玩儿的朋友去看看,/Date(1539257238000+0800)/,0
29769121,很精致的院落，去那边游玩特别有意思！,/Date(1524047347000+0800)/,0
159955743,不一样的大院，雪中古韵，美，美，美！,/Date(1517230188000+0800)/,0
4936448,中秋那天去的，里面在搞非遗技艺展示。,/Date(1507214696000+0800)/,0
92928750,看了后，了解3江南的一些习俗，长知识,/Date(1500864827000+0800)/,0
93126718,非常美丽的风景，人不是很多，很喜欢。,/Date(1500367709000+0800)/,0
13414103,名人老宅，小巧精致的私家花园，有一些民风民俗文化的展览，2月底去的时候有些地方还在修缮，门票不贵，但感觉免门票更合适,/Date(1496405254000+0800)/,0
86664791,甘家大院，了解民间大宅的风格，很不错,/Date(1491803545000+0800)/,0
2675501,值得一看的小众景点。如果能详细介绍各个房间当年的功能就更好了！个人觉得将来可以和山西的乔家大院，王家大院一样有名。,/Date(1554900308000+0800)/,0
1237190,不错，民俗文化很浓，适合带孩子参观,/Date(1549453495000+0800)/,0
84922583,很好的地方，值得一游！还会再去的。,/Date(1534984666000+0800)/,0
49246092,地方很大，很好的地方，比较有特色，,/Date(1513901947000+0800)/,0
2752748,还是值得一看，一去，不错，能涨知识,/Date(1506443938000+0800)/,0
64911,比较冷门的景点，不过真不错，值得去,/Date(1503842230000+0800)/,0
2225822,环境优雅，建筑风格独特，值得一去。,/Date(1498034024000+0800)/,0
2515280,翻新过后，还是很不错的………………,/Date(1497766068000+0800)/,0
601525,携程订票优惠力度挺大。景点也不错。,/Date(1491368273000+0800)/,0
85905676,整体很好玩，值得推荐，适合多人游玩,/Date(1489816545000+0800)/,0
32097524,预订没成功，要重新打的电话。就是个院子，没什么可看的。南京人有在里面练唱戏的。如果静下来，听一听，感觉还是很好的。,/Date(1475573130000+0800)/,0
20145178,有南京民国味道，99间半的大民居,/Date(1551182449000+0800)/,0
12393133,方便快捷的买票方式，还省钱，赞。,/Date(1549596249000+0800)/,0
11601402,值得票价，还是值得看一看票价不贵,/Date(1549457736000+0800)/,0
4733773,依旧很好玩，休闲好去处，静心之地,/Date(1535678274000+0800)/,0
68724711,夫子庙附近的经典景点还是挺多的。,/Date(1526308006000+0800)/,0
49166233,九十九间半的大宅，感受独特，很好,/Date(1518169182000+0800)/,0
56614207,喧嚣城市里的古典文艺净土值得一去,/Date(1505343492000+0800)/,0
87261674,刚好下雨烟雨中江南感觉还是很美滴,/Date(1492687409000+0800)/,0
36256627,值得一去，建筑设计不错，可以逛逛,/Date(1489419413000+0800)/,0
32946741,保护的很好的古民居，值得一来。,/Date(1549522209000+0800)/,0
104275825,环境优美，服务人员态度非常好。,/Date(1539747175000+0800)/,0
19308484,很好，很方便。大院也很有特色。,/Date(1521510858000+0800)/,0
65261566,甘家大院传承着传统的文化特色。,/Date(1515152988000+0800)/,0
6462877,人才辈出，各领风骚，金陵望族！,/Date(1514804383000+0800)/,0
154103731,来拍婚纱照的&#x20;感觉蛮好的&#x20;古色古香,/Date(1511153439000+0800)/,0
17347864,很有意思，有民俗介绍，值得一去,/Date(1510008884000+0800)/,0
3016450,不错，适合细细品味，玩上两小时,/Date(1509178548000+0800)/,0
75442601,很不错的小院，别致，值得一去-,/Date(1507476694000+0800)/,0
78562293,第一次去感觉还不错！！！！！！,/Date(1507383912000+0800)/,0
79612539,值得一看的宅院，民俗风非常浓！,/Date(1500298540000+0800)/,0
43161378,不错，挺好玩的～&#x0A;非常古色古香,/Date(1496152119000+0800)/,0
15105360,老南京的回忆，传统文化的集合地,/Date(1495939123000+0800)/,0
56205271,甘家大院很有底蕴，人少景致好。,/Date(1493095224000+0800)/,0
36256627,值得一去，院里处处都是景，很美,/Date(1489645985000+0800)/,0
4732572,不错的味道，古色古香的，挺好的,/Date(1488458479000+0800)/,0
7091466,园林景观&#x20;还在维建中&#x20;参观的人少&#x20;,/Date(1535656742000+0800)/,0
118363324,好玩有趣&#x20;下次可以再来玩一玩哈,/Date(1513751135000+0800)/,0
97115164,还行吧&#x20;，可以去看一下的吧&#x20;。,/Date(1503234684000+0800)/,0
59736489,性价比一般，宅院挺多，但没有一点点旅游景点的感觉，到处有垃圾，竟然还有人在院子里睡觉。一点故居的感觉都没有,/Date(1466489886000+0800)/,0
14638355,一个民俗博物馆，里面都是些民间的展品，一般般吧，没有特别好看的，前来参观的人也不算很多,/Date(1406863493000+0800)/,1
155693633,很大的古宅。南京地标性建筑之一。旁边就是办理旅游年卡的地方。很方便。如果呆的时间长建议先去那办张卡再进去,/Date(1514366176000+0800)/,0
3551169,宅子形式单一，可看性不强，其实就是一间间展示厅。原本冲着体验南京民俗去的，可大部分民俗展示厅都在装修，令人扫兴。巧遇茶馆有南京白局表演，但一位初中男生的走音演唱立时就把我们给逼退了,/Date(1514715926000+0800)/,0
92821778,没有想象中那么大，但是也四通八达，最好按旅游导览图介绍的路线走，这样就可以从头到尾一个不落都看到了,/Date(1495531262000+0800)/,0
4329663,总体还可以，脸谱展有点名不符实。假山定时会喷雾，挺新鲜的。,/Date(1455598951000+0800)/,2
37253791,景色宜人，我们去的时候人特别少，可能是过完年的原因吧。南京民俗展馆那大部分都中午吃饭了，没看到。,/Date(1550883532000+0800)/,0
9364107,甘家大院现在已经成为了爱国主义教育极地，过来接受接受熏陶感觉还好，旁边的老街也可以随意逛逛,/Date(1384656229000+0800)/,0
157850037,和朋友一起来，拍拍照，看看甘家大院～&#x20;值得！:),/Date(1514626543000+0800)/,0
4214405,这里很好的复原了明清时期江南民居的风貌，现在已经成为民俗博物馆，旁边还有老街可以逛逛。,/Date(1384256590000+0800)/,0
29256266,了解古代有钱人家的生活，那时候的人还是更有内涵，而且都积德行善，值得当今大款们学习。,/Date(1475673501000+0800)/,0
30084050,因为住在附近所以去看了下，翻修过了。挺新的。没有地图的话和迷宫似得绕弯路。还不错,/Date(1472436204000+0800)/,0
5557584,类似于苏州园林的风格，亭台楼榭，假山绿水。里面桂花香味馥郁。在闹市之间使心闲适。,/Date(1382239463000+0800)/,0
58904749,在杭州的时候游的胡雪岩故居，还挺好玩的，就订了个差不多的甘熙故居，没想到，里面都没什么东西，游完了还不知道甘熙是谁，再往后走就只是一个民俗博物馆了，不怎么好玩,/Date(1466224545000+0800)/,0
26545587,故居里有着黄梅戏名角严凤英曾经住过的小院，这倒是我第一次听说她在南京的故事。,/Date(1419693968000+0800)/,0
59857428,景点离地铁站很近，很容易找到。讲解和示意图也比较清晰。,/Date(1485179946000+0800)/,1
66969401,院子有很多房子，但是不是很精致,/Date(1509812063000+0800)/,0
96227225,以前大户人家的宅子，还不错，有些民俗的手工艺品现场制作，小孩子挺喜欢,/Date(1513830581000+0800)/,0
107987500,有点热，别的还不错，蚊子太猖獗，看民间艺人做手工，觉得整个世界都慢了,/Date(1502862125000+0800)/,0
3188666,太热了，没有空调。出来的游客衣服都湿了，看着挺多的房间，兜一圈也挺快,/Date(1502111136000+0800)/,0
34421633,徽派建筑很有特点，规模较大，很有气势，严凤英曾在此居住，值得一看。,/Date(1519551624000+0800)/,0
24406846,看着就是已经有很长的历史了，算是非常不错的呢额，很喜欢这些老建筑。,/Date(1415429427000+0800)/,0
29074728,很值得一逛的地方，人不多，可以慢慢品味，有些小展览还挺有意思的。,/Date(1494072594000+0800)/,0
48569210,正在装修，有些不方便。不错，和北方的四合院建筑区别还是很大。,/Date(1523878008000+0800)/,0
39250443,值得一去的地方，人不是很多，慢慢看了下。没什么惊艳的感觉,/Date(1507348170000+0800)/,0
20479081,很多间屋子&#x20;还挺有古南京味的&#x20;去的时候正好有对新人拍婚纱照,/Date(1497798797000+0800)/,0
21119218,真值得好好看看，民俗展示，很不错。还有不少可以体验的,/Date(1517025498000+0800)/,0
151576221,参观甘家大院后，增加了很多知识，下次推荐朋友来参加。,/Date(1509027572000+0800)/,0
32943580,江南风格的院子，内容也停丰富，休闲时去转转还是可以的,/Date(1507519874000+0800)/,0
15128280,到夫子庙游玩可以顺代去这里，是一个有故事的地方。,/Date(1558531065000+0800)/,0
4753582,闹市中寂静幽雅的地方，青砖碧瓦，适合放松的去处。,/Date(1455420471000+0800)/,0
22846732,临展馆里面民俗介绍还不错，了解了南京的一些习俗,/Date(1526781904000+0800)/,0
159278192,风景一般，不过能欣赏民俗表演，还是有些感觉的,/Date(1516206854000+0800)/,0
78792913,大院显示了江南名士的生活，建筑粉墙黛瓦，不错,/Date(1510891139000+0800)/,0
55347471,比较安静的一个公园，景色也还不错&#x20;价格便宜。,/Date(1556027295000+0800)/,0
27041523,还是很值得逛一逛的，南京地区传统民居的代表,/Date(1545144649000+0800)/,0
152304265,建筑精美，布局合理，体现了当时的建筑特色。,/Date(1509501617000+0800)/,0
6651273,比较系统地展示了南京民俗，闹中取静的好地方,/Date(1508658866000+0800)/,0
23626498,夫子庙江南贡院，辛勤耕耘着的人，总是有收获,/Date(1497045216000+0800)/,0
17154561,很有特色的地方，几个老外朋友表示不虚此行～,/Date(1402769270000+0800)/,0
32222503,体验不佳，可玩性低，性价比低，景色一般，,/Date(1598418271000+0800)/,0
3555206,一般，很多地方都没有开放，也没有什么游客,/Date(1502891862000+0800)/,0
8247375,换票方便，游人不多，一个小时就可转完。,/Date(1550453268000+0800)/,0
16267771,周末了解一下南京本土文化，有些还在翻修,/Date(1536721455000+0800)/,0
46221053,还不错，人少，值得一看，闹中取静的地方,/Date(1525227553000+0800)/,0
85250065,就是为了拍照才去的，感觉观赏性比较重。,/Date(1491893411000+0800)/,0
15128280,值得一去的地方，环境优美，也有故事。,/Date(1555027289000+0800)/,0
431232,挺安静的地方，如果有时间，可以去看看,/Date(1538228629000+0800)/,0
151635398,还可以吧，宅子很大也要逛一个多小时吧，里面有曲艺演出。不过我们进去的时候花园有一半都拦起来了，看不到。还是瞻园比较值,/Date(1508656448000+0800)/,0
118959042,挺好的，有一些老物件，有点意思。。。,/Date(1505054952000+0800)/,0
106959391,亭台楼阁相映成辉&#x20;很有意境&#x20;很值得去看,/Date(1500719669000+0800)/,0
45698811,还不错吧。我想说了什么事情也没有,/Date(1491546759000+0800)/,0
94331647,感受一下大户人家的日常生活！！,/Date(1549584608000+0800)/,0
3345920,总体还可以，展品散乱单薄了些。,/Date(1511059734000+0800)/,0
6261897,就是个古建筑院子，并没有多出奇,/Date(1510198639000+0800)/,0
75769248,房间很多&#x20;民俗部分没开&#x20;总体不错,/Date(1494256553000+0800)/,0
3535060,甘家大院个人觉得一般，可观赏性并不高，院子不大&#x20;也许是个人对这类景点不感兴趣的原因,/Date(1405519966000+0800)/,1
2057144,既可以作为爱国主义教育基地，又可以作为参观庭院的景点，本人对这两类都不是特别有兴趣，所以觉得一般,/Date(1387675621000+0800)/,0
12964244,爱国注意的教育基地，江南风格的园林风格，改为的民俗博物馆还是有一些人群来餐馆，就在老街附近,/Date(1393131745000+0800)/,0
3530572,还要门票呢，真不知道有啥好看的，进去没一会会我就出来了，古色古香的感觉的建筑。,/Date(1392368270000+0800)/,0
1495422,有一些老房子与家具，也有很小的花园，里面有些剪纸、皮影、茶壶展览。,/Date(1397096672000+0800)/,0
4158439,景区位于市中心，交通便利，不过景区景色一般，以后不会再去,/Date(1556231359000+0800)/,0
16685124,在这里找寻历史的印迹，回忆过去的历史，不失为一处好去处。,/Date(1401707534000+0800)/,0
2523970,果然是大院，里面比较有特色的还是皮影戏，很有味。。。,/Date(1397101443000+0800)/,0
3961167,"人很少,景色一般,可以随意逛逛.",/Date(1538192221000+0800)/,0
17674308,还行吧，门票不贵，有空可以去看看,/Date(1506753266000+0800)/,0
107987500,要么热死要么被蚊子咬死，受不了啊,/Date(1502114395000+0800)/,0
73443413,地方也不是很大，没啥东西好看的,/Date(1498967070000+0800)/,0
582483,是近年才开放的景点，门票20。进去可以参观一进一进的院子，时间对了还可以看皮影，看戏，最后那里是厨房，主打的是南京小吃，15块一套，豆腐果，糖芋苗，红豆园子，近十样小吃每样一点，味道都不错。有得吃有得玩。,/Date(1395156978000+0800)/,6
232182460,特别一般。不推荐去，但是老人可以考虑一下。,/Date(1570266556000+0800)/,0
201153899,维修的维修，字迹不清被磨掉的地方也很多，本就不大的景点更无游览意义了。商业气息浓重，比预期差很多了。不如去瞻园。,/Date(1539775677000+0800)/,0
501857,能反映南京老民俗的景点，但大多数都是近年仿建的。相反，其周边的老民居都以文物保护之名统统拆迁，大多数再进行商业或住宅开发，少数再搞成仿古民居搞旅游。,/Date(1404567727000+0800)/,2
10612780,里面很小，而且收费，周围仿古建筑挺多，但是租金很贵，基本都是会所之类的高消费地方。,/Date(1404135888000+0800)/,3
41958473,不推荐去，后建的，里面没什么意思烂费时间,/Date(1537601502000+0800)/,1
20038780,可以了解南京的一些非物质文化遗产。,/Date(1502877300000+0800)/,0
8813527,甘家大院很大，但是里面沒甚麽好看的,/Date(1489820978000+0800)/,0
6798733,没啥好看的都是后做的没意思哦啊,/Date(1533344119000+0800)/,0
