33450067,很好玩的动物园，值回票价，之前从未有过的喂养体验。小动物就在你身边围绕，动物的种类也是十分齐全，比一般的动物园让人更能感受到大自然的亲近感。,/Date(1652754902000+0800)/,0
11519994,比想象中好很多的动物园，可以玩4个小时，租个电瓶车可以好好的玩，动物非常多，玩的很开心，自驾区也不错，很好玩，下次继续来,/Date(1651549356000+0800)/,0
291543094,目前去过的最好的动物园，真正是和动物零距离接触，动物们简直太可爱了，各种表演也相当精彩，演员个个精神饱满，技艺精湛，园区空气新鲜，山明水秀，走多远路都不觉得累，动物种类齐全，小火车经过的散养区绝了，外表温顺的它们却热情如火，园区规划特别合理，面面俱到，让人流连忘返，只觉得时间不够用，一次绝对不够！,/Date(1646655918000+0800)/,2
318871837,5.1第一天人不是太多，很多免费项目，第一次来体验好多了,/Date(1651300759000+0800)/,0
209643631,还可以，不出南京算可以去的地方，不过比南通野生动物园还是差了蛮多的！,/Date(1651542981000+0800)/,0
149733530,南京城里从4桥去的，路桥费37，回来从二桥，路桥费20&#x0A;暖冬节女士免费，平时工作日门票80，双休是160，免费真是很给力&#x0A;事先做了功课，看推荐精华是马戏和水母馆，所以从2号门东大门进去，门口停车场地面都没整好，面积挺大的车位足够&#x0A;11：06到东大门，换好票11：20&#x20;，进东大门就看到大马戏馆，表演时间11：30，人算不如天算，时间完美卡点。大马戏表演时间会随季节有变动，看以前玩家点评上午表演在10：30，现在估计冬季延迟到11：30了[调皮][调皮]工作人员说关注公众号上面有最新时间&#x0A;大马戏表演大约45分钟到1小时吧，具体时间记不得了，出来后隔壁就是水母馆，看了好久，买了小水母一个30元&#x0A;火车站离马戏馆水母馆不远，基本半小时一班，一火车大约30人，满人了也可以不用半小时就发车，逛一圈估计20-30分钟，到小动物处会停留个1-2分钟，停留时间很短&#x0A;然后去老虎🐯餐厅吃饭，玻璃幕墙就是狮子园的墙，我们在吃饭，狮子🦁背对我们晒太阳☀️快餐基本35-45一份，两份差不多80元&#x0A;4点出来，玩了5小时，还有好大一片没玩，下次再来,/Date(1640524026000+0800)/,1
79215027,金牛湖动物王国地方很大，动物也不错，很赞。,/Date(1652620738000+0800)/,0
32651235,挺好的，就是门票贵，为什么我买的时候没有119➕60代金券的，害我买了149的多花了60，大家真的买60代金券的就行，能用的项目也就买饲料和玻璃栈道(饲料可以自己买胡萝卜带过去，玻璃栈道40一人，坐车上去10块一个。有些项目限人次的，除非去的早用不了代金券，个人觉得60足够了。重点是跟单独门票一个价),/Date(1651405654000+0800)/,0
28848694,离市区有点距离。开车大概50分钟。地铁业能到。说是野生动物园，也没多少野生的，里面的动物养护的也不是很理想。很多毛都掉完了。反正实在没地方去去也行，专门去，没必要。,/Date(1650712854000+0800)/,1
420876,动物园分两个区，自驾区和步行区，自驾区可以自己开车或者坐园区小火车，带上胡萝卜，可以投喂，步行区挺大，走走玩玩，不觉得累。,/Date(1640442098000+0800)/,1
342474098,玻璃栈道巨坑玻璃栈道巨坑玻璃栈道巨坑！！！&#x0A;导游图上说20元，到了玻璃栈道价格又成了40元。而且一小段，也没啥好玩的，最不值得的一个票。坐电动车上去了，10来分钟，走也不是，只能硬着头皮买票。要么你导游图介绍就说40元，别乱标价啊。&#x0A;&#x0A;其他的还不错,/Date(1646468923000+0800)/,0
202081459,带孩子出来玩的，自驾喂食太明智，之前去了2次淹城野生动物园，第一次来这里，也不错，各有千秋，景点很大，两栖馆看的蛇过瘾啊,/Date(1641686519000+0800)/,0
560990,野趣十足的动物王国，不只是动物园。,/Date(1651929879000+0800)/,0
1240194,非常值得去，好玩的地方，性价比也很高，可以玩一整天。,/Date(1645426759000+0800)/,1
4154355,【景色】还不错&#x0A;【趣味】可以的,/Date(1653038659000+0800)/,0
6830425,动物种类很多啊，比红山要好,/Date(1651818544000+0800)/,0
35938573,春节带孩子去的，自驾进园区喂动物，小朋友能有互动挺好。老年人也不会很累。步行区也还不错，不过园区里面相对餐食就差了点。没做出特色来，价格自认没有比迪士尼便宜很多。,/Date(1649416190000+0800)/,1
61097601,还是挺大的，可以逛逛,/Date(1651393317000+0800)/,0
2257433,被朋友种草来的，今天第一次来，果然跟朋友描述的一样，非常赞！,/Date(1645606523000+0800)/,0
44171189,其实这边自驾进去的话，大家还是要注意安全，也不能随意的出自己的车子。不少的野生动物看着也有一点懒洋洋的感觉，带小朋友还是玩得非常的开心,/Date(1639229150000+0800)/,0
5709676,值得一去，我是步行进去的，带着儿子一起转了大概4个多小时，里面有玩的，吃的，喝的，人也不是太多，不拥挤，感觉很不错，空气也很好。动物比较多，可以亲密接触。,/Date(1639737530000+0800)/,0
54983087,还可以，很好玩，动物再多点就好了,/Date(1645929882000+0800)/,0
83590469,还行吧&#x20;带孩子玩玩,/Date(1651480036000+0800)/,0
874428,有些景点和地图上标记的不对，受疫情影响少了一些项目。,/Date(1650377456000+0800)/,0
103892779,南京人自己的野生动物园、不需要跑外地了、方便！,/Date(1646293249000+0800)/,0
1276098,分自驾区和步行区，动物种类很丰富。,/Date(1647175321000+0800)/,0
179865768,带孩子来还不错。小朋友玩的很开心,/Date(1645408037000+0800)/,0
23458331,野生动物园，可以开车进去。,/Date(1649565358000+0800)/,0
90935433,感觉不错，小孩很开心,/Date(1648997092000+0800)/,0
48601837,有有时间来玩，好地方,/Date(1644472361000+0800)/,0
71297095,太好玩了，孩子玩得很开心。非常好👍,/Date(1643761603000+0800)/,1
605907,去过。地。占了很大一片地。只是动物品种还显少了点。,/Date(1640792493000+0800)/,0
470614,【景色】&#x0A;【趣味】&#x0A;【性价比】自驾车性价比不是很高！！,/Date(1640527763000+0800)/,0
62944708,没有想象中的那么好，动物不多，进去还要小门票。,/Date(1651729014000+0800)/,0
13533322,里面非常大，建议带小宝宝的租个电动车，因为在山上还难爬坡，完全步行有时还要抱孩子就会累，小火车近距离看动物就很有趣了，虽然也自驾进去看了动物，但是还觉得小火车更有趣，动物品种很多，爬行动物区域很有趣，有全透明玻璃桥看蟒蛇，如果没办法去长隆，推荐这里，但是还是有臭味的，马戏因为太黑宝宝害怕没有看，希望能越来越好，千万不要成为烂尾有趣好玩，性价比高，,/Date(1607917226000+0800)/,12
69530424,要是像湖州动物园那样将步行区和自驾区分开售票就好了，主要是为了带小孩在自驾区玩,/Date(1645394577000+0800)/,0
36320431,五一人多，大马戏没有以前的好了。,/Date(1651418564000+0800)/,0
74809876,哈哈哈哈哈哈哈哈哈哈哈哈哈哈好,/Date(1640488331000+0800)/,0
166791276,里面分成两个区一个是步行区一个是自驾区、自驾区可以慢慢的开着喂食、动物们对食物的热情很高、要注意哟。步行区里面很大、有些动物可以喂食、有些不可以喂食。😀里面也有一些动物的表演。还是不错的。坐在里面也不是很热。进门就有电动车租、个人觉得不便宜、所以没有租。,/Date(1633510255000+0800)/,3
204405196,南京南站下车后做地铁去的，动物种类繁多，园区很大，我们租了车游玩，体验感不错，下次还想去，自驾去，还有玻璃栈道，里面有几家特色饭店也不错，和儿子还投喂了不少小动物！,/Date(1622808535000+0800)/,4
113144885,周中的上午去的，大概10点到的，居然是第一个，路程确实很短，工作人员也跟我们说要慢慢开，路程也就2.3公里，不能回头，自己从家里带了很多胡萝卜，大白菜。。&#x0A;居然不吃大白菜，没有喂到长颈鹿，可能我的胡萝卜不香吧,/Date(1606046570000+0800)/,8
283481793,国庆节我带着孩子去了一趟南京金牛湖野生动物王国，一进园让我眼前一亮，我去过周边的常州淹城野生动物园南通野生动物园，它们给我的感觉只是城市的一个平面的公园罢了，而南京金牛湖野生动物王国是一个立体的镶嵌在山体中的，有山有水，特别是站在山顶玻璃栈桥上眺望远方太美了简直是人间仙境！园区很大感觉可以玩上一整天，表演节目多，逗喂动物也多。玩累了可以去吃美食，听说园里有几家餐厅美食都不错，于是我们就来到一家人多的餐厅，。因为我觉得人多才好吃，鹈鹕湾餐厅就是我首选，确实味道不错，价格也适中特别有几样菜值得推荐糖醋排骨，卤鸡腿，虾仁蒸蛋太美味了，孩子也说好吃下次还要再来。总之南京金牛湖野生动物王国值得一去。,/Date(1602387974000+0800)/,4
56371058,全家出游，非常开心的一段旅程，小朋友天天闹着去喂小动物，之前带小朋友去常州淹城野生动物园，对此念念不忘，无意间发现南京也有野生动物园，园区蛮大的，动物也很多，互动性强，尤其是大马戏非常精彩，小朋友玩的很开心！,/Date(1625927421000+0800)/,1
46042898,不自驾区味食无趣很多，园区内可看动物少，充斥着付费项目，带够胡萝卜和白菜吧～不会再去了～,/Date(1648357957000+0800)/,0
84246442,看看可口可乐了可口可乐,/Date(1642945963000+0800)/,1
196603839,带娃去，挺好的，没有别人说的那么差劲～！,/Date(1644126019000+0800)/,0
172315836,位置：六合区城市边缘，建议大家自驾游更便捷，&#x0A;旅游路线：1-有自驾区可以直接开车进去，没开车景区也有小火车可以乘坐体验近距离喂小动物。&#x0A;2-步行区，每个动物点或表演点都紧密走下来虽然景区很大但不会感觉很累。因为这次和家人一起有长辈租了景区电动车500押金，80一小时！步行区一圈下来不急不慢看表演和动物大概2-2.5小时。&#x0A;表演：刚进去有马戏团表演，往上走有海豚表演，鹦鹉互动和佤族风情秀。还有两个本次没看到！具体表演和时间见图片。个人很喜欢马戏团表演大家千万别错过。&#x0A;整体：除了地方有点偏远。其它全是满满的满意度。之前和朋友一起，这次和家人一起好评度都很高。,/Date(1633762461000+0800)/,0
268429887,总体超赞，看了很多动物。选择了自驾游，一路上鹿，羊驼，骆驼，斑马等等好多小动物伸长脖子吃胡萝卜（有的竟然嫌弃青菜哈哈哈）又去看了一场大马戏表演，演职人员真的不容易，有的还是比较危险的，太辛苦了！水母仙仙的，玻璃栈道走着走着还是有点怕的，千万不能低头看脚下嘿嘿嘿😁去玻璃栈道最好是租个小车（半小时40&#x2F;一小时80，有小火车，但是不知道到不到玻璃栈道那里），要不然上面还要爬一大截的楼梯（可能是我缺乏锻炼，爬的累死了）抓住了假期的尾巴，开心的一天！,/Date(1617633338000+0800)/,6
148808844,非常好&#x0A;1.&#x20;自驾区小朋友可以和动物零距离接触&#x20;比如小鹿&#x20;山羊&#x20;骆驼&#x20;斑马&#x20;矮马&#x20;盘羊等等&#x0A;2.&#x20;步行区小朋友也可以和动物零距离接触&#x20;比如土拨鼠&#x20;小兔&#x20;水豚&#x20;小鹿&#x20;都非常乖&#x0A;美中不足&#x0A;1.&#x20;自驾区没有厕所&#x20;步行区厕所较少&#x20;小卖部只看到一个&#x20;在大门那里&#x20;一定要备足水&#x0A;2.&#x20;电瓶车只能坐3个大人&#x20;希望能有坐4个大人的,/Date(1595823751000+0800)/,2
4728312,值得一去，就是南京市区过去有点远。,/Date(1638527561000+0800)/,0
4154355,【趣味】适合全家&#x0A;【性价比】有点贵,/Date(1641477211000+0800)/,0
110128158,建议大家有条件的话一定要驾车去，太有意思了，跟食草动物们零距离接触，小孩子玩的很嗨，当然我们大人也玩的很嗨啦😊,/Date(1627249075000+0800)/,0
4332577,这次真的很生气，我们一家是全家出行，到了门口有防疫要求我们可以理解，我们给对方看苏康码，结果他们非要要求我们扫码**的二维码预定，我们说我们有年票，不要再预定了。他们不依不饶当时很生气。,/Date(1641868537000+0800)/,0
235987438,挺好的，自驾过去还挺方便,/Date(1640486849000+0800)/,0
114421245,金牛湖野生动物王国，分自驾区和走路区：自驾区可以开车观看沿途的野生动物，都是猛兽。走路区基本是一些相对安全的动物，可以进行喂食，目前都是免费的哦。特别是喂鱼，强烈推荐体验一下，直接将鱼食喂到鱼嘴里，鱼嘴很柔软，感觉非常值得一去特别。,/Date(1598772010000+0800)/,5
26765604,我觉得没去过广州长隆的可以取去一下，去过的就可以不去了。南京这个真的又远又贵，性价比一般～,/Date(1642259496000+0800)/,0
12005614,因为是优惠日进去玩的，所以人比较多，进去之后最好是先租一辆代步车，可以把整个园区绕一圈。园区内最有特色的还是水母馆，一定要看一下。,/Date(1600678396000+0800)/,7
216056808,很值得一去，周边的动物园都去过，觉得金牛湖是最好玩的了，就是因为刚开一年多，景区外面的路面还不平整，很多石头，灰尘有点大，其余都还好，景区里面的餐厅好几个，选择比较多，还有就是玩乐设施也很多，在里面玩的孩子都不想出来了，萌宠互动区很不错，动物品种也挺多的，总体很不错啦！以后周末还会带娃再去打卡的,/Date(1605451970000+0800)/,3
118510189,景区适合小盆友去玩，租了一辆小车，挺方便的，还可以近距离接触小动物，小朋友非常开心说下次还要再来玩，景区值得好评，下次还去景色不错，,/Date(1623240004000+0800)/,0
36857557,面积很大，自驾区是其中一小部分，自驾区是散养区，带宝宝有趣味性，步行区面积很大，可以租电动车，动物种类不算太多，可能是下午天太热的缘故动物懒洋洋的，但是动物状态一般，互动区的动物胖一些，其他的动物都挺瘦的！看不到毛光水滑的动物，园方应该好好饲养动物，且减少动物表演，倡导游人一起爱护动物,/Date(1622898456000+0800)/,2
4332577,整体还可以，一次认真玩肯定不够的，个人建议选择步行路线进园。1、全程开车部分不多，大概只有1&#x2F;3的路程；2、里面有小火车，全程有讲解会让你更加知道是什么动物，3、车开进来不便宜。&#x0A;路线：个人认为从2号门东大门进，可以做小火车去观光看野生动物，也可以把自己带的胡萝卜，蔬菜拿了先喂了，可以减轻行李重量。如果有小孩一定要把小孩坐在中间，这样安全一点。&#x0A;2、出来以后慢慢的逛步行路线区域。&#x0A;3、最后从2号门口出来。,/Date(1607853804000+0800)/,28
270258552,园区很大&#x20;租了电动车&#x20;半个小时40计算&#x20;去的步行区&#x20;逛的差不多之后去了小火车停靠点等小火车&#x20;这是免费的&#x20;不用自带蔬菜胡萝卜了&#x20;不让私自喂食&#x20;想喂食的可购买园区里的小动物专用食物&#x20;还观看了好几场表演&#x20;需要自己安排时间&#x20;总体来说还是很棒的,/Date(1596162296000+0800)/,2
21194235,非常值得一家三口或者多个家庭出游，大人小孩玩的都非常开心，门票和里面的游乐设施价格都不贵，性价比高,/Date(1632185030000+0800)/,1
118258039,非常的开心，宝宝带了很多吃的蔬菜喂小动物，小朋友很喜欢和小动物亲密接触，还看了很有趣的表演，特别兴奋，虽然说节日人很多，但还都井然有序……,/Date(1629016366000+0800)/,1
38253063,南京地区最大的野生动物园，可自驾车进去喂动物，很好玩，表演马戏也很多，孩子们玩的很开心，山顶的天空之镜成了网红打卡地。,/Date(1626685764000+0800)/,0
13457025,非常好，人和动物零距离接触！&#x0A;【性价比】非常高&#x0A;【景色】园内景色优美，了解每只动物习性&#x0A;【趣味】互功性强，和小动物零距离接触,/Date(1603677664000+0800)/,2
31651545,虽然有点远，但是很棒，自驾区可以喂动物，步行区可以看表演。当下秋高气爽&#x0A;枫叶渐变&#x0A;南京的秋天格外迷人&#x0A;阳光也逐渐的温柔起来&#x0A;外出游玩正当时&#x0A;走，去金牛湖野生动物王国秋游！,/Date(1603185901000+0800)/,3
69129587,#金牛湖野生动物王国&#x0A;一定会再次打卡&#x0A;🌟2小时自驾区&#x20;动物阔耐舔屏（自备🥕）&#x0A;🌟4小时步行区-&#x20;今日最爱❤️交通工具—&#x20;家庭👪版电动自行车，没有之一⚠️&#x0A;🌟有了电动车&#x20;步行区的动物互动&#x20;几乎是无障碍通行&#x0A;🌟萌宠互动区&#x20;饲料首次免费提供&#x0A;🌟游玩区额外付费&#x20;价格合理&#x0A;🌟水母宫&#x20;美人鱼🧜‍♀️姐姐超甜笔芯♥️&#x0A;…&#x20;推荐指数5颗星&#x0A;…游玩年龄段，有了电动车&#x20;老少皆宜值得推荐，有趣好玩，体验很好，,/Date(1598689761000+0800)/,1
163949107,人和动物有大半都是没笼子框着，亲近动物亲近大自然，但是和真正的顶级动物园还是有差别，自驾区这一块就很不足，没有猛兽从自驾车旁边走过那种，非常原始的状态。很热，一定要做好防晒工作！&#x20;自驾进去靠左边、靠左边动物都在左边哦！开了窗户就能喂到动物，胡萝卜要切好，多带点大白菜。,/Date(1599732363000+0800)/,4
5468210,很值得一去的动物园。可以开车进入喂食区，然后还可以进入游园区。园区中也有很多动物，还有很多游乐设施。吃东西的餐厅也有很多家。值得推荐，体验很好，有趣好玩，景色不错，,/Date(1592645646000+0800)/,1
21865046,去过好几次了，动物园比较大，买了自驾区车票，动物都比较悠闲，可以投喂食物，看完后还要把车放在停车场，然后进入步行区！！！,/Date(1616853672000+0800)/,5
231686970,路途有点远但是不影响心情，玩的东西很多很好玩，马戏团表演也很不错，看的精彩绝伦，流连忘返，有机会的话，下次还想再去一次呢。。。,/Date(1635318733000+0800)/,0
245412239,景区里东西比较贵，20元大概10几个花生吧，需要去的自己带点买花生核桃&#x2F;香蕉&#x2F;胡萝卜&#x2F;青菜之类的去喂动物，；本来给个三星或四星，自驾区你收了400元，去步行区租代步车160元，景区其他另收费比如比例栈道40元&#x2F;人，不满1.2m小孩也收20元&#x2F;人，还收停车费，直接降到2星。,/Date(1651583067000+0800)/,0
79653186,整体其实不错&#x20;园区很大&#x20;两个人开门就到了&#x20;基本玩了一天&#x20;其实就票价而言不算便宜&#x20;自驾区车子需要另外买票&#x20;个人觉得非游玩旺季应该把停车费也包括在里面不应该另外收费&#x20;这样或许更能获得游客好感 另外&#x20;玻璃栈桥票价可以接受但是性价比不高 景色不错，有趣好玩，,/Date(1620388190000+0800)/,2
263661298,今天去的，从景区外面很远很远的地方就开始堵车，历经一个小时终于进了自驾区，一个字：坑！车不让停，动物不让靠近，体验感极差，建议大家国庆期间还是坐小火车吧，不要浪费钱自驾了。然后进入步行区，就是一般动物园都有的配置，蟒蛇都没有红山动物园多，棕熊倒是很可爱，里面唯一让我觉得很不错的地方就是大马戏表演了，真的很精彩，其他真的真的很一般！！！海狮表演比较适合小朋友看。回程又在景区外面堵了一会，心情极差,/Date(1601903531000+0800)/,2
182528845,从江宁开过去需要一个小时二十分钟，车子需要单独买票，99一辆，疫情期间过路费不收，如果需要收是55元，还是自驾进园区方便，车子随便停多久，小火车不行，只能停一小会就要开，所以还是建议大家开车，让妹妹体验了一把与大型动物亲密接触，带的十根胡萝卜和一大颗包菜全部吃光光，自驾➕步行全部玩下来大概需要四个小时左右，自驾区建议大家可以在进门不久的地方多喂一会，因为小鹿🦌比较乖，后面羊驼和马比较可怕，头都恨不得全部进车子里，小孩会有点害怕，再说下今天高速也很通畅，有一段在修路，会堵上一小会，野生动物园还是适合平时来玩，车子在园区想停多久都没问题，自由自在，猛兽确实少了一些，但喂食的过程真的很开心[爱心],/Date(1587980949000+0800)/,41
31304008,因为参考了多方意见受益匪浅，所以汇总加上自己的亲身经历写一篇小攻略。24号之前园区活动，门票80，但是阴雨天又怕小动物不出来，纠结很久之后还是去碰碰运气。我们是在11点半左右到景区的，直接开车去了自驾区，阴天没雨的情况下小动物们基本上还是出来的。但是当时电话咨询时就有说长颈鹿不会出来，他们会自发避雨，天气冷也不太出来，确实最后没看到长颈鹿。自驾区不太长，准备胡萝卜就行了，基本上其他的蔬菜动物都不吃。可以留一些动物园里面也是有可以喂得地方。胡萝卜多切一些条状的，也可以切一些小块的，因为动物园里所有动物都吃胡萝卜，所以可以多带点。我带了4斤的胡萝卜，一次喂爽了。进了园区之后我还是租了个小电瓶，把胡萝卜往篓子里一丢，方便得很不用拎着。很多地方都可以直接电瓶车开进去，所以玩了一圈也就走了5000多步，一点都不累。但是费用嘛我个人觉得还是有点多的，门票部分人和车都是80，电瓶车40半小时。自驾区也可以坐免费的小火车转一圈，动物园里面也有小动物可以喂。坐在副驾驶上马伸头进来的时候我还是有点害怕的，马也太大了。开车来的话，停车场很大，但是是那种石子路不好开，停车费很便宜，我们停了2小时左右只要8块钱。吃东西的话景区肯定会贵一点吧，价格能接受，据说不太好吃，我们带了些零食，在车上吃了进去玩的，还带了些小零食和水，反正都能放在电瓶车上也不重，有个电瓶车还是方便很多的。希望能够帮到大家哦。,/Date(1587391308000+0800)/,38
24689212,总体来说还是不错的，地方很大，很耐逛！小朋友喜欢，特别是自驾区，动物们很热情，哈喇子流了一车子！,/Date(1596300532000+0800)/,1
11630970,主要就是能喂小动物。,/Date(1639310922000+0800)/,0
40439350,自驾区还不错，去的时候下雨，人很少，部门动物也不出来，可以开慢点，慢慢转;步行区很多地方还没有修好，马戏也没有，不着急去的，可以等完善了再去,/Date(1596117229000+0800)/,4
20553973,应该是没有完全搞好，动物比较少，自驾区既然收费，就不应该有工作人员拿着棍子赶动物走！因为周末车多，车开的比较慢，挪半天才能喂到一个动物！长颈鹿什么的都喂饱了，根本就不来吃喂的菜叶,/Date(1605349857000+0800)/,4
13636257,国庆出游首选之地，人不算多，门票现场也可以买，价位和携程折扣价一样，总体来说性价比还是蛮值得，包了自驾区和步行区的费用,/Date(1605058519000+0800)/,1
61296757,适合带娃去游玩，和动物零距离接触，培养孩子的胆量。佤族风情表演和大马戏值得一看，就是鹦鹉表演和海狮表演没赶得及看，有机会下次带娃继续去,/Date(1634126885000+0800)/,0
35667475,可以步行可以自驾，动物比较多，小朋友可以近距喂动物，也可以看表演，还是很值得的。步行区的时候，虽然天比较热，但可以租电动车，还是很舒服的，尤其是有风的时候，就是费用有点高。,/Date(1625744322000+0800)/,0
34999442,自驾区可以跟小动物近距离接触，还是挺好玩的&#x0A;步行区面积很大，还有各种表演，游乐场，适合亲子活动,/Date(1613569601000+0800)/,2
48968309,一般&#x20;不推荐,/Date(1637831423000+0800)/,0
4283236,动物种类挺多的，比小型动物园丰富不少，依山傍水，风景不错，游乐设施全部单独收费，性价比较低，有很多场馆都在维护维修，体验打了折扣。,/Date(1624802810000+0800)/,0
4154355,小朋友特别喜欢，推荐。地理位置稍微远了一点，还好有地铁。金牛湖和动物王国不在一起。景色不错，有趣好玩，性价比高，总体超赞，,/Date(1613528575000+0800)/,4
107416425,金牛湖野生动物园非常大，自驾区和步行区不在一起，但是可以先去步行区坐小火车去他的自驾区绕一圈，再去步行区慢慢游逛，步行区小动物不给自带食物去喂，定点买里面的食物才能喂，里面有不同的表演，提前看好表演时间去，还有自费的游乐项目，反正一天是感觉玩不全,/Date(1634195220000+0800)/,0
284824972,动物园里面动物互动还不错，适合带小朋友过去玩，有个大马戏表演也好看。但是里面电瓶车租金一小时八十块钱，也太贵了，一天玩下来五六个小时就要四五百块钱，这个有点坑，另外买了自驾区的门票后，在那边停车还要单独付个停车费，还有里面吃的也很贵,/Date(1604036818000+0800)/,0
150176453,因为之前买了一张年卡，再不开卡，要过期，所以自驾去了一趟，如果单独买门票的话，两大两小加汽车需要570。&#x0A;趣味性跟淹城差不多，但骑车进去的路线安排的不太好，路太窄，太容易堵起来，经常出现两辆车停了，被一群动物围住，然后前面空荡荡，后面满当当。&#x0A;动物品种还算丰富，可以自己带胡萝卜什么的，孩子玩的很开心。&#x0A;步行区这次太热了，没去，下次有空再来玩玩，反正年卡任性。,/Date(1599428042000+0800)/,0
4283236,依山傍水，风景挺不错的，动物种类多，可以互动，小朋友玩得很开心，游乐设施全部单独收费，且性价比极低。好几个馆都在维护，导致体验大打折扣。,/Date(1624803120000+0800)/,1
42945797,带着小孩喂小动物挺有趣的，可以和一些小动物近距离接触，目前河马馆貌似没开,/Date(1635317142000+0800)/,0
14726193,里面租个小车子，带娃一点都不累，只要舍得花钱，哪里都很舒服，即使上山都行，所以哪怕天气太热，也是过去玩的好地方，紧靠金牛湖。,/Date(1624409875000+0800)/,1
26661201,可能比较偏吧，人流量不大，但总体感觉不错，自驾进景区转了一圈，喂了小动物吃的，出来后，又步行从另外一个门进景区，游乐设施齐全，还有水母，两栖动物，各种大型动物……,/Date(1625664852000+0800)/,1
,大年初二玩了一天，总体感觉非常好的景点。自驾区喂动物还是挺有意思的，大马戏将近一个小时很不错，园区内最大特点是很多地方可以跟动物们近距离接触，互动性很好，另外还有个小游乐场适合带孩子来。记得最好早点到园。,/Date(1613218103000+0800)/,1
163949107,自驾区的范围不太大，动物也不是很多，但是如果小朋友第一次投食小动物，感觉还是很开心的。步行区的小动物还是很多的，但是不允许投食自己带的食物。并且园区很大，建议租一辆电动车。天气如果炎热的话，要做好防暑准备，因为树相对来说比较小。里面的大马戏没有营业。,/Date(1598791916000+0800)/,1
116657780,1.4以下小孩免票，幸亏携程还给退了，良心！景点也挺大，动物挺多，还要游乐场，停车方便。就是吃喝有点贵可以多带点，我看老游客都是带个拖车装东西，还能拖小孩！！,/Date(1633418848000+0800)/,1
92530653,体验很好，小动物很有活力，也能够近距离接触，非常开心，景色不错，自驾区和步行区有趣好玩，都很有趣,/Date(1602471627000+0800)/,2
12801969,成人139一张票，老人和儿童70块，非常好有很大的人工湖，可以骑自行车要租，然后还可以看很多动物，非常不错啦，地铁口出来就到了。,/Date(1598786945000+0800)/,2
28848694,去了一次，不是很想去了，距离有点远，然后感觉这个野生动物园都还没有弄好。仓促开业。停车场很乡下，车行区的动物也不多。还都很瘦小。没什么太大意思。,/Date(1627098305000+0800)/,1
31048535,暑假带孩子们去玩一下，还行，印象最深的是开车进去和动物们亲密接触,/Date(1626910573000+0800)/,1
321260520,很喜欢哦，带孩子去了两次了。就是时间可以延长点就更好了。或者设置点住宿或者露营的地方,/Date(1622209564000+0800)/,0
4478877,自驾区和步行区有趣好玩，租辆电瓶车逛步行区很舒适，唯一缺点就是租车费用性价比不高。,/Date(1600479951000+0800)/,2
114106247,去过淹城野生动物园，再来金牛湖，觉得性价比还是不错的，从南京市区过去，比淹城近，还便宜，带了孩子和一个残疾人，玩得都很开心，能自驾投喂的动物种类貌似比淹城还多。,/Date(1624374066000+0800)/,0
224432426,大马戏的表演非常的精彩，景区也是很大。,/Date(1603331384000+0800)/,0
276210212,总体来说还是不错的，就是太热了，太阳太毒了，里面的大马戏团没能看成，有点可惜，不过我们还会去的，是假日亲子活动的好场地景色不错，有趣好玩，体验很好，值得推荐，,/Date(1600006849000+0800)/,0
12951770,马戏表演节目不错，还有很多可爱的动物宝贝。自驾区没有长颈鹿，有点遗憾。早上去的，带去的胡萝卜包菜太少了，不够喂的。小盆友最喜欢喂动物了。,/Date(1624939221000+0800)/,1
280909512,整体感受还是不错的，特别是马戏表演、水母馆，值得推荐，动物种类也很多的，因为市新建的，所以馆内味道不是很大，可以接受，但信价比不是很高哈,/Date(1602252620000+0800)/,1
99350490,定了自驾还是明智的，不一样的体验。,/Date(1590937409000+0800)/,2
152818830,感觉还开发中，到是比预期的好玩。,/Date(1633239976000+0800)/,0
113337395,性价比高，有趣好玩，总体超赞，景色不错，喂动物很方便，很适合带小孩来玩。,/Date(1620004740000+0800)/,0
25586179,春节期间人很多，基本南京开过去堵车排队入园需要两个小时，互动性还行，性价比还算高。人少的时候应该是不错的选择,/Date(1613353797000+0800)/,2
61577202,总的来说还不错，孩子很喜欢，国庆期间有免费投喂小动物，孩子很开心,/Date(1602249067000+0800)/,0
,不错，出票非常的快，可以直接刷身份证入园很方便，带着全家人一起来游玩，一天下来真的非常的开心，表演非常的精彩，非常的满意，有空下次还会再来,/Date(1625462015000+0800)/,0
102854012,在六合金牛湖，整个动物园分步行区和自驾区。自驾区动物主动来吃食，步行区设计很好，人与动物可以近距离接触互动，不错的动物园。就是离主城较远。,/Date(1622361961000+0800)/,0
2257433,果然不虚此行，虽然人比较多，但架不住美呀，全程惊喜连连,/Date(1637488772000+0800)/,0
109780252,总体超赞，有趣好玩，性价比高，景色不错，带小朋友去一起喂小动物，很不错呢，,/Date(1619651749000+0800)/,1
8006907,五一中午到的，代金券都用不了，所有游玩项目都说限量的，没有名额了，真的很坑，希望大家避坑。停车场很**，全是碎砖块碎石头，很伤轮胎。,/Date(1651495943000+0800)/,0
2257433,好。。。。。。。。。。。。。。。,/Date(1629451274000+0800)/,1
19201801,很大很有趣，今年二刷，没有买年卡真是亏。车行区的动物比常州淹城的多很多，也更有趣。步行区也有很多的动物。大马戏不错，冰雪世界很好玩。,/Date(1623634411000+0800)/,0
33975404,自驾区太小，开车150元感觉不值，坐小火车就喂不了小动物！步行区入口旁第一站就是游乐园，孩子完全不肯走，设计不合理，建议游乐园分散布置，促使孩子多走走，多看看，性价比不高,/Date(1602253234000+0800)/,0
4154355,适合全家老少前往，挺不错的，孩子特别喜欢，下次还会去玩一次。当然了，停车场是很方便的，里面也可以选择租车，是电动车，可以坐两人。,/Date(1625146583000+0800)/,0
17160888,很值得一去，孩子老人都喜欢,/Date(1632235108000+0800)/,1
242716085,整体不错哦！喜欢动物的可以去玩，对了，除了动物还有水母，儿童游乐场所，一园多玩……园内喂养动物的食物还***，真的很不错……,/Date(1624346938000+0800)/,0
50445550,还是很不错的，性价比高，环境不错总体超赞，性价比高，有趣好玩，,/Date(1616923623000+0800)/,1
275359903,大地方特别大，动物多样化。非常非常&#x0A;【景色】,/Date(1602335009000+0800)/,0
268198045,总体还可以哦，孩子玩的挺开心😊体验很好，,/Date(1598787791000+0800)/,0
31845744,这个野生动物园整体还行，就是本来人也不多，为什么排队去坐小火车两次都被劝说“不要排队了，我们这边4点小火车就结束了，排队需要等一个半小时”，给人感觉是劝返，很不情愿让你坐，就因为小火车是免费的？不坐小火车就没法看很多的动物，那带孩子来这野生动物园有啥意思，园区不能多安排小火车班次吗？,/Date(1633654175000+0800)/,0
25433177,邀请了小伙伴一起去的，玩得很开心，项目比较多，杂技表演最赞，江宁开车过去有点远，吃饭特别不方便，带小孩的需要自己带点吃的,/Date(1624720382000+0800)/,0
5818595,不错哟，很棒，值得去玩，推荐打卡，棒棒哒,/Date(1624624762000+0800)/,0
5279698,自驾区动物还蛮多，小朋友喂的很兴奋，带的胡萝卜大白菜都喂完了，主要我们去的这天太冷了风还大，直接不敢带孩子在室外玩，看了个大马戏玩了会儿游乐场，快快乐乐回家。景区周围还没建好，路坑坑洼洼，希望下次去体验感能更好点,/Date(1607869412000+0800)/,0
890645,有趣好玩，景色不错，总体超赞，性价比高，,/Date(1605479740000+0800)/,0
280191957,园区挺大，游乐设施品种挺多，虽说主要是来看动物的，不过娃喜欢玩游乐场。动物不是很多，相对分散，看动物和红山比有差距。景区有玻璃栈道，太高，没敢爬。更像乐园一体吧。主要是来喂小动物的，小动物看起来都很饿，不过都很萌萌哒。,/Date(1602596710000+0800)/,0
34403037,景色不错，值得推荐，体验很好，有趣好玩，,/Date(1602169285000+0800)/,0
3200740,带孩子老人一起去的，自驾游的部分挺好玩，小孩子特别喜欢喂小动物，准备了5斤胡萝卜，喂过瘾了。步行区那边一般般，主要是游乐场，另外花钱的，没什么意思，太阳非常大，但没有林荫，也没有草坪让你铺垫子野餐，这个不太好。总得来说还是不错的。,/Date(1597324128000+0800)/,0
270752357,值得推荐，体验很好，有趣好玩，宝宝很喜欢,/Date(1595803609000+0800)/,0
26103250,交通是首先要吐槽的，直达的公交到今天也没正式恢复，要坐天长106或仪征K35要等好久。然后到了园区，内部人员对于路线的引导基本没有，都靠路牌，和珠海长隆的服务比差很多。动物嘛自驾区的都没看成，水母馆和海狮表演不错，游乐场每个项目都还要另外收费，鹦鹉很多，兔兔乐园很适合低龄小朋友，总体来说性价比一般。,/Date(1589806742000+0800)/,8
3908954,导航过去，位置准确，门口有免费停车场，车位充足。&#x0A;自驾区入内，每车交150元的费用。&#x0A;1.4以下儿童，70岁以上长者免费。&#x0A;自驾区的动物品种较少，都很馋，围着车要吃的，最好不要胡乱投喂。&#x0A;步行区面积不算大，场馆小而精，水母馆美爆，各场表演可以看看。,/Date(1576755086000+0800)/,4
37193235,这地方蛮好玩的，可以去可以开车去，然后,/Date(1635342167000+0800)/,0
8405433,地理位置太偏，风景很好，依山傍水。场地很大，建议租车出行方便不少。大马戏不错，亮点在于和各种小动物互动，但是动物种类不多。自驾区不如淹城动物园，缺乏中途停车点用于休息。猛兽不多。,/Date(1626000175000+0800)/,1
605907,去过了。地方很大。好像没有看见老虎。,/Date(1632849063000+0800)/,0
306586969,一家四口玩的很尽兴，各种动物，品种繁多，应有尽有，游乐设施蛮俱全的，就是免费就好了，玻璃栈道很惊险，小孩很喜欢这挑战，彩虹滑道也很好玩，,/Date(1615724322000+0800)/,1
149029236,自驾区150一张票，觉得一点都不值，动物很少，一会就开出来了。&#x0A;步行区动物根分散，租的车，大概游览两个小时，没见有多少动物。三个大人两个小孩，将近700块钱，感觉不值。性价比低，,/Date(1604398810000+0800)/,1
25434164,小朋友还是非常喜欢的&#x20;可以看到小动物&#x20;又可以体验自己喂动物的乐趣&#x20;不过还是需要稍微大一点点的小朋友来比较好&#x20;也不比较安全,/Date(1626922194000+0800)/,0
605907,动物很多。适合小朋友亲子玩耍。,/Date(1624881750000+0800)/,0
47952178,门票不算便宜，但是五点钟关门，三点半不到就开始收动物要下班的感觉了，好多动物没看见，好多地方在建设，不过工作人员服务态度还不错。,/Date(1616730014000+0800)/,3
311530308,家门口的乐园，周末好去处。,/Date(1628834524000+0800)/,0
178143675,值得推荐，孩子超喜欢你哦！,/Date(1627460476000+0800)/,0
48805462,很好，适合的带娃有趣好玩，,/Date(1602653289000+0800)/,0
60613649,值得一玩，喂动物喂的爽。,/Date(1595818160000+0800)/,0
16544303,挺不错的，适合小朋友玩,/Date(1600498482000+0800)/,0
28520243,如果广州长隆是五星&#x20;常州淹城是四星&#x20;金牛湖顶多是三星加&#x20;主要依山而建&#x20;上上下下有点累&#x20;如果只是玩游乐场和看表演&#x20;完全可以不用租车&#x20;游乐场和绿博园查不多&#x20;但包含餐饮收费都高于绿博园&#x20;所以小孩太小走不动的不建议来这里&#x20;门票这么贵&#x20;看看动物就算了&#x20;再额外花钱玩游乐场就没意思了,/Date(1601620346000+0800)/,1
21378186,金牛湖野生动物园不错的地方，值得带领孩子们去体验一下，与动物互动性很强。就是内部交通管理有待提高。,/Date(1613352594000+0800)/,0
19201801,挺不错的，今年二刷了，呢。给娃。的东西特别多，室内外都行。表演水准很高。,/Date(1624273580000+0800)/,1
171878894,体验很好，值得推荐，有趣好玩，景色不错，玻璃栈道还在维修，自驾游的感觉不错小朋友玩的挺开心的,/Date(1595400980000+0800)/,0
41497154,就是租车价格太高了押金500都不够一小时80元。,/Date(1633891771000+0800)/,0
34572799,大部分动物都有，很可惜老虎没有，不过可以喂的动物很多，互动区比较多，总的来说还可以吧，门票不贵，人也不多，玩的还是很开心的。,/Date(1635249352000+0800)/,0
232851766,动物零距离接触，小朋友很喜欢，就是天热去，人多，景区太大，而且表演一般时间上来不及去看，总体比红山动物园好点，还是不错的，套票的项目没玩到，下次有机会再去吧！！！！,/Date(1633390705000+0800)/,0
18585275,五一人多路堵，然后停车场都是碎石路，其他没毛病，还算值得一去,/Date(1620008804000+0800)/,1
43433376,去金牛湖野生动物园自驾需一张车子的门票，车内几个人需另外买几个人的门票。因为男朋友是医生，所以医护人员是免人员门票，但是不免自驾车票和同行人门票哦。&#x0A;我们九点半到的自驾区，小动物刚放出来不久，它们吃我们自己带了胡萝卜吃的很欢快。而且它们吃东西都很小心翼翼，不会咬到手。在自驾区喂了鹿，鸟，马等，整体很开心。&#x0A;到达步行区已经差不多11点了，步行区最开心的是喂梅花鹿。它们特别温顺，鹿也很多。还有水豚也很搞笑，摸他的小耳朵会不停抖动哈哈哈。另外还有其他的很多动物我就不详细写了。&#x0A;整体互动感还挺强的，但是说实话在动物的管理和养护以及场地布置上，和我前段时间去的长隆野生动物园还是相差很大的。希望金牛湖能越做越好吧，也希望对小动物们好些。&#x0A;最后如果要去自驾区，一定要早晨去哦，下午我们从步行区坐了小火车到了自驾区。小动物们都吃饱了也有很多在睡觉，互动性降低了很多，这个时候再买自驾门票就亏了。,/Date(1602127991000+0800)/,0
193836449,景色不错，有趣好玩，体验很好，值得推荐，还可以，动物们很可爱，就是品种大致有些单一，其他的体验还不错，非常适合亲子出行。,/Date(1601536063000+0800)/,0
189440526,很不错的一次旅游体验，停车位非常充足，自带零食野餐别有一番滋味，孩子们玩的不愿意回家了，自驾区还是值得体验，胡萝卜，青菜，都要多准备点，胡萝卜是所有动物最爱。大马戏一定不要错过，上午和下午共两场表演，进入后，记得看好当日表演时间。,/Date(1577959633000+0800)/,2
275719218,推荐去，三岁以上孩子可以去，亲子好去处,/Date(1618387251000+0800)/,0
51855096,去年国庆节去玩的，比较大，可以平时去玩，假日人太多，没逛完，还是推荐去的,/Date(1624624863000+0800)/,0
40953885,性价比高，总体超赞，景色不错，,/Date(1620006257000+0800)/,0
114759254,可以近距离接触喂食小动物，建议去的时候多带点胡萝卜条和大白菜！猛兽区动物种类较少，没有老虎、豹子、大象！地铁站下车遇到一个司机师傅很不错，没有载客！,/Date(1626760504000+0800)/,0
270533116,和小动物亲密接触是个不错的体验，有趣好玩，很开心,/Date(1605487991000+0800)/,3
263898322,步行区性价比还行，挺好玩的，自驾区150，太没意思了，10分钟结束了,/Date(1604210537000+0800)/,0
1240194,非常不错的地方，值得再次前来，喂小动物的地方，值得多刷多玩。。。。,/Date(1624970895000+0800)/,0
4843717,很不错呢，人不多，可以很好的玩。建议租电动车，很方便的。超级开心,/Date(1626969982000+0800)/,0
266607522,动物少，自驾区就一点点,/Date(1591580746000+0800)/,2
159818196,有点远，天气凉爽点去,/Date(1632199831000+0800)/,0
6905787,自驾区门票180元&#x2F;辆车，感觉不值得，还好提前切了很多胡萝卜带过去，否则都体会不到乐趣，园区里的胡萝卜10元&#x2F;包，里面只有10小根左右。进入动物园区后，里面喂动物的地方收费是可以理解的，但是里面其他所有的游乐区，都是按个收费，没意思。还好今天天气不太热，动物们都出来了，如果天气太热或者太冷，不建议去。性价比低，可玩性低，,/Date(1623594074000+0800)/,1
833874,除了距离远点儿，还有石子路的烂停车场，其它都很好。马戏表演很精彩，值这个票价。萌宠互动区与小袋鼠，兔子，鹿，水豚，羊驼零距离接触，很有意思。,/Date(1613639094000+0800)/,2
151912283,一家六口人去游玩的，公园很大，去的时候天气有点热，自驾去给小动物喂胡萝卜很有意思，还有美人鱼表演。小朋友玩的很开心，周末去放松一下还是不错的,/Date(1601266287000+0800)/,0
268845555,景色一般，但是因为动物可以投食，孩子喂的可开心了，值得推荐吧，因为夏天去玩的，比较热，但景区内可以租电瓶车，走挺自由，电瓶车的价格是80元一小时，所以感觉还好，,/Date(1598536765000+0800)/,1
4259495,园区很值得一游，就是租车价格太高了，吃的不多，而且质量一般,/Date(1623771380000+0800)/,0
230470153,和朋友一起去的，可以自驾车，地方挺大的，玩一天没有问题，美中不足就是进去动物园其他的游乐设施每项另外收费。不过价格不高，属于可以接收范围,/Date(1602945378000+0800)/,0
75170676,品种还是少，在自驾区还算不错，步行区上下台阶需要设置扶手,/Date(1597238895000+0800)/,0
220310512,小朋友喜欢，去过多次了，虽然距离比较远，但是阻挡不住,/Date(1624799007000+0800)/,0
221455,亲身体验，携程信誉是相当地不错，太感谢了！&#x20;携程专业服务态度非常好。下次带娃出游还会选择携程！,/Date(1597082388000+0800)/,0
1203411,南京最大的野生动物园，可以喂猴子喂各种东西很好玩。,/Date(1633527561000+0800)/,0
11681512,景色不错，有趣好玩，总体超赞，,/Date(1617537429000+0800)/,1
1488707,没啥亮点。千万别买自驾车进去的门票。没啥东西。小火车一圈也就很快就出来，小火车方便些，感觉动物还没有红山多呢，到是游乐园建的好大,/Date(1606649913000+0800)/,0
4154355,【景色】不错的&#x0A;【趣味】挺好的&#x0A;【性价比】有点低,/Date(1633173201000+0800)/,0
31422438,很不错的地方，小朋友跟动物可以破坏和你接触,/Date(1618198417000+0800)/,2
221192118,性价比高，有趣好玩，总体超赞，景色不错，小朋友和动物互动很开心,/Date(1613572075000+0800)/,1
9284546,第二次带孩子去玩，一年前去停车场就没建好，再去已隔一年，停车场还是杂草丛生，比草原的草还高，生怕草丛里冒出条蛇。水母馆大厅空调都没有，人们站着小歇，乱七八糟，非常怀疑去了一个假景区，卫生与南京海底世界差别太大。在游乐场刷过卡后就不可以退，不想玩也不能退，强制消费哦，本想玩一天的，2小时就匆匆离开，开车来回3小时，有些失望哦！,/Date(1626052958000+0800)/,0
934765,性价比高，有趣好玩，景色不错，总体超赞，,/Date(1622956510000+0800)/,0
41495761,前面我已经评了4优点，3缺点。这做个总结吧。&#x0A;整体来说金牛湖动物园还是值得去看一次的，毕竟是南京唯一一个有互动区和散养区的动物园，虽然动物数量和种类不如红山动物园，毕竟人家建园时间短嘛。&#x0A;建议不要选择节假日去。倒不是说园子里面各种东西前面排队，这种情况在每一个园子都有。主要是进出金牛湖动物园的公路是双向单车道，是一条县道。进园子都要一个小时，很多车子直接把车开到旁边的泄洪沟里停着。,/Date(1617592374000+0800)/,0
163949107,自驾区不是很大。但是如果孩子是第一次喂食小动物的话，应该还是很感兴趣的。自驾区是允许自带胡萝卜和大白菜的，建议可以在这里多喂一些，尤其是自己带的比较多的话，因为到步行区，自带的食品基本上都不让喂小东西。所以不用背进去。步行去的面积还是挺大的，建议租一辆三个人的电动车，不过收费也是挺贵的一小时80块钱，超过十分钟按半个小时计算，超过40分钟按一个小时计算。当时我们用电瓶车没有看演出的情况下。全部逛完大概用了四个小时，所以如果带有老人和孩子的话，还是建议租一辆代步车。,/Date(1599005365000+0800)/,0
155903526,****************************************************************************************************************************,/Date(1572765791000+0800)/,0
16788040,和小动物零距离，棒棒棒&#x0A;【性价比】高&#x0A;【趣味】很好&#x0A;【景色】不错,/Date(1612100902000+0800)/,1
215963031,真得很好玩&#x20;自驾区喂小动物很有意思&#x20;值得来,/Date(1602555041000+0800)/,0
1203411,好玩，小动物们很可爱，携程预订很方便,/Date(1625552081000+0800)/,0
305386651,带小朋友去喂小动物很好&#x20;小朋友也很开心,/Date(1624817177000+0800)/,0
238122211,面积挺大，票价太贵，整体性价比不高,/Date(1624572250000+0800)/,0
281059992,非常不错，值得带小孩一起去玩，停车也方便，投喂动物也很好玩，适合带小孩去玩,/Date(1619865025000+0800)/,0
301384458,一路直奔这里，这个动物园还可以吧。,/Date(1613268691000+0800)/,0
38590257,在南京亲子游中还是值得一去的地方,/Date(1624853498000+0800)/,0
37193235,还可以，有点远。周围环境还可以。,/Date(1624703964000+0800)/,0
4154355,【趣味】还挺不错，小朋友特别喜欢,/Date(1613392289000+0800)/,2
228081363,有意思，很多草食性动物都是散养的,/Date(1604805644000+0800)/,0
58518619,好玩，里面有小车出租，挺方便。,/Date(1626430115000+0800)/,0
9283316,动物越来越少了………………….,/Date(1624979441000+0800)/,0
23842520,现在做的挺好的，服务很热情。,/Date(1634028618000+0800)/,0
6441309,挺好的地方，自驾还步行都挺棒的，进去租个车特别方便，就是吃饭不是特别方便不过自驾开车去吃土家菜也很近大概5公里左右吧，其他都非常棒，可以玩一天的地方,/Date(1602163010000+0800)/,0
315974672,很好玩，很多动物，超有趣！,/Date(1625039335000+0800)/,0
1537348,很舒适，适合带老人孩子玩,/Date(1635606884000+0800)/,0
22009058,还挺好玩的，动物们很热情,/Date(1624515586000+0800)/,0
201120777,园外停车场很大；园内分布合理，路线清晰，动物个别还没有，后期据说会补齐。自驾区车子流量太大，导致小火车等待时间很长，需要改良。总体，还是不错的！,/Date(1620114376000+0800)/,0
493029,动物都比较悠闲，可以自由投喂食物。环境还算不错的，性价比比较高。,/Date(1617509308000+0800)/,0
43487457,停车场地一般，下雨天工作人员比较少，雨天买食物投喂的人也不在～～,/Date(1603842087000+0800)/,0
183180190,适合一家人走走看看吃吃,/Date(1626791893000+0800)/,0
64132509,蛮好玩的，小孩子爱去！,/Date(1622157921000+0800)/,0
92581658,元旦刚去，金牛湖已是第四次来访，体验非常不好，游客很少，基本都是六合地区，动物依旧很少，里面一直在施工，停车场还是很破，石子路，开业几年没有变化，互动区各个承包户不给自带食物喂食（我们带比售卖点的品质还好，超市购买）非要花钱在你们这边买，非常不合理，像有些我们没有的食物，现场花钱买了，没问题，但自带的和售卖点一样食物为什么不给喂？同样是自驾区自带就可以喂食，景区商业化太明显了。。。距离市区这么远，来回160多公里，开车走高速一个半小时，景区要学习下周边的大型动物园模式，否则游客会越来越稀少。。。照片就不发了，以上真实感受！,/Date(1641097680000+0800)/,1
77963985,很不错的地方&#x20;值得一去,/Date(1633604507000+0800)/,0
229436068,带小朋友玩耍的好地方,/Date(1626443342000+0800)/,0
26822037,带小朋友来玩非常开心,/Date(1624891866000+0800)/,0
273288645,性价比高，有趣好玩，,/Date(1624534587000+0800)/,0
48513886,值得一去！小动物很多,/Date(1622382625000+0800)/,0
42905143,小朋友不用票，步行区已经足够玩一整天。有海狮表演和大马戏，喂动物的互动环节虽然收钱，但小朋友体验好也算值。玻璃栈道和游乐园都没时间去，水母馆还不错。建议住在周边酒店第二天八点半之前就过去，不然动物都吃饱了。返程的时候交通很成问题，光从停车场到出口道路就要一小时,/Date(1620015255000+0800)/,1
96430481,孩子一直闹着看动物，玩的很开心！由于天气冷，今天车辆不多！喂的人少了，动物都很饿，都抢着吃，带来的胡萝卜和蔬菜等都不够，,/Date(1607327359000+0800)/,1
13313858,性价比不是太高&#x0A;动物不多&#x0A;吃饭很贵&#x20;大概外面三十块的几个菜&#x20;在里面&#x20;90块&#x0A;然后租赁电瓶车&#x20;半小时40&#x0A;海狮表演是不要钱的&#x20;小火车观光也没要钱这两点还不错&#x0A;停车费便宜&#x20;三个小时好像六块钱&#x0A;水母馆很棒&#x20;里面种类很多&#x20;都是各种各样的水母&#x0A;其他的动物都不是很多&#x20;个人觉得自驾开车完全没必要&#x0A;小火车观光足够了,/Date(1599054263000+0800)/,1
56473440,值得一去，小朋友最喜欢的就是拿胡萝卜喂小动物。不建议开车进去，150块钱自驾车票不值得。可以坐园里的小火车，一样可以喂动物，而且可以反复坐。,/Date(1598191080000+0800)/,0
3200740,非常好玩，孩子很喜欢，开车去，可以喂很久小动物，多带胡萝卜！,/Date(1597323155000+0800)/,0
50664375,动物都比较悠闲，可以投喂食物。还是很不错的，性价比比较高。,/Date(1617509307000+0800)/,0
1558107,很好玩&#x20;值得再去,/Date(1636625345000+0800)/,0
21122492,动物少&#x20;环境优美,/Date(1630286482000+0800)/,0
81345900,真的是很近距离的接触动物哟。就是等小火车，等了两个小时，腿都麻了。园区就不考虑多增加两辆？总共就三辆，三辆还是一起发车。错过一班，等四十分钟。这个差评。,/Date(1617873724000+0800)/,3
182795216,非常的好玩体验很好，有趣好玩，值得推荐，景色不错，,/Date(1593296097000+0800)/,0
203796481,值得带小朋友来玩的虽然有些远，不过小朋友很开心。,/Date(1602557296000+0800)/,0
2257433,不错。。。。。。。。。。。。。。。。。。。。。。。。。。。。。。。。。。。。。。。。。。。。。。。。。。。。。。。。。。。。。,/Date(1613722666000+0800)/,0
151925984,小朋友喂食物开心的不得了。就是出发的太迟了，一路狂赌哎！建议各位早点去，要不然堵的你怀疑人生。里面的食堂真心一般，性价比不高，建议在外面吃完饭过来，或者自己带携干粮！,/Date(1588415156000+0800)/,2
318048772,动物园很大&#x20;，用了6小时&#x20;看了很多动物，几乎看全&#x20; 景点附近会有这堵车，因为节假日出行人比较多吧，南京金牛湖还是很不错的性价比高，,/Date(1619957710000+0800)/,0
4156247,超级满意&#x20;很贴近大自然&#x20;游玩内容也很丰富&#x20;很多小动物可以喂&#x20;还有游乐场&#x20;小孩过山车也能玩&#x20;很赞！有趣好玩，性价比高，总体超赞，景色不错，,/Date(1617625904000+0800)/,0
244482938,靠家近，游玩的项目还挺多,/Date(1591180622000+0800)/,1
119194123,景色不错，有趣好玩，总体超赞，性价比高，是值得去的家庭亲子互动的好地方，里面的大马戏和海狮表演十分好玩，孩子们玩的比较开心,/Date(1613784933000+0800)/,0
34637717,性价比高，总体超赞，景色不错，有趣好玩，,/Date(1621819564000+0800)/,0
57294731,有待改进，五一做好堵车准备&#x20;，动物园进来堵，出去也堵，最可气的是一开始几个出口都没开，非要绕一圈，结果绕一圈发现前边门又开了，后来的都排我们前边去了，想想都来气，五一出行有风险，出来玩做好心平气和，看到好几对因开车吵架的了，莫生气。园内规划比较乱，转一半就走了，然后堵了个小时😭,/Date(1619949149000+0800)/,0
5924237,订票很方便，孩子很兴奋，就是没有买到喂养动物的食物，很尴尬，动物园的秩序感觉很乱，管理很差，工作人员的语气让孩子很害怕！,/Date(1617628689000+0800)/,0
61204620,里面的小动物最喜欢吃胡萝卜，带了白菜不喜欢吃，有工作人员看着，不允许私下里喂小动物，总体还不错，剧场里的杂技表演挺好看的,/Date(1608298546000+0800)/,0
42905143,总体评价小孩玩的挺开心，有动物有游乐设施。大人累，周末开车来回的路上，车多拥堵，很多重型机械车和游玩的车一起，就一个车道，建议八点到，避开拥堵。比较小的可以不玩自驾区域，非自驾区域已经足够幼龄小朋友了。尤其是喂动物，非自驾区也有很多，水母馆也很好看,/Date(1598705834000+0800)/,0
75290487,全价票160，老人儿童等有优惠。我抢的优惠券60（门票+自驾区小火车），小火车要等很久，建议从东门进，先坐小火车。如果买全价票来这么远的景点就很不划算了。&#x0A;金牛湖地铁站门口打车不易，私车20。&#x0A;地方大，不耐走的人要租电动车。&#x0A;猛兽品种少，有鬣狗，狮子，熊，狼，鳄鱼，每种2-5只，猛兽的活动区大约200平米（不要想象成非洲草原）。&#x0A;步行区的动物尽量少喂食（今天兔子区撑死2只）。&#x0A;园内行道树未成型，阴凉地少，座椅少。&#x0A;饮料10-20块钱，拌面17，饭食40-50，不谈性价比。&#x0A;和红山动物园比，最大的优点就是能喂食一些动物。,/Date(1598682268000+0800)/,0
170827584,带孩子老人去看看动物还挺不错的，有电动车可以租一小时80元，不用担心老人小孩走不动路会累，除了动物还有游乐场需要游玩自行购票，冰雪世界也是自行购票票价30元，里面还挺不错的。另一个区域可以自己开车进去喂动物但需要买票，一辆车100多，个人觉得开自己车子喂食没有意思，还是乘坐免费小火车挺好也可以喂食！总体感觉还不错。,/Date(1598681584000+0800)/,0
230270987,有趣好玩，带小孩玩还是很不错的，地方够大，动物特别多，表演也不少，水母宫拍照更好看。建议租个电动车玩，尤其带老人小孩的。不足之处也很明显：1，停车场太low，全是石子路和搭的破棚子卖东西的小贩。2，自驾区水泥路太丑太破，让人印象大打折扣。3，整个景区没啥大树，看起来光秃秃的。4，景区餐厅真贵啊，面和饭菜量也太少了……不过味道很棒。5，电瓶车能换成坐4个大人的那种吗，这种坐3个大人的太尴尬了。,/Date(1593869176000+0800)/,0
187136665,下着雨过去玩的都是真爱了，总体感觉还可以，规划的不错，动物比较集中，不像红山动物园，爬山都给你爬累死了，水母馆，萌宠馆造型设计很好，有几点不足，买的票含表演，进去都贴着公告疫情期间暂停，小火车中途不停，在淹城动物园，还在羊那停一下，喂食小动物，还有就是动物们都饿的皮包骨头，特别是大狮子，粮草短缺，看的叫人心疼，盯着你看，就像要活吞了你，最后就是没有大熊猫，东北虎没看见，总体还是不错的，如果离家太远，去一次看过就好了，离家近还是可以经常逛逛的，可以开车自驾区,/Date(1586650335000+0800)/,2
204377498,整体还不不错，自驾区车多，体验感差，步行区不错，很大，建议租电动车，80元一个小时，长颈鹿蛮多的，但是没有发出来，遗憾,/Date(1603161629000+0800)/,0
7263789,值得去，就是我们去的天有点冷，很多动物没有出来，等天气好一些再去～小朋友玩的很开心😃总体超赞，,/Date(1611977725000+0800)/,1
244482938,和朋友自驾游去玩了一天，还行人太多了,/Date(1600470289000+0800)/,0
46790251,休息日人不多，下次去多带点胡萝卜。自驾区有鹿，马，骆驼，鸵鸟，羊驼，长颈鹿,/Date(1624280592000+0800)/,0
9284546,第二次来了，停车场还是杂草丛生，明明有水泥路可以停非不让停，停到全是草的地方，那个草快比人高了，老人小孩子要从草丛走到景区实在不方便,/Date(1630941850000+0800)/,1
246447973,小朋友感觉挺好的，下次一定再来。,/Date(1604056474000+0800)/,0
35453414,很多人和动物的互动，自驾区的小火车4点结束，里面还有几场节目表演，要安排好时间，不想吃里面的东西，可以带自热米饭,/Date(1602134811000+0800)/,0
364050,环境优美&#x20;位置优越&#x20;节目丰富&#x20;值得一去,/Date(1601968223000+0800)/,0
27190240,景色不错，可以租电瓶车带孩子比较方便，场馆也比较多，但是里面的餐厅还不太行，可能是因为园区还没完全建好，吃的不行,/Date(1599903791000+0800)/,0
198913578,不错，挺好玩，有动物还有玻璃栈道,/Date(1597556253000+0800)/,0
198913578,玩的很开心，有玻璃栈道，有动物，有自驾，就是自驾区有点堵，还不给下车喂,/Date(1597762098000+0800)/,0
37463374,总体不错，景区外面比较混乱，提示信息不全，能在服务上多用点心就更好了,/Date(1626509404000+0800)/,0
924617,还是值得去一看，尤其是带小朋友去，可以近距离接触马、羊驼、鸸鹋等等，可以看萌宠，看水母跳舞，看杂技表演，唯一不喜欢是用动物表演,/Date(1574044703000+0800)/,1
4123569,值得推荐，有趣好玩，玩的还是不错，地方很大，一天想玩完还是有点困难的，建议有所取舍。园区内如果不差钱呢，可以先玩车子进入的区域，然后步行玩靠近大门的区域，然后租个小车去山上彩虹滑梯区域,/Date(1602994226000+0800)/,0
27190240,开车游览，食物可以自带，多带一些，不要怕多，有很多动物可以喂，我们感觉带的很多，但是开到后面都没的喂了,/Date(1595240538000+0800)/,0
320011871,动物不集中。动物也不是很多。都是些小动物。喂动物都要另外收费。价格偏高。体验一般,/Date(1621177745000+0800)/,1
4932102,有趣好玩，性价比高，景色不错，总体超赞，非常值得去的一个景点，就是远了点，里面电动车超赞，互动超赞,/Date(1603632000000+0800)/,0
12075164,自驾游不推荐，开车进去几分钟就完了，管理员不让喂动物。一直催促往前走往前走。还不如直接进入步行区。,/Date(1603615629000+0800)/,0
149288636,总体超赞，性价比高，有趣好玩，景色不错，唯一缺点停车场没有新能源汽车充电桩。,/Date(1617547064000+0800)/,1
6662157,自驾环节很快，价钱贵，我觉得性价比不高，尽量不要人多时候去，堵的不得了，第一次去新鲜感支撑稍微有好感，水母馆不错，大马戏没开，观景台、玻璃栈道也没开，门票那么贵，停车场还收费。,/Date(1598789912000+0800)/,0
36540882,有趣好玩，景色不错，性价比高，总体超赞，已经去了好多次了，一次和一次不一样,/Date(1617580122000+0800)/,1
3535029,比我想象的好&#x20;买饲料要谨慎&#x20;有人卖十块&#x20;有人五块&#x20;感觉可以自带点包菜&#x20;和萝卜条&#x20;自驾区还可以&#x20;小小朋友有点害怕&#x20;非自驾区域&#x20;很多项目收费觉得有点啥&#x20;还行吧&#x20;是个去处&#x20;说特色也谈不上&#x20;会想着再去吗&#x20;不一定,/Date(1597544432000+0800)/,0
204929210,去玩一定要早点到，想做小火车要等一个多小时。里面可以租遛娃神器挺方便的,/Date(1619231675000+0800)/,1
32137529,自驾游挺好，动物头都会伸到车里，小朋友很喜欢，大马戏表演挺好里面表演挺多的，还有个小游乐场,/Date(1618068990000+0800)/,0
60404160,还好，带娃玩可以一去，提前准备东西，开车玩比较好,/Date(1635473542000+0800)/,0
109201177,人不多，游玩项目不多，只能带带小小孩子玩玩，对于大热天来说能把车开进园区，是最吸引我的了,/Date(1598445272000+0800)/,0
87705138,很一般这价位不值动物太少了都瘦巴巴的体验不佳，,/Date(1596269648000+0800)/,0
75701880,还可以吧，后来又去了南通,/Date(1633179489000+0800)/,1
172281204,1.玻璃栈道小卖部，个人感觉卖的小布丁冰淇淋是假货，望管理部门严查！食品安全第一！&#x0A;2.唯一的缺点，没有开水间，家庭出游很不方便，希望有改善&#x0A;3.整体游玩还是很愉快的！,/Date(1617511943000+0800)/,0
38935634,值得推荐，国庆假期带娃出游，娃感觉很不错，可以喂小动物。如果门票能再便宜点就更赞了。,/Date(1602025042000+0800)/,0
89097911,挺大的需要租个电频车，就是没有豹子老虎狐狸,/Date(1622583998000+0800)/,0
25449300,有趣好玩，值得推荐，千万别去自驾去，特别坑,/Date(1601857712000+0800)/,0
179865768,带孩子去的&#x20;&#x20;还可以吧。自己带点吃的&#x20;能玩好久,/Date(1633158598000+0800)/,0
191098698,金牛湖野生动物园很大，值得一去。设计合理，停车方便，动物品种也多，下次还会再去。,/Date(1620211668000+0800)/,0
25010262,注意去之前了解到那个大门，攻略上不一致，另外就是非自驾游玩的，注意到停车场的路线,/Date(1616331890000+0800)/,0
5819830,老人票价有点高，建议直接减半，因为很多高的地方，老人家都爬不动的，70票价不值得,/Date(1613740719000+0800)/,0
13323468,总体感觉不错，园区规划有待和管理有待提高,/Date(1603205848000+0800)/,0
19165357,【景色】满意&#x0A;【趣味】不错&#x0A;【性价比】不佳,/Date(1633233074000+0800)/,0
208027543,自驾车去很好，路上有不少动物，就是胡萝卜带少了体验很好，值得推荐，有趣好玩，,/Date(1597411930000+0800)/,0
193253863,景区电瓶车很实用，不然爬山真的好累,/Date(1622119399000+0800)/,0
270847311,值得推荐，体验很好，宝宝很开心,/Date(1595894212000+0800)/,0
40439350,景区还没有完全建好，可以过一段时间再去，环境还不错，目前南京算最大的了，也是唯一可以开车进去的，网上可以提前买好车票，很方便，吃的不多，可以自己带点,/Date(1600408680000+0800)/,0
34241534,很好玩，几乎每种动物都能互动。自驾区喂小动物太有意思了。强烈推荐。,/Date(1601620807000+0800)/,0
150615600,地方挺大的，过山车能让儿童玩，就是人多要排好长的队伍，玻璃栈道在山顶转了一圈，里面参观动物，马戏表演，海狮表演是不收费的，其余的项目都是要收费的,/Date(1620130494000+0800)/,0
280936897,等小火车时间太长，等了两个多小时，园区应该考虑多安排一些小火车！,/Date(1619959882000+0800)/,0
94465306,挺好的值得二刷有趣好玩，,/Date(1604741873000+0800)/,0
86513761,有趣好玩，景色不错，性价比高，总体超赞，非常适合家庭亲子一起游玩,/Date(1604480438000+0800)/,0
242701589,很方便，很好玩。当天现买现用。比现场买票便宜。推荐大家购买哦！,/Date(1620660020000+0800)/,0
51059341,五一期间去，堵到绝望，进门都12点了，小朋友准备的胡萝卜，没喂两口，动物不多，一会儿功夫就绕出来了，感觉一般。旁边的游乐场进去以后再充卡消费。,/Date(1588499869000+0800)/,2
314729649,里面挺大的，值得游玩,/Date(1634017673000+0800)/,0
62424642,值得一去，大朋友小朋友的乐园，就是不要节假日，太太太太太堵了,/Date(1620055650000+0800)/,0
13576972,景色不错，有趣好玩，性价比高，总体超赞，,/Date(1615520548000+0800)/,1
3692149,没有必要开车进去，公园分两个区域，自驾和区和普通区。当时这两个区是分开的，排了一个多小时队伍才进到自驾区，20分钟不到就出来了，记住是出来了。金牛湖这边是需要二次进园的。车子要停到外面停车场，然后从大门再检票进去，不是很便利。,/Date(1614992857000+0800)/,1
16944360,客观的说，景点是好景点，但运行的太差。看看长隆，看看新加坡动物园，觉得金牛湖太low。走下坡路的节奏！猩猩馆关门也没有告知，导览图上没有表演的信息，时间安排全靠运气。很多动物互动，算是卖投喂物品。羊驼就只喂大白菜，喂的人太多了也不控制，🦙最后都不吃大白菜了……马戏表演节目质量太差，孩子都不愿看了，与场馆高档设施完全不匹配。小火车等了半天没有车，也没有告知与反馈，没有金刚钻就别揽瓷器活，没有那么多小火车，没有接待大批游客的能力，就不要卖那么多票啊，野生动物园没有看到大型野生动物，差评。,/Date(1613230046000+0800)/,1
13435580,有趣好玩，景色不错，总体超赞，性价比高，动物们很可爱。。。。,/Date(1605876636000+0800)/,0
33548876,有趣好玩，景色不错，性价比高，总体超赞，,/Date(1605423319000+0800)/,1
9121522,有趣好玩，性价比高，景色不错，总体超赞，秋天冷，要多穿衣服！,/Date(1603467300000+0800)/,0
68749280,国庆期间去，人比较多，自驾区不建议花150元开车进去了，根本喂不到动物，都吃饱了，工作人员可能觉得游客较多也不允许动物靠近，所以自驾区就坐园内的小火车逛一圈就好了。至于步行区建议入园后就租一辆电动车代步，如果租的迟了就会和我们一样，排队近一个半小时才租的到。步行去内的动物种类并不是很多，老虎是没有的。园区内最积极营业的是黑熊和棕熊，工作人员会要求购买园区的饲料喂。总之，体验一般，如果带孩子随便逛逛是可以的，不要有太多期待！可玩性低，体验不佳，景色一般，,/Date(1601791010000+0800)/,1
266359934,值得推荐，景色不错，体验很好，有趣好玩，,/Date(1590999591000+0800)/,1
72309163,玩的很开心，看了攻略看野生动物的时候特意快了一些，结果带的胡萝卜没有给吃完又带回来了，后面去步行街游乐设施玩的太晚表演又没看起来，还是要做攻略，挺好玩的，，最好玩的是冰雪王国小孩玩的都不想离开，下次去要早点出发,/Date(1588075177000+0800)/,5
14863760,环境美&#x20;价格适中。就是交通不便。要是有个交通车就好了&#x20;人太多。,/Date(1620190602000+0800)/,0
24157138,周末天气好，带孩子过来玩耍。里面有动物和游乐场。总体还可以,/Date(1615785462000+0800)/,0
281978426,总体超赞，有趣好玩，性价比高，景色不错，有朋友一起去玩最好,/Date(1604064631000+0800)/,0
53943739,不错，值得一玩，景色不错，有趣好玩，性价比高，总体超赞，,/Date(1620482220000+0800)/,0
23781955,附近的盐水鹅不错体验很好，值得推荐，景色不错，有趣好玩，,/Date(1602201149000+0800)/,0
39158284,里面动物种类很多，也很可爱。下午宝宝睡着了，自驾区就没去了。关于投食，在园区买的胡萝卜却不给喂，必须要在所在点买才能喂该点的动物。这点很不好，又不是我自己自带的，都是园区里的。,/Date(1588724227000+0800)/,2
107376412,很漂亮的一个景点、小动物也很多，游乐场小朋友也超级喜爱,/Date(1620056283000+0800)/,0
28848694,怎么说那。实在有点拿不出手。石子路的停车场，瘦弱掉毛的骆驼。还超级远，周边的来玩玩就行了，真没必要专门跑过去玩。90年代的那种公园吧。,/Date(1610097622000+0800)/,0
3568940,国庆真的太堵了，1&#x20;0点出发堵到下午1点才进景区，建议大家8点半前到达，基本不堵而且动物愿意吃，迟一点基本都吃饱了。体验很好，有趣好玩，,/Date(1601975578000+0800)/,0
6283705,动物有点少，其他都挺好大。环境也很好，不错，就是有点远,/Date(1601567739000+0800)/,0
73404928,自驾区没啥意思，园区还不错，挺大,/Date(1602072848000+0800)/,1
15331624,驾车喂食动物体验感不错，感觉比常州的好玩。馆内游园就不及常州了，因为可能才刚开，园内有的动物还没入住，河马馆连个河马也没有，其他一般,/Date(1602036013000+0800)/,0
322302860,先说停车场，两个小时进不了停车场，就一个门可以进，导致自驾区进不去，只能去步行区，步行区人太多，小动物不是很多，性价比太低，小火车排队两个小时起步，好多设施也不太完善！真的不想再来第二次了！,/Date(1620042257000+0800)/,1
182373014,有趣好玩，景色不错，性价比高，,/Date(1619599492000+0800)/,1
5414278,大马戏不错，停车场太烂，基础设施不完善，小动物挺多,/Date(1602040709000+0800)/,0
3577339,趁着十一假期去玩了一次，动物太少了，不如淹城动物园,/Date(1601808074000+0800)/,0
220095618,体验很好，有趣好玩，值得推荐，,/Date(1595062202000+0800)/,1
114278964,值得一去景色不错，体验很好，值得推荐，有趣好玩，,/Date(1602150321000+0800)/,0
287384393,景色不错，里面还有马戏团。,/Date(1618650423000+0800)/,1
236467255,很适合小朋友。可以亲密接触,/Date(1601882538000+0800)/,1
42965115,很不错的地方就是可能去的天比较热动物都躲着太阳,/Date(1601562645000+0800)/,0
89958457,蛮好的&#x20;就是有点晒值得推荐，体验很好，有趣好玩，,/Date(1597114540000+0800)/,0
67902675,周六去了一趟，景区里餐厅不少但大多是卖盒饭套餐的，看了就没食欲，还好我们找到一家叫鹈鹕湾中式快餐厅的品种蛮多的，口味也不错,/Date(1572698635000+0800)/,2
190391279,总体来说，体验比较一般，场地不是很大，在一个不高的山窝窝旁边，要风景没风景，要玩的没什么玩的想要和小动物互动得重新买他们自己的东西，很贵，不实在，代步车一小时80不是很推荐，很多场馆都没开，里面的游乐设施宁外收费，节假日门票比平时贵一倍，我们两个人，门票320加代步车240一起花了560，试想一下560都可以去方特玩一圈了还有剩余的，关键钱花了啥也没玩到就很离谱，讲个笑话，动物园没老虎🐯&#x0A;【景色】&#x0A;【趣味】&#x0A;【性价比】,/Date(1635680864000+0800)/,2
43457873,景色不错，有趣好玩，总体超赞，性价比高，,/Date(1620568111000+0800)/,0
10739537,小朋友很喜欢，节假日高峰期间注意错峰出行,/Date(1620362650000+0800)/,0
281512849,有趣好玩，性价比高，景色不错，总体超赞，,/Date(1620131220000+0800)/,0
180258841,景色不错，有趣好玩，,/Date(1618928152000+0800)/,1
219115946,人很多啊&#x20;动物种类还行,/Date(1618749347000+0800)/,1
103045220,性价比高，总体超赞，,/Date(1618655357000+0800)/,1
235000072,非常好，人也不是太多,/Date(1618229318000+0800)/,1
54043212,有趣好玩，总体超赞，,/Date(1617772010000+0800)/,1
118335704,挺好玩的，孩子玩的也尽兴，看到了不少动物，园内干净整洁，玻璃栈道很高，大马戏很棒,/Date(1617663010000+0800)/,0
40964070,总体超赞，性价比高，有趣好玩，景色不错，,/Date(1617286603000+0800)/,0
245484668,景色不错，动物也多，可喂食，不让带滑板车,/Date(1616396307000+0800)/,0
32814301,有趣好玩，景色不错，性价比高，总体超赞，,/Date(1616245997000+0800)/,0
34743713,有电动车租&#x20;玩起来不累性价比高，景色不错，,/Date(1615723561000+0800)/,0
547845,景色不错，有趣好玩，性价比高，总体超赞，,/Date(1614141223000+0800)/,0
5728835,景色不错，有趣好玩，性价比高，总体超赞，,/Date(1613569139000+0800)/,0
113962914,景色不错，有趣好玩，性价比高，总体超赞，,/Date(1613198122000+0800)/,0
96169882,景色不错，有趣好玩，性价比高，总体超赞，,/Date(1609856881000+0800)/,0
268151202,有趣好玩，总体超赞，性价比高，景色不错，,/Date(1608382955000+0800)/,0
2408120,总体超赞，性价比高，有趣好玩，景色不错，,/Date(1607865320000+0800)/,0
52870775,景色不错，总体超赞，性价比高，有趣好玩，,/Date(1607236966000+0800)/,0
106411021,景色不错，总体超赞，性价比高，有趣好玩，,/Date(1607010002000+0800)/,0
111829325,景色不错，有趣好玩，性价比高，总体超赞，,/Date(1606289572000+0800)/,0
64191769,景色不错，有趣好玩，性价比高，总体超赞，,/Date(1604999754000+0800)/,0
5924237,景色不错，有趣好玩，性价比高，总体超赞，,/Date(1604274419000+0800)/,0
285288366,自驾游在车上喂动物的哪项里面的动物太少了没什么动物，收的这个门票不值这个开车喂动物的徒步去看动物的一般般而且里面的坑太多，话那么多钱买门票停车出来还是收费治其它城市的动物园车费都和门票一起在类这个金牛湖野生动物王国得收费门票还死贵还有好多坑，这里的属于一次消费没回头客整天一般般给差评也不好意思给非常满意又对不起自己的心所以给一般般评价。有待改进，性价比低，可玩性低，,/Date(1603558909000+0800)/,0
178309001,开车进去的地方还是比较小的，也就半小时结束，一条路线，动物有马、骆驼、鹿、羊驼等，种类不是很多，体验一般，车进场内150.步行区结束回去6小时左右又收了14块停车费，我感觉不合理，步行区设施也没齐全，老虎馆里面是猴子，尽然没老虎！猩猩馆里面就一个猩猩！还有几个馆里面是空的！！彩虹滑道，冰雪世界没开放！玻璃栈道尽然还另收每人20￥！动物表演，魔术表演，杂技表演还是很不错的，总结：票价及内消费不合理，动物园有待提升，目前可玩性低。题外话：39￥的红山动物园真香～,/Date(1602168780000+0800)/,0
108728182,体验很好，有趣好玩，景色不错，值得推荐，,/Date(1601961016000+0800)/,0
27348054,有趣好玩，值得推荐，景色不错，体验很好，,/Date(1601116742000+0800)/,0
33548876,值得推荐，体验很好，景色不错，有趣好玩，,/Date(1600047869000+0800)/,0
202865874,景色不错，值得推荐，体验很好，有趣好玩，,/Date(1599732160000+0800)/,0
111715215,有趣好玩，景色不错，体验很好，值得推荐，,/Date(1599636160000+0800)/,0
94907770,值得推荐，景色不错，有趣好玩，体验很好，,/Date(1599181695000+0800)/,0
275354691,湖很美，如果单纯看景色不错。可是动物园主要看动物，自驾游排队进园门等了40分钟，进去后照样排队近距离看动物，感觉是排着队等出园门。行人区一路光秃秃的，没有大树可以遮挡太阳，大热天的晒死人，晒得孩子热得路都不愿意走。比红山动物园好的，就是这大热天气味不是太大，蚊虫不是很多，也许是地理位置优越的原因。希望自驾游能得到改善，别让人多花150感觉很不值。行人区，绿化不说跟红山动物园一样，好歹也有在一个动物区到另一个动物区的过程中，有点树能遮挡毒辣的阳光,/Date(1599171245000+0800)/,0
12179987,值得推荐，体验很好，景色不错，有趣好玩，,/Date(1598849568000+0800)/,0
227536654,景色不错，值得推荐，体验很好，有趣好玩，,/Date(1598838146000+0800)/,0
274953583,体验很好，景色不错，值得推荐，有趣好玩，,/Date(1598816847000+0800)/,0
224175173,景色不错，体验很好，有趣好玩，值得推荐，,/Date(1598705055000+0800)/,0
49954896,体验很好，景色不错，值得推荐，有趣好玩，,/Date(1597627117000+0800)/,0
272381390,本来很开心的去看动物，刚开始做小火车可以自己喂动物，后来下雨玻璃栈道暂停营业可以理解，大马戏团竟然棚子漏水说里面不开，无语，看棕熊电梯又是坏的，各种坑，去租车遇到车子爆胎，有个专门弄电动车的老师傅，人还蛮好的呢，表扬他,/Date(1597069564000+0800)/,0
153704079,值得推荐，体验很好，景色不错，有趣好玩，,/Date(1596530451000+0800)/,0
258583890,很适合带小朋友过去玩,/Date(1596154585000+0800)/,1
16409563,景色不错，值得推荐，,/Date(1594378959000+0800)/,1
4873798,景色不错，有趣好玩，值得推荐，体验很好，,/Date(1592230268000+0800)/,0
36165526,非常好的一次旅游！感谢携程的预订服务！,/Date(1619690956000+0800)/,0
157365731,很不错，很适合游玩的动物园。值得推荐，,/Date(1601734034000+0800)/,0
80237727,动物们不怕人，趣味性比较好，值得推荐，,/Date(1601733582000+0800)/,0
101510280,还可以，性价比蛮高，里面的项目都要钱,/Date(1621053849000+0800)/,0
543505,很多动物冷天不出来，不错，天热了更好,/Date(1615989442000+0800)/,0
93663909,国庆假期去的，车辆比较多，停车很方便,/Date(1602317455000+0800)/,0
13158515,还可以.，就是人太多，开车自驾太贵了,/Date(1602048256000+0800)/,0
97748514,自驾区为了安全不让下车，有点小遗憾,/Date(1620382761000+0800)/,0
78389804,适合天气凉快的时候来玩，挺好玩的,/Date(1596340044000+0800)/,0
26999277,比刚开园多了许多动物，也好玩很多,/Date(1593425016000+0800)/,0
4154355,【趣味】自驾车还挺好玩的，推荐,/Date(1621379146000+0800)/,0
5078064,有趣好玩，景色不错，总体超赞，,/Date(1620207121000+0800)/,0
271362105,性价比高，景色不错，有趣好玩，,/Date(1620107793000+0800)/,0
22088449,一家三口玩的很开心，很值很推荐,/Date(1613312737000+0800)/,0
253255408,景色不错，有趣好玩，总体超赞，,/Date(1604806726000+0800)/,0
117662047,有趣好玩，景色不错，总体超赞，,/Date(1604580757000+0800)/,0
47635106,值得推荐，和动物在一起非常舒服,/Date(1602566312000+0800)/,0
676591,还可以吧，步行区比自驾区更好玩,/Date(1601813301000+0800)/,0
247015658,有趣好玩，值得推荐，体验很好，,/Date(1600856433000+0800)/,0
173211750,体验很好，值得推荐，有趣好玩，,/Date(1598799890000+0800)/,0
163215598,景色不错，值得推荐，体验很好，,/Date(1596633619000+0800)/,0
36799864,有趣好玩，景色不错，体验很好，,/Date(1596209708000+0800)/,0
84499079,玩还是不错的，卖胡萝卜的太坑了,/Date(1594395944000+0800)/,0
21004702,景色不错，体验很好，有趣好玩，,/Date(1590984744000+0800)/,0
2443793,没老虎没大象…两年没什么变化,/Date(1613314059000+0800)/,0
73624535,没有什么动物。建设当中没意思,/Date(1602424456000+0800)/,0
185182365,价格不便宜，随便玩玩花的钱可以去迪士尼了，很小的一个地方，也没什么动物，不太推荐，只不过老婆觉得能自驾喂动物还不错，收费项目太多,/Date(1600764952000+0800)/,1
55205126,景色不错，非常适合家庭游玩！,/Date(1600448165000+0800)/,0
74083,挺好的，小朋友喂食的很开心。,/Date(1598808007000+0800)/,0
9401292,还是很值得带孩子去玩一次的,/Date(1617950527000+0800)/,0
12881809,老人票如果再便宜些就更好了,/Date(1613397627000+0800)/,0
8283552,不错&#x20;孩子玩的开心&#x20;烧烤好地方,/Date(1608812830000+0800)/,0
88180774,自驾区域只能同行一次可惜了,/Date(1604643498000+0800)/,0
16610521,值得去玩，就是要开车去方便,/Date(1602399358000+0800)/,0
48960637,不错景色不错，总体超赞，,/Date(1620823991000+0800)/,0
87164408,票是贵了点，但是体验不差,/Date(1604843928000+0800)/,0
284314563,还不错，小宝贝玩的很开心,/Date(1603704706000+0800)/,0
28363224,动物比较少，总体上一般化,/Date(1602809464000+0800)/,0
117629945,去了很多次了，真不错。,/Date(1620789268000+0800)/,0
90486002,适合带总体超赞，孩子去,/Date(1620233284000+0800)/,0
87680534,位置有点远，不过很好玩,/Date(1614912414000+0800)/,0
26999277,比起去年刚建好，好很多,/Date(1602464485000+0800)/,0
95210497,景区还在开发中，玻璃栈道还要二次收费，没有明显收费提示，排到跟前了，那就买吧！！！！！上去也不值，音效都坏了！！！！！那我再去，还是算了吧！！,/Date(1601924554000+0800)/,0
109811810,挺好玩的，小孩很喜欢,/Date(1615124661000+0800)/,0
25379946,性价比高，有趣好玩，,/Date(1614476555000+0800)/,0
39806678,总体超赞，有趣好玩，,/Date(1614149485000+0800)/,0
97514137,不错，好玩，下次还去,/Date(1613616689000+0800)/,0
30601264,总体超赞，有趣好玩，,/Date(1613567248000+0800)/,0
28848694,就那样吧，感觉就有点90年代动物园的感觉，从停车场开始就很与时代脱轨。里面的动物就更是有点惨不忍睹了。有些还没看到。园长整体倒是蛮大的，溜达溜达到也不错。看动物嘛。。。。就那样了，,/Date(1613442780000+0800)/,0
55652519,景色不错，总体超赞，,/Date(1610457376000+0800)/,0
15417924,性价比高，总体超赞，,/Date(1609251287000+0800)/,0
60740468,还可以。宝宝们很喜欢,/Date(1609040536000+0800)/,0
231390910,性价比高，景色不错，,/Date(1608175806000+0800)/,0
250927296,走马观花，小鹿不错！,/Date(1605921513000+0800)/,0
81153871,景色不错，有趣好玩，,/Date(1603535288000+0800)/,0
107200290,体验很好，值得推荐，,/Date(1602249907000+0800)/,0
19788990,体验很好，有趣好玩，,/Date(1602181529000+0800)/,0
116506560,有趣好玩，值得推荐，,/Date(1602032166000+0800)/,0
220922898,值得推荐，有趣好玩，,/Date(1601739136000+0800)/,0
276964231,值得推荐，景色不错，,/Date(1601603636000+0800)/,0
279695606,值得推荐，有趣好玩，,/Date(1601482043000+0800)/,0
23481198,人太多，下午去比较好,/Date(1601350414000+0800)/,0
168669976,景色不错，值得推荐，,/Date(1601110708000+0800)/,0
60583533,体验很好，有趣好玩，,/Date(1599393043000+0800)/,0
3039655,有趣好玩，体验很好，,/Date(1598163286000+0800)/,0
185670722,值得推荐，体验很好，,/Date(1598162868000+0800)/,0
209223436,体验很好，有趣好玩，,/Date(1597801737000+0800)/,0
107017949,值得推荐，景色不错，,/Date(1597569937000+0800)/,0
88343679,景色不错，值得推荐，,/Date(1596645180000+0800)/,0
1982364,体验很好，值得推荐，,/Date(1592666073000+0800)/,0
13373035,体验很好，有趣好玩，,/Date(1591065891000+0800)/,0
160070672,动物园才开&#x20;位置比较偏&#x20;里面动物不是很全&#x20;老虎熊猫都没有&#x20;小火车也没有&#x20;唯一让小朋友很喜欢的是&#x20;可以免费喂羊 ,/Date(1600066443000+0800)/,0
11544351,第二次去了，比试营业时候好很多了。除了有点远其它几乎完美，租了电瓶车不累，园区整个也比较干净。,/Date(1575632121000+0800)/,0
20190647,总体一般吧！自驾区动物较少，而且动物都是瘦弱，可能下雨的原因，身上都是脏的。里面吃饭有点贵！,/Date(1592277831000+0800)/,0
10651837,景区内总体还行&#x20;很大&#x20;能玩很久，性价比很高。缺点是餐厅太多厕所太少&#x20;所有项目都要钱&#x20;管理人员不多。,/Date(1588514533000+0800)/,2
31563894,很方便，买票方便直接刷身份证，可以先去自驾出来后再刷身份证进步行园区,/Date(1587872021000+0800)/,3
4464124,带着孩子爸妈一起出游，因为有孩子觉得逛起来很累准备去租辆车。80块钱一个小时有点小贵了,/Date(1620437398000+0800)/,0
13151010,挺满意的，没有开车入园。选择电瓶车，租了两辆，开着也挺方便，想去哪，停好车就可以去了。,/Date(1601799745000+0800)/,0
60573179,下雨🌧️，有的项目并没有开放，玩得也不是很尽兴。不得不说，大马戏还是值得推荐的👍,/Date(1601850011000+0800)/,0
45606298,很多地方还没有完工就对外开放，比较失望。,/Date(1635783836000+0800)/,0
76778699,主要是带孩子去的，挺好的！尤其上小朋友与动物互动！除了离市区比较远，总体还不错！,/Date(1604987060000+0800)/,0
247297176,风景是真不错，有红山动物园做对比，这里还是很值得去的。还要再说一次，停车场太次。,/Date(1596611664000+0800)/,0
205227270,没有想象中的期待感。主要是想看羊驼的。结果就看到3个小羊驼。,/Date(1593930812000+0800)/,1
28848694,讲道理，就那样吧。周边应该是还没有开发好，停车场都是石子路面，有点***的怀旧感。公园里面动物到也不少，但是，质量。。。。。。骆驼毛都掉光了，瘦成排骨了。,/Date(1611899042000+0800)/,0
248489419,里面的食品太难吃，没有一个好吃的，等于买个门票里面所有项目都得自己花钱体验。,/Date(1620459149000+0800)/,0
1627053,动物品种太少，自带的食物在互动区也不给喂，只能买里面的喂，马戏表演还不错。,/Date(1618408162000+0800)/,0
25606075,五一假期人非常多，停车场全是石子路非常上轮胎，这点非常不好，其他还行不行,/Date(1596894853000+0800)/,0
85585961,景色一般，有待改进，性价比低，,/Date(1622851400000+0800)/,0
116348903,总的来说还不错，人特别多的时候，小火车等待时间长，自驾区容易造成拥堵。,/Date(1618715278000+0800)/,0
17788095,一般般，那个电瓶车，要等很久，还贵不建议去租用，其他方面也不是特别有趣,/Date(1595638321000+0800)/,0
218662886,国庆节去的，人太多太多太多，动物都不让与人接触太近，因为喂多了。。。,/Date(1605858332000+0800)/,0
65059832,驾车进景区是一个亮点，可以与小动物亲密接触，这是一个优点、亮点……,/Date(1620258568000+0800)/,0
116390383,总体不错，还不是很完善，开车子进去喂动物孩子很开心，马戏表演很好看,/Date(1587024124000+0800)/,2
40439350,下雨天去的，人少车少，还不错，就是长颈鹿下雨天不出来，马戏现在还没有，景区内好多还在建设，可以在等等去,/Date(1600224579000+0800)/,0
319186821,五一去玩人超多，唯一不方便就是园内厕所距离好远。自驾区很有趣,/Date(1619945069000+0800)/,0
8166976,还不错，挺好玩！里面的冰屋不错，虽然花钱，但是确实物超所值！,/Date(1578582016000+0800)/,2
111308553,小孩挺喜欢，需要改进的地方也有不少。,/Date(1619320647000+0800)/,1
231965016,景色不错，有趣好玩，值得推荐，体验不好，工作人员态度不行,/Date(1596097752000+0800)/,0
31416560,还行基本都是食草动物，带孩子值得去，光大人没什么意思。,/Date(1620239593000+0800)/,0
3692149,小动物可以和人零距离，孩子很开心。那个自驾区不建议去，自驾区和游览区是分开的，差不多20分钟就要转出来，但是等待入园超过了60分钟。,/Date(1602032165000+0800)/,0
28848694,讲道理，去的时候还是蛮期待的，真正到了以后还是蛮失望的。90年代乐园的水平吧。野生动物园里的动物看着就蛮可怜的。骆驼毛都掉光了，,/Date(1611212857000+0800)/,0
40069122,动物不多，游客也很少，空气非常好玩的，比较轻松。,/Date(1604318954000+0800)/,0
165311717,开车进去的，动物还是挺多的，总体上还是不错的吧,/Date(1606825395000+0800)/,0
186020988,非常不错的一次旅行，公园很大，设施都不错，但是自驾区太短了，里面很多收费项目，停车费也很高，自驾区除了能喂小动物没别的优点了,/Date(1604148509000+0800)/,0
88072492,五一假期去的，除了堵就是堵，自驾不划算感觉,/Date(1620176283000+0800)/,0
73455050,自驾意义不大，互动有限又很贵，步行区还不错,/Date(1607570627000+0800)/,0
76985966,景色不错，总体超赞，有趣好玩，性价比高，,/Date(1619920207000+0800)/,0
497399,人多排队时间长，动物少，不值得，车都没停，就直接出来了，浪费景色一般，有待改进，性价比低，可玩性低，，队伍排的很长很长。,/Date(1610115945000+0800)/,0
16494142,步行区的租电动车很人性化，就是价格不低,/Date(1603069797000+0800)/,0
18670749,还是不错的，就是天热，动物都在躲太阳。,/Date(1598183373000+0800)/,0
177262698,人比较多，动物还行吧，小孩子比较开心,/Date(1618101648000+0800)/,0
191954389,景色不错，小孩子还是比较喜欢的！,/Date(1603247536000+0800)/,0
265630606,总体还不错，孩子喂动物喂得很开心,/Date(1600269266000+0800)/,0
166316041,带小孩玩还还不错，玩的挺开心的,/Date(1603432057000+0800)/,0
9156283,太贵了&#x20;性价比不高&#x20;但互动性可以,/Date(1608192065000+0800)/,0
7897321,马戏表演节目不错。惊险刺激。,/Date(1604146262000+0800)/,0
215241380,适合带孩子去近距离看看小动物,/Date(1601166162000+0800)/,0
8877091,有点无聊&#x20;演员表扬倒是有趣,/Date(1601903347000+0800)/,0
187792872,总体感觉一般，没有看到长劲鹿，还好没驾车进去，要不然又多坑一两百，开车估计十分钟就出来了，性价比不高。,/Date(1618222745000+0800)/,0
4464547,环境不错，下次继续去。,/Date(1606182431000+0800)/,0
1812201,第一次去，适合小孩子,/Date(1614224035000+0800)/,0
25515994,购票方便&#x20;也比某团便宜,/Date(1609518801000+0800)/,0
4648084,体验很好，值得推荐，,/Date(1602168008000+0800)/,0
32502066,有趣好玩，景色不错，,/Date(1597019829000+0800)/,0
53204548,体验不佳，性价比低，景色一般，可玩性低，里面很多项目在维护！除了自驾喂小动物其他也没什么可玩的！！,/Date(1598216468000+0800)/,0
226317193,还可以&#x20;好多都没开&#x20;小朋友还是很开心的&#x20;里面吃的东西很少&#x20;自己带&#x20;马戏表演很好看&#x20;不能错过,/Date(1575521050000+0800)/,3
5924509,还不错，动物挺可爱的，卫生也比较好，还想再来的水平,/Date(1573359054000+0800)/,0
24941763,好好刚刚好好好好好好好刚刚好好好好好好好刚刚好好好好好好好刚刚好好好好好好好刚刚好好好好好好好刚刚好好好好好好好刚刚好好好好好好好刚刚好好好好好,/Date(1588840046000+0800)/,1
82394221,整个景区比较大，自驾区车子单独买票，区域不大，喂喂动物算是比较有趣，相比较200的自驾车票，勉勉强强能接受。重点是步行区域，整个一个感觉就是“吃香相当难看”的地方。一百多的门票，不知道算什么？又不是通票，整个乐园不是平坦地形，要想不累需租电瓶车80一小时，贵的离谱，且你停车的每一个游玩点（除去表演和极少的馆）样样要钱，何况它表演你不要指望免费，你要租车闲置产生的费用相当于给钱。最搞笑的一个破玻璃栈道，放那么远，车开上去多少时间不谈，还要花20元一个人，关键那个玻璃栈道是所走过所有乐园最差的，又短又low。整个乐园一趟下来四个小时要玩吧，电动车三四百就没了，加上门票，五六百，你还不能算任何一样消费的游玩点，也就是说你要稍稍轻松点玩，五六百你就去一个动物园看看动物，关键还是些普通动物，多了些互动而已，总而言之，绝对不会去第二次，当然了，按照他们乐园这种消费模式，也不指望你去第二次。总而言之，这个地方我给一分都是客气，抢钱。噢对了出门停车，烂泥石子地停车场也要收费，不过开恩了，十几块而已。附上那个可笑的玻璃栈道图片，图片就是玻璃栈道的全部。,/Date(1633612656000+0800)/,6
52267924,比较小&#x20;动物不咋多&#x20;遛娃瞎逛逛还可以&#x20;但是性价比不怎么高&#x20;指示牌不明确性价比低，,/Date(1596288080000+0800)/,0
6507481,门票和项目都要收钱，还不是一点点。性价比低，,/Date(1602183410000+0800)/,1
10588699,在自驾区自驾，总体来说是方便的，下次还是等天凉快，人少时再去吧！,/Date(1588639471000+0800)/,0
19027764,工作人员不够专业，停车场地太破了，全是石子居然还收费！自驾区没有单独的停车场，需要出来停外面的停车场然后再验票进门，不够人性化。自驾区出来后就不让进去了。多了好多准备好的投喂食物。园区很大，好多建设当中，没有动物的场馆也没有指示牌，本来就大是想走死人吗？希望越办越好。一定要租车！,/Date(1587896538000+0800)/,1
4919629,环境不错，有吃有玩！,/Date(1579416254000+0800)/,0
164205186,动物太少了，而且还比其他动物园贵。连大老虎，大象都没有。,/Date(1614070527000+0800)/,0
268556509,自驾游车99，好小，转下来，半小时不到就结束了可玩性低，,/Date(1595835196000+0800)/,0
90711872,可玩性低，景色一般，有待改进，景区动物是真的挺少的。,/Date(1620138293000+0800)/,0
191289980,好多地方好像都没搞好呢，想看的老虎和熊猫也没有。,/Date(1594083602000+0800)/,0
751145,可玩性低，景色一般，有待改进，性价比低，,/Date(1603950222000+0800)/,0
200301224,可玩性低，景色一般，性价比低，体验不佳，,/Date(1601826994000+0800)/,0
23071965,体验不佳，景色一般，可玩性低，性价比低，,/Date(1598169512000+0800)/,0
10524028,体验不佳，景色一般，性价比低，可玩性低，,/Date(1597493416000+0800)/,0
64412556,感觉一般，价格挺贵景色一般，性价比低，,/Date(1613673218000+0800)/,0
183479178,车多，自驾有点贵了，行程很短，动物太少,/Date(1610430183000+0800)/,0
3148383,性价比低，体验不佳，进出停车场排长队,/Date(1601705366000+0800)/,0
302618681,其他还可以，就是好多玩的都要收费的,/Date(1613710133000+0800)/,0
38466728,动物不算很多，票价在动物园里偏贵,/Date(1620451250000+0800)/,0
21119341,设施不完善，很多内容有宣传但停止,/Date(1598420391000+0800)/,0
15297145,一般般&#x20;在南京也不近，不如去常州的,/Date(1596977478000+0800)/,0
93363231,动物园很大，水母馆和萌宠很好玩。,/Date(1588774100000+0800)/,0
272808738,性价比低，体验不佳，景色一般，,/Date(1601934316000+0800)/,0
35572594,马戏不能看也收这么多门票钱 ,/Date(1597243383000+0800)/,0
246125749,一般般吧没有那么出乎意料,/Date(1619922142000+0800)/,0
82234090,自驾区太小，没什么看头。,/Date(1613973433000+0800)/,0
31944711,不考虑价格和路程的话的确挺好玩的，但是离市区太远，开车太累，又没有直达的车，在两市交界处了。而且价格太贵，平时价格比上海的还贵了，里面餐饮也是外面的三倍左右。总体来说不太值！去过一次不会去第二次系列！,/Date(1635230352000+0800)/,1
115150072,性价比低，有待改进，,/Date(1620259459000+0800)/,0
51059341,景色一般，性价比低，,/Date(1599892037000+0800)/,0
3453106,还没完全好，建议自驾区开车，排队坐小火车时间比较久。周末排了两个多小时。,/Date(1574696943000+0800)/,1
62025600,优点:动物确实有不少，孩子们比较喜欢，尤其是在自驾区时，开车进去后，动物们都围了过来，可以近距离看见动物！自己多带一些胡萝卜，切成长条状，喂动物们，孩子们都很兴奋！&#x0A;缺点:收费项目太多，步行区租车要80元每小时，有点贵，不租吧，园区太大，步行很累，尤其是孩子们肯定走不动，租吧，太贵了！！游乐场全是自费项目，就像大多数游乐场一样，收费标准略高一点；玻璃栈道也是收费，大人20元，小孩10块，按身高区分的；,/Date(1626481002000+0800)/,0
19850718,去野生动物园，肯定还是有车最方便啦～,/Date(1589102260000+0800)/,0
212329999,8月8号，周六去的。三个大人&#x20;，139一个人。性价比比较低。。。动物园，动物很少，没有大型动物，大象长颈鹿之类的都没有，唯一的特色就是小火车吧&#x20;但是没有啥，就是点驼羊，矮马。全园唯一的野生动物，恐怕也就那四只狮子，5匹狼了。。水母馆，玻璃栈道都是关门的，正在维修，游客也是极少，看不到几个人。没有看头，。游乐设施也是收费的，关键你收费吧，游乐设施还那么简陋。海盗船15一个人，很小。摩天轮非常小，还是30一人。旋转木马碰碰车，所有的设施都是收费的。有点坑啊。本来可以看的就没有啥，现在玩的还收费。真心不值139，39一个人差不多。而且也是及其偏僻，太远了。不建议去。,/Date(1596941786000+0800)/,1
19909229,一家三口自家，小孩高1m，马群过去，共计花了650，没在那吃午餐。先去自驾区看动物，不建议去看，浪费，一辆车99元，外面买了喂食的菜10元，建议自带胡萝卜菜啥的。没啥动物，马，羊驼，鸵鸟，鹿，10分钟就结束。出来停车，然后进景区，步行很难，租电瓶车80元每小时，肯定超1小时。里面不收费只有，水母馆，科技展，海狮表演，其他大部分都收费，平均20元。动物全部有喂食，收费哦。整体景观无特色。唯一一个印象深刻的，冰雪馆，跟科技展，里面都常见的国内动物标本。进门就是游乐设施，小孩玩的比较多，，不吃不喝，2人只玩最少600元。那么偏僻的地方。这价格太贵。,/Date(1594035171000+0800)/,5
172472505,值得推荐，体验很好，景色不错，有趣好玩，,/Date(1590822982000+0800)/,1
226072437,动物园除了远，没别的缺点了，挺好玩的啊,/Date(1574650447000+0800)/,1
90237077,一般般可玩的东西不太多还没装修好,/Date(1576845611000+0800)/,1
105339788,非常不错的选择，下次还会再买的,/Date(1588507820000+0800)/,1
68883846,今天是五一劳动节，入园的游客比较多，总体感觉还不错。特别是有小电瓶车🚗可以代步真不错。,/Date(1588333014000+0800)/,0
86385094,值得一去，就是餐饮品质太差,/Date(1572494164000+0800)/,1
2249515,刚开业，动物表演区需加强管理，比较混乱，指示牌的准确度不是太高，自驾游览区可以再增加些动物，另外，停车场设施希望可以尽快完善,/Date(1575274554000+0800)/,0
56197643,好好好好好好好好好好好好好好好好好好好,/Date(1572255347000+0800)/,0
265356752,景色不错，有趣好玩，体验很好，,/Date(1590827055000+0800)/,0
200830577,很好玩&#x20;喜欢,/Date(1589600874000+0800)/,1
329251906,极少评价，性价比极低。买了4包树叶带回来2包半……去了后悔呀，十一出游人比动物多，而且动物都在笼子里，开车进去喂养还需要把车停在坡上，人不能下车。路上也就一两只，都是些鹿、马，鸵鸟，骆驼…,/Date(1633781275000+0800)/,0
264534364,价格和现场价格一样，不优惠,/Date(1588506589000+0800)/,0
9420544,下午两点左右到达的园区，被告知自驾区停止开放，挺失望的，也不解释什么原因，无奈只能步行进入普通游览区，去过国内外一些野生动物园，总体感觉有待提升,/Date(1588413831000+0800)/,0
61283429,动物挺多&#x20;我是走马观花的,/Date(1581600616000+0800)/,0
68052811,除了大马戏还可以，其他的没多大意思，有的动物都没有，自驾区动物更少，长颈鹿也没有出来。里面租电动车80元&#x2F;小时，贵的一塌糊涂，碰巧下大雨，被困在小火车楼梯那，困了接近2小时没有工作人员管，只能自己跟保洁阿姨要的垃圾袋套在身上，勉强到停车场（停车场更烂，石子路，还要收费！），湿透了，体验糟透了，以后再也不去！也不建议朋友去！,/Date(1626439409000+0800)/,1
262676878,去的比较迟了没有饲料卖比较可惜，互动都挺好的也没话说，就是自驾出停车场太考验车技了，跟动物互动一小时，出停车场一小时，这两小时仿佛过了一生，在动物园快乐的活过，在停车场出口原地去世，下辈子再也不来了,/Date(1601635731000+0800)/,5
257350624,人少的时候还是值得一玩，不是一票通，游乐场需要另付费，玻璃栈道需要付费,/Date(1588335811000+0800)/,1
195480321,代步车80一小时，感觉性价比极低，动物园的感觉就像是在农村找块地放几个动物和几条鱼就当是动物园了，完全没有动物王国的感受，绿化和设施不健全，拿游客当小白鼠，最不推荐的亲子活动和假期行程地点之一，感觉不会再来第二次了,/Date(1633343040000+0800)/,0
51584218,自驾车一圈，没有什么动物，几只鹿，几只骆驼，斑马，其他就没有了，步行区域的小项目都是很低端的项目，每个项目都要收费，节假日排队严重。性价比低，自驾车进去，停车进入步行区，出来还要交10元停车费，进园出园，人均消费快500+,/Date(1619945163000+0800)/,0
66451133,五一假期期间去的，自驾游玩全程工作人员不停驱赶动物，完全没有和动物亲近的快乐，就是开车进去溜了一圈，整个动物园管理不到位,/Date(1589473411000+0800)/,1
243198488,停车场之类的还没有完善，内部设施尚可，动物不是特别齐全,/Date(1586961958000+0800)/,0
58799772,景区很一般，景区服务人员一个个跟大爷一样，态度差的要死，游玩项目基本都要额外单独花钱，每个项目都很贵。景区里面臭烘烘的，那么大一个露天场地，都不能把气味处理一下，也是服了。,/Date(1613648178000+0800)/,2
310135956,昨天是带着宝宝去的，宝宝17个多月，去了之后真的感觉很失望，130一张的门票当时也没感觉有什么，心想里面有小动物互动也很值，一进去马戏团那边有个游乐场，小宝宝哼唧哼唧要坐，我就去打算交钱了，说一人十元，交二十元，我说宝宝不能自己坐我抱着坐，依然要20，我觉得这个真的不能理解，其他地方全是十元，有的景区内的木马还甚至是免费的，动物确实是可以近距离的看到这个宝宝也是很喜欢，在下面就是步行区里面有个小动物互动的地方，兴高采烈的抱着宝宝大算进去看看，里面的工作人员说什么也不给进，说兔子会咬人，我说我们抱着进去，说实话作为父母怎么可能会眼着看危险还让孩子受伤呢，还有就是兔子会咬人这一点，难道其他的小朋友就不会被咬到吗，如果这块玩不了真的对于130的门票一点也不值！下次不会再去了,/Date(1621725971000+0800)/,0
248489419,园区动物太少，自驾游区域蛮好的,/Date(1576329483000+0800)/,0
237269715,有趣好玩，景色不错，,/Date(1590364072000+0800)/,0
239292577,买了自驾区的门票到现场被告知车里多少人就要买多少张动物园的门票，去过那么多动物园还是第一次碰到这种情况。我说我们不去人行区，门口工作人员态度恶劣的说不管去不去人行区都要买门票。还找了个工作人员故意挡在我车前，要把人行区的票先买了才让进。吃相太难看了，是没看到过钱吗？这种服务态度以后也不会去了。,/Date(1634552572000+0800)/,0
5861868,太坑了，全程在以步行速度行驶，景区光想着挣钱，一点都没有为游客着想，游玩感受极差,/Date(1633232017000+0800)/,2
303760204,前天刚去的&#x20;真的有够失望的！大熊猫没有&#x20;大象没有&#x20;老虎没有&#x20;蟒蛇也没有&#x20;河马也看到了一只小的&#x20;狮子都在睡觉&#x20;唯一看了一场大马戏&#x20;连景区里的水族馆都关门的&#x20;跑了200km路&#x20;150块钱的门票&#x20;加自驾区150&#x20;三个人花了600块&#x20;等于进公园走了一天&#x20;目前为止去过的最垃圾的动物园！没有之一！,/Date(1614376970000+0800)/,2
227761229,大部分景色还可以，最难接受的就是60公分小孩都要收费，哪怕你包涵进去也无所谓了。严重要求小孩不要收费。,/Date(1592633162000+0800)/,0
175521986,五一去的，堵堵堵堵堵，交警没什么用，傻傻站那边后面都堵了几公里了，不指挥。红绿灯和路设计的也真是奇葩，明知道是景点，还修2车道。堵了几个小时，心情全无。到了停车场还是那种沙子路，还收钱。规划做不好一味地坑人。里面也没什么玩的，不如，之前去的淹城野生动物园。上图心态崩了。,/Date(1588847391000+0800)/,3
69298591,总体感觉不咋地，小火车就搞那几辆，一等等一个多小时，去玩的请自备干粮，在那吃饭就是交智商税……量少，难吃，还***死贵……景色一般，性价比低，有待改进，,/Date(1618104647000+0800)/,1
93238465,很不值得去！！！99元自驾进去，每个人还要99元。巨坑！！！没有几个动物！！没有意思！！！不要去！！！！太垃圾了，千万不要去！！,/Date(1588581043000+0800)/,11
175215275,因为离得近，所以五一带娃尝试了一次，但是体验真的不好，可以用差形容。自驾车门票180，大人150，小孩70，这个可以接受，但是，自驾区能够亲密接触的动物实在不多，除了梅花鹿，就是鸵鸟，然后就没有然后了，看几眼牦牛等极少数的几个动物就出去了。但是居然停车还要另外收费？！这也忍了，重新从步行区大门进去后，所有的，对的，是所有的动物园区喂食都不能自带，必须买他的胡萝卜或者腥臭的小鱼。动物品种不丰富，还要这样急吼吼的挣钱，完全不在意游客体验也是醉了。大门票加自驾车已然不便宜，里面几乎所有项目都要收钱，几个表演也是差强人意，水分十足。去过类似的，可比的常州某项目，为了避嫌说我是故意贬低，或者是拖，我不说是哪家，真的体验相差太大。第一次不惜打这么多字如此吐槽……,/Date(1620051371000+0800)/,0
5078064,一半的场馆设施都没开放，哪里来的理由收全价票？？？,/Date(1632666019000+0800)/,1
38638531,奉劝各位不要来，太差劲了，宣传的特色项目，天空之镜，大马戏，水母馆等统统不开门，两个小时全部逛完，门票还不便宜，体验非常糟糕！,/Date(1632454136000+0800)/,1
5078064,那么多的暂未开放，你哪里来的自信收全价票？！,/Date(1632289397000+0800)/,1
12726047,太坑，动物没南京红山动物园多就不说了啊，我说说里面的电动车费用吧，进门带个孩子觉得累，租电动车把，没在意问下什么价格，主要没有醒目的价格标牌，服务员说20一小时，我耳朵听力很好，20一小时觉得还行吧，租一个吧，出门来个80一个小时，4个多小时360元把，比门票还贵，就算我听错了把，80一小时太黑了把。和大家说下进门租车的地方没有任何醒目的标价，出门还车了，那个收费标牌那叫一个大啊，生怕你看不到80一小时，你进门租车的地方为什么不弄醒目的标牌。这叫坑人，别告诉租车老板不知道，就是故意坑人。没有上海迪士尼的档次，收着高档次的钱，一句话，非常不地道，早晚凉凉。谁带个孩子2小时左右能出来，小孩吃个饭还半小时呢。赚钱归赚钱，没整这些不地道的。性价比低，景色一般，可玩性低，有待改进，,/Date(1608373674000+0800)/,3
210495879,想去尝个新鲜的一定要慎重，尤其是自驾区简直就是史上最坑……&#x20;&#x20;五一期间我老婆非要去，路上堵的要死，自驾也堵，还不让你停车，我擦！最要命的是自驾区没有厕所！！！所以，你只能憋着！！！！！体验简直太差了，远远远不如红山动物园。,/Date(1588993904000+0800)/,3
308287925,我十点钟在抢的时候居然说时间未到，搞笑了怀疑一下有没有票,/Date(1631844248000+0800)/,0
262226370,今天去，好多动物都没有，里面好多地方都还在装修，很多东西都没有看见，还有里面买的胡萝卜那些东西居然不让喂，不让喂卖什么我想知道。出来的时候全扔了，非常不好，位置非常偏僻,/Date(1600106902000+0800)/,0
6777553,简直就是垃圾了…上面短信提示就是包含一个人的票价的…结果到了景点还要在另加一张票…请问买了车票&#x20;人不开&#x20;车怎么进来&#x20;简直就是变态,/Date(1590897218000+0800)/,6
44347999,过节千万别去，早上车进不去，现在车一个小时都出不了停车场！！！！管理人员也无所谓，继续收停车费就一个口子出，不收费大家还能走快点。想钱想疯了,/Date(1613208950000+0800)/,1
48807673,带小孩去的，体验太差了，白花了150的车票，工作人员把动物圈着不让出来，不让停，还让你赶快走，跟上次去常州的动物园体验差太多了。性价比低，,/Date(1602149814000+0800)/,3
18452986,既然国庆期间知道人多，动物全被拦着不让出来被喂食，那还收取150元的自驾车费干嘛的？这不是明显坑人么？再也不会去，就在车上看动物被工作人员拿杆子拦着，可想而之游客的心情,/Date(1601946257000+0800)/,1
44309231,千万不要来，坑的一塌糊涂的地方，里面的游乐场每一样都是单独收费的。自驾游人车分开买票，转十几分钟就出来了。,/Date(1603434129000+0800)/,2
39110576,体验不佳，强烈建议国庆期间不要去自驾的那种&#x20;，工作人员怕大家喂动物什么的开的慢，每人拿个棍子赶动物，只要一靠近就撵，还有好多动物关在房子里不让出来😰，比之前去的动物少多了，就是一直催着赶紧往前开😰。特地开车就是为了动物能到车边上，孩子喂喂小动物的，结果很失望，工作人员态度很差的一直说赶紧往前开，很差的体验。,/Date(1602044225000+0800)/,1
152020735,性价比低，体验不佳，可玩性低，讲真的，自驾区如果不让与动物互动，真没什么可玩的！真不如步行区！！车还要票，相当于150块开车转了一圈又回来了，性价比太低了！不值！孩子都说没意思！在哪看动物不是看！坐在车里又不能互动，又离得老远，也不让动物靠近车子，还堵的要死！也没什么动物！不是羊，就是牛，要不骆驼鸵鸟，很差！不推荐！,/Date(1602033870000+0800)/,1
233133398,体验不佳，150门票的自驾区，排队2个小时，进入自驾区，保安一路往前赶，根本不让停喂动物！动物全都关在笼子里，只能看！偶尔有动物靠近，立马被工作人员赶走！体验感基本没有！景区只管卖票，也不限流，也不引流！150元花的真冤枉！花钱来堵车来了！等会去景区服务中心投诉！厕所也没有！也不让下车！离市区很远，真的不值得过来！,/Date(1601868269000+0800)/,1
1344860,设计不合理，从进去景区三公里马路开始堵，进入景区自驾排队也超过一小时，满地灰尘体验不佳，可玩性低，性价比低，景色一般，,/Date(1601164858000+0800)/,1
36344321,疫情给景区带来了灾难性的打击，现在已经一塌糊涂了，可惜了，，原来很好的地方,/Date(1632534612000+0800)/,1
287962102,周边没对手，必须好评！&#x0A;但是有多好不至于，入口服务人员让我不愉快，出来自驾区返回园区，我给她看门票，说我没登记。&#x0A;属于逃票，还质疑我品格，孩子在场没好意思怎么说。最后登记一下也让我进去了。&#x0A;我想说一句脏话，眼睛***瞎***啊，自驾区出来牌子上写了“凭自驾区门票可以入园”&#x0A;不要觉着自己看门的，就很有优越感，如果有规定不允许进去，我肯定也不会进。闹心。。。,/Date(1620977219000+0800)/,0
34987110,大是所望！刚看来评价，貌似平时的门票要偏宜些，国庆期间车票150元（开私家车进园区），成人139人，严重不值，比常州淹城差远了，平时的门票都觉得不值，没有下次。给一颗星都多了。跟其他游客聊聊都大呼上当！再说说动物，野生动物园的那个动物是野生动物，最稀有的也就长颈鹿了，而且个个动物像非洲灾民似的，亲们慎重选择！！！,/Date(1601648822000+0800)/,0
216814024,和朋友家庭一起自驾，朋友夫妻买的是69.9的票，我买的是139的票，结果都是一样的！一样看了表演！不知道这两种票价的区别是什么！如果139包含了大马戏，那大马戏现在不开放也不应该收这个钱！有种被骗的感觉！后面的朋友直接买六十多的票就可以！别跟我一样傻呼呼的买139的了！都一样！性价比低，,/Date(1599064704000+0800)/,0
205459975,景色一般，体验不佳，可玩性低，性价比低，&#x0A;首先，园内设计的非常不合理！好多楼梯，而且楼梯都没有可以给宝宝推车走的小坡道，所以每次去一个地方看小动物都要把车子抬来抬去的，楼梯还很陡，一不小心就会踉跄一下！去动物园基本上都是带小朋友去的，肯定会带手推车，这根本就设计的很垃圾！其次，有电梯的地方居然不开电梯，说是坏了，坏了为什么不及时修理好！&#x0A;景区吃饭，超级贵！而且品种少，巨难吃，冷饭冷菜！汽水没有汽！空调舍不得全开！吃个饭热的要死！&#x0A;停车场全是石子路。就不能整修整修吗？果然是野外！&#x0A;自驾区动物少的可怜，就羊驼，山羊，鸵鸟，斑马这些，一点意思都没有，车辆钱还要一百多！走得快的话十几分钟就结束了&#x0A;反正总的来说不值得！这种环境门票50块钱差不多了！什么样的环境配什么样的价格！环境好设施好，门票200都不嫌贵！&#x0A;里面玩的项目都要钱，什么都要钱，无语！&#x0A;反正不推荐大家去！太坑！,/Date(1597151019000+0800)/,0
272478233,很小，动物也少。进去一圈就出来再不能进去了，到步行区停车出来还要停车费10块钱。真是黑心商家...光一辆车要140块钱，大人单独买票，几分钟就结束了……为何还要收停车票体验不佳，可玩性低，性价比低，,/Date(1597045750000+0800)/,0
243184421,去的时候下雨了，玻璃栈道没走成，动物不多，就一个水母馆还挺好玩的，品种挺多的，要是想去看动物还不如去红山动物园，疫情期间好多地方都没开。,/Date(1590762563000+0800)/,1
307031720,143只是买了个进门票而已，进去基本啥游乐设施都要花钱，一点都不合理，一个字：坑！性价比太低！,/Date(1615691596000+0800)/,1
216814024,打了几个电话给我！各种理由各种借口！本来没那么生气，怪自己没看清多花一百多块钱无所谓的！老是这样各种理由狡辩可有意思！无语了！自己没表述清楚给人造成误导就有问题，还各种借口理由！越想越气！,/Date(1599203639000+0800)/,0
60906953,不值票价，动物品种少，车程短。还在建设中，体验感不佳。&#x0A;门口检票口的工作人员态度很好。,/Date(1616323885000+0800)/,1
30856430,交通不方便&#x20;虽然就在南京&#x20;但是从市区走一趟的时间也够去常州淹城了 &#x20;很多设施动物都没到位 ,/Date(1602058849000+0800)/,1
46094740,千万别来，自驾花150进来，动物全被工作人员看着，不是在圈里就是被围住，根本没有跑出来的。带的吃的根本喂不起来。进门排队排了快一小时，不推荐！,/Date(1601957809000+0800)/,2
80337124,景色一般，可玩性低，性价比低，143的票价，里面零零散散的，去过的最***的地方，出的时候堵了两个小时，停车场全是沙路很***。收费那么高，真的特别特别***。,/Date(1613210791000+0800)/,1
204099841,垃圾景区！进景区堵一个小时，出景区堵一个小时！没有人疏导，有人收停车费！,/Date(1613213104000+0800)/,1
152238312,真的不推荐去，好多都没开，所以还是有点小失望的！希望能多多开发吧！感觉小动物们都没怎么吃饱！,/Date(1601793741000+0800)/,0
119995995,比较坑，排了很久的队，动物就躺着也不出来，也不让下车喂，白瞎了一百多的车费和一百多的门票。,/Date(1619969434000+0800)/,0
213707939,差的不是一星半点，自驾区全程不能下车，自驾区与步行区设计不合理。总之是很差的一次体验。建议去淹城野生动物园。,/Date(1602042274000+0800)/,3
5372603,很显然投资方在景区规划管理很外行，基础设施建设也很差，进入景区的路和停车场都舍不得铺，自驾区和步行区相当于分别买了门票，玩一次成本太高而感受远差于长隆和淹城这些成熟景区,/Date(1598711177000+0800)/,0
41017016,非常不推荐自驾游，排队不说，里面没有什么动物，只能看到车，排队一小时十几分钟结束，游乐园里面的项目基本上都是收费的。而且没有向导牌，南京的同学们不如去春秋淹城动物园。,/Date(1598770936000+0800)/,0
265468827,详见前面的点评，金牛湖三大坑。体验不佳，景色一般，性价比低，可玩性低，,/Date(1599342735000+0800)/,0
115388007,坑，到处都是坑，体验感一般般,/Date(1621992747000+0800)/,0
44278918,內部标示不清楚，到处有障碍、行动不便的比较累,/Date(1600841104000+0800)/,1
41502278,非常坑，自驾绕一圈20分钟就出去了，没啥项目,/Date(1599978245000+0800)/,1
323368741,门票这么贵，孩子想看大象老虎都没有，停车场都是烂石子路，不好,/Date(1620022012000+0800)/,0
5426657,景区里服务较差，性价比及底！不建议去玩体验不佳，景色一般，性价比低，可玩性低，,/Date(1597905307000+0800)/,1
167773336,其他不说&#x20;停车场真渣&#x20;一个小时都不能动,/Date(1613208751000+0800)/,1
108763751,很不错的动物园，全毁在管理上，一塌糊涂。是不是第一次迎来出游季啊？什么应对预案都没有，堵车能堵六个小时，园区交通停车场混乱不堪。,/Date(1619966118000+0800)/,0
86847537,一个比较坑的地方，套路太深，,/Date(1617670192000+0800)/,1
199457096,离场时车辆管理和引导全无，出场出了一个小时，差评,/Date(1613293772000+0800)/,0
150615600,可能是五一，车太多，动物都被管理员圈起来，到不了路边，180的票价也就是开车在里面转一圈，动物没喂几个，油烧了不少，还堵心,/Date(1620044859000+0800)/,0
4913499,有待改进，c性价比低，可玩性低，景色一般，,/Date(1613474727000+0800)/,0
174241904,自驾游进入园区，出来还要收停车费，双重收费。景区内到处是收费项目，处处是坑。动物品种少之又少体验不佳，,/Date(1601898299000+0800)/,1
32062513,不适合自驾可玩性低，,/Date(1601905626000+0800)/,1
5312227,景色一般，体验不佳，性价比低，可玩性低，,/Date(1599403979000+0800)/,0
296065405,南京最差的动物园，里面东西少，还不好玩,/Date(1613595912000+0800)/,0
28601408,太差，没见过不提供开水的景点，大冬天的,/Date(1613360993000+0800)/,0
7991750,没什么动物&#x20;门票也不便宜&#x20;体验感非常不好,/Date(1601831066000+0800)/,0
91448654,体验不佳，可玩性低，景色一般，,/Date(1593148428000+0800)/,0
219959008,比较偏远&#x20;不好玩&#x20;带小孩去玩的话建议去小红山动物园&#x20;没几只动物&#x20;石子铺的路的破停车场还要收费&#x20;进门左拐几只水濑叫的蛮响&#x20;总之还是建设中&#x20;现阶段不建议去&#x20;作为携程钻石贵宾大家要相信我&#x20;太坑了,/Date(1586485385000+0800)/,3
51707733,感觉还没建好&#x20;体验差体验不佳，,/Date(1595065512000+0800)/,0
45939041,景色一般，可玩性低，性价比低，有待改进，不如三十元的动物园，连老虎都没有的动物园，能好到哪里去,/Date(1620052568000+0800)/,0
4808073,体验不佳，性价比低，景色一般，可玩性低，不会再来第二次,/Date(1601887598000+0800)/,2
95043878,不值得去 有待改进，可玩性低，性价比低，景色一般，,/Date(1603955748000+0800)/,2
72630654,很不好的体验，这么大的动物园连老虎、熊猫、大象都没有，羊、马、小猪、兔子倒是不少！不值！,/Date(1620553970000+0800)/,0
9282092,慎入！！10点多一点点就不让自驾车进了，竟然说满了，我勒个去，那你卖票干嘛呢，也不给排队非逼着走进去，租个电动车吧，我拿的号前面只有30人却等了2个多小时！！等我熬到拿到车，我晚去的朋友竟然又给自驾车进了！！动物吧没几个，全是常规的不能再常规的，就连红山都不如！反而这个野生动物园了还有过山车，高空秋千，竟然还有冰雪世界…大哥咱能不能专业点对得起这个野生自驾动物园的名字！！！先把主营搞好不行嘛！这硬件和管理真的是醉了，以前看评论还不信，这次要不是因为疫情不让出市也不会去，去了也不会再去了！全国带娃去过不少野生动物园，这是最垃圾的，在家躺着也不会再去第二次！,/Date(1588563576000+0800)/,6
8938368,价格高，动物少，小孩游乐场所有项目还要另外收费，实在是太差,/Date(1615695325000+0800)/,1
23395497,不会再来了，low到爆。设计极为不合理，设施极差。,/Date(1613440797000+0800)/,0
16571019,自驾入口的体验太差了，排队1.5个小时！设计的太差,/Date(1593142371000+0800)/,0
265564842,一塌糊涂，以后不会再去了,/Date(1614828810000+0800)/,1
112507845,服务太差，以后不回去了,/Date(1605420402000+0800)/,1
228818709,食堂很难吃！千万自己带吃的！又贵又难吃！,/Date(1605449943000+0800)/,0
45442505,没有意思，性价比差。,/Date(1593841458000+0800)/,1
274271957,可玩性低，有待改进，景色一般，,/Date(1621664683000+0800)/,0
155367276,差，没意思性价比低，,/Date(1620107136000+0800)/,0
42185893,堵到不行，各种交通管制！天热动物都不爱动！自驾区也不大.车挤车工作人员一直赶！步行区表演除了海狮.其它全关掉了！买票时候也没看到声明！哎！热爆烦躁的一次出行！,/Date(1588506170000+0800)/,1
48202492,下大雨&#x20;不给退票,/Date(1597015147000+0800)/,0
19090877,动物少，门票贵，猛兽都是圈养的，这也能叫野生动物园？！,/Date(1574927636000+0800)/,2
99659734,千万千万不要去...最后3公里堵一个小时&#x20;自驾区排队半个小时&#x20;自带食物不让喂食&#x20;停车场全是石子&#x20;工作人员也辛苦&#x20;动物也辛苦,/Date(1588553488000+0800)/,2
50763395,刚开业&#x20;很差&#x20;最多的动物是羊驼&#x20;宝宝看的很开心&#x20;凑合吧,/Date(1580520238000+0800)/,1
1835334,没有什么好玩的，动物太少了，管理水平太低，下次不会再去了,/Date(1590202918000+0800)/,0
88976858,整体规划不到位，其他不想细讲。打字也累。不建议这个价格，去这个地方,/Date(1588419864000+0800)/,2
2339490,管理水平太差了。村游乐场的管理水平。,/Date(1573279010000+0800)/,3
188717591,太差，还偏远，还不去去红山动物园,/Date(1573106634000+0800)/,3
874523,再也不想去了，车子排队1个半小时才进去。进去后每个动物旁边都有人看着动物，不让动物吃东西。,/Date(1588748193000+0800)/,0
